RISK_Covid19,42001,42003,42005,42007,42009,42011,42013,42015,42017,42019,42021,42025,42027,42029,42031,42033,42035,42037,42039,42041,42043,42045,42047,42049,42051,42055,42057,42059,42061,42063,42065,42069,42071,42073,42075,42077,42079,42081,42083,42085,42087,42089,42091,42093,42095,42097,42101,42105,42107,42111,42115,42117,42119,42121,42123,42125,42127,42129,42131,42133
ID,2244,2245,2246,2247,2248,2249,2250,2251,2252,2253,2254,2256,2257,2258,2259,2260,2261,2262,2263,2264,2265,2266,2267,2268,2269,2271,2272,2273,2274,2275,2276,2278,2279,2280,2281,2282,2283,2284,2285,2286,2287,2288,2289,2290,2291,2292,2294,2296,2297,2299,2301,2302,2303,2304,2305,2306,2307,2308,2309,2310
FIPS,42001,42003,42005,42007,42009,42011,42013,42015,42017,42019,42021,42025,42027,42029,42031,42033,42035,42037,42039,42041,42043,42045,42047,42049,42051,42055,42057,42059,42061,42063,42065,42069,42071,42073,42075,42077,42079,42081,42083,42085,42087,42089,42091,42093,42095,42097,42101,42105,42107,42111,42115,42117,42119,42121,42123,42125,42127,42129,42131,42133
State,PA,PA,PA,PA,PA,PA,PA,PA,PA,PA,PA,PA,PA,PA,PA,PA,PA,PA,PA,PA,PA,PA,PA,PA,PA,PA,PA,PA,PA,PA,PA,PA,PA,PA,PA,PA,PA,PA,PA,PA,PA,PA,PA,PA,PA,PA,PA,PA,PA,PA,PA,PA,PA,PA,PA,PA,PA,PA,PA,PA
County,Adams County,Allegheny County,Armstrong County,Beaver County,Bedford County,Berks County,Blair County,Bradford County,Bucks County,Butler County,Cambria County,Carbon County,Centre County,Chester County,Clarion County,Clearfield County,Clinton County,Columbia County,Crawford County,Cumberland County,Dauphin County,Delaware County,Elk County,Erie County,Fayette County,Franklin County,Fulton County,Greene County,Huntingdon County,Indiana County,Jefferson County,Lackawanna County,Lancaster County,Lawrence County,Lebanon County,Lehigh County,Luzerne County,Lycoming County,McKean County,Mercer County,Mifflin County,Monroe County,Montgomery County,Montour County,Northampton County,Northumberland County,Philadelphia County,Potter County,Schuylkill County,Somerset County,Susquehanna County,Tioga County,Union County,Venango County,Warren County,Washington County,Wayne County,Westmoreland County,Wyoming County,York County
Full,"Adams County, PA","Allegheny County, PA","Armstrong County, PA","Beaver County, PA","Bedford County, PA","Berks County, PA","Blair County, PA","Bradford County, PA","Bucks County, PA","Butler County, PA","Cambria County, PA","Carbon County, PA","Centre County, PA","Chester County, PA","Clarion County, PA","Clearfield County, PA","Clinton County, PA","Columbia County, PA","Crawford County, PA","Cumberland County, PA","Dauphin County, PA","Delaware County, PA","Elk County, PA","Erie County, PA","Fayette County, PA","Franklin County, PA","Fulton County, PA","Greene County, PA","Huntingdon County, PA","Indiana County, PA","Jefferson County, PA","Lackawanna County, PA","Lancaster County, PA","Lawrence County, PA","Lebanon County, PA","Lehigh County, PA","Luzerne County, PA","Lycoming County, PA","McKean County, PA","Mercer County, PA","Mifflin County, PA","Monroe County, PA","Montgomery County, PA","Montour County, PA","Northampton County, PA","Northumberland County, PA","Philadelphia County, PA","Potter County, PA","Schuylkill County, PA","Somerset County, PA","Susquehanna County, PA","Tioga County, PA","Union County, PA","Venango County, PA","Warren County, PA","Washington County, PA","Wayne County, PA","Westmoreland County, PA","Wyoming County, PA","York County, PA"
01/01/2020,0,0,0,0,0,0,0,0,0,0,0,0,0,0,0,0,0,0,0,0,0,0,0,0,0,0,0,0,0,0,0,0,0,0,0,0,0,0,0,0,0,0,0,0,0,0,0,0,0,0,0,0,0,0,0,0,0,0,0,0
01/02/2020,0,0,0,0,0,0,0,0,0,0,0,0,0,0,0,0,0,0,0,0,0,0,0,0,0,0,0,0,0,0,0,0,0,0,0,0,0,0,0,0,0,0,0,0,0,0,0,0,0,0,0,0,0,0,0,0,0,0,0,0
01/03/2020,0,0,0,0,0,0,0,0,0,0,0,0,0,0,0,0,0,0,0,0,0,0,0,0,0,0,0,0,0,0,0,0,0,0,0,0,0,0,0,0,0,0,0,0,0,0,0,0,0,0,0,0,0,0,0,0,0,0,0,0
01/04/2020,0,0,0,0,0,0,0,0,0,0,0,0,0,0,0,0,0,0,0,0,0,0,0,0,0,0,0,0,0,0,0,0,0,0,0,0,0,0,0,0,0,0,0,0,0,0,0,0,0,0,0,0,0,0,0,0,0,0,0,0
01/05/2020,0,0,0,0,0,0,0,0,0,0,0,0,0,0,0,0,0,0,0,0,0,0,0,0,0,0,0,0,0,0,0,0,0,0,0,0,0,0,0,0,0,0,0,0,0,0,0,0,0,0,0,0,0,0,0,0,0,0,0,0
01/06/2020,0,0,0,0,0,0,0,0,0,0,0,0,0,0,0,0,0,0,0,0,0,0,0,0,0,0,0,0,0,0,0,0,0,0,0,0,0,0,0,0,0,0,0,0,0,0,0,0,0,0,0,0,0,0,0,0,0,0,0,0
01/07/2020,0,0,0,0,0,0,0,0,0,0,0,0,0,0,0,0,0,0,0,0,0,0,0,0,0,0,0,0,0,0,0,0,0,0,0,0,0,0,0,0,0,0,0,0,0,0,0,0,0,0,0,0,0,0,0,0,0,0,0,0
01/08/2020,0,0,0,0,0,0,0,0,0,0,0,0,0,0,0,0,0,0,0,0,0,0,0,0,0,0,0,0,0,0,0,0,0,0,0,0,0,0,0,0,0,0,0,0,0,0,0,0,0,0,0,0,0,0,0,0,0,0,0,0
01/09/2020,0,0,0,0,0,0,0,0,0,0,0,0,0,0,0,0,0,0,0,0,0,0,0,0,0,0,0,0,0,0,0,0,0,0,0,0,0,0,0,0,0,0,0,0,0,0,0,0,0,0,0,0,0,0,0,0,0,0,0,0
01/10/2020,0,0,0,0,0,0,0,0,0,0,0,0,0,0,0,0,0,0,0,0,0,0,0,0,0,0,0,0,0,0,0,0,0,0,0,0,0,0,0,0,0,0,0,0,0,0,0,0,0,0,0,0,0,0,0,0,0,0,0,0
01/11/2020,0,0,0,0,0,0,0,0,0,0,0,0,0,0,0,0,0,0,0,0,0,0,0,0,0,0,0,0,0,0,0,0,0,0,0,0,0,0,0,0,0,0,0,0,0,0,0,0,0,0,0,0,0,0,0,0,0,0,0,0
01/12/2020,0,0,0,0,0,0,0,0,0,0,0,0,0,0,0,0,0,0,0,0,0,0,0,0,0,0,0,0,0,0,0,0,0,0,0,0,0,0,0,0,0,0,0,0,0,0,0,0,0,0,0,0,0,0,0,0,0,0,0,0
01/13/2020,0,0,0,0,0,0,0,0,0,0,0,0,0,0,0,0,0,0,0,0,0,0,0,0,0,0,0,0,0,0,0,0,0,0,0,0,0,0,0,0,0,0,0,0,0,0,0,0,0,0,0,0,0,0,0,0,0,0,0,0
01/14/2020,0,0,0,0,0,0,0,0,0,0,0,0,0,0,0,0,0,0,0,0,0,0,0,0,0,0,0,0,0,0,0,0,0,0,0,0,0,0,0,0,0,0,0,0,0,0,0,0,0,0,0,0,0,0,0,0,0,0,0,0
01/15/2020,0,0,0,0,0,0,0,0,0,0,0,0,0,0,0,0,0,0,0,0,0,0,0,0,0,0,0,0,0,0,0,0,0,0,0,0,0,0,0,0,0,0,0,0,0,0,0,0,0,0,0,0,0,0,0,0,0,0,0,0
01/16/2020,0,0,0,0,0,0,0,0,0,0,0,0,0,0,0,0,0,0,0,0,0,0,0,0,0,0,0,0,0,0,0,0,0,0,0,0,0,0,0,0,0,0,0,0,0,0,0,0,0,0,0,0,0,0,0,0,0,0,0,0
01/17/2020,0,0,0,0,0,0,0,0,0,0,0,0,0,0,0,0,0,0,0,0,0,0,0,0,0,0,0,0,0,0,0,0,0,0,0,0,0,0,0,0,0,0,0,0,0,0,0,0,0,0,0,0,0,0,0,0,0,0,0,0
01/18/2020,0,0,0,0,0,0,0,0,0,0,0,0,0,0,0,0,0,0,0,0,0,0,0,0,0,0,0,0,0,0,0,0,0,0,0,0,0,0,0,0,0,0,0,0,0,0,0,0,0,0,0,0,0,0,0,0,0,0,0,0
01/19/2020,0,0,0,0,0,0,0,0,0,0,0,0,0,0,0,0,0,0,0,0,0,0,0,0,0,0,0,0,0,0,0,0,0,0,0,0,0,0,0,0,0,0,0,0,0,0,0,0,0,0,0,0,0,0,0,0,0,0,0,0
01/20/2020,0,0,0,0,0,0,0,0,0,0,0,0,0,0,0,0,0,0,0,0,0,0,0,0,0,0,0,0,0,0,0,0,0,0,0,0,0,0,0,0,0,0,0,0,0,0,0,0,0,0,0,0,0,0,0,0,0,0,0,0
01/21/2020,0,0,0,0,0,0,0,0,0,0,0,0,0,0,0,0,0,0,0,0,0,0,0,0,0,0,0,0,0,0,0,0,0,0,0,0,0,0,0,0,0,0,0,0,0,0,0,0,0,0,0,0,0,0,0,0,0,0,0,0
01/22/2020,0,0,0,0,0,0,0,0,0,0,0,0,0,0,0,0,0,0,0,0,0,0,0,0,0,0,0,0,0,0,0,0,0,0,0,0,0,0,0,0,0,0,0,0,0,0,0,0,0,0,0,0,0,0,0,0,0,0,0,0
01/23/2020,0,0,0,0,0,0,0,0,0,0,0,0,0,0,0,0,0,0,0,0,0,0,0,0,0,0,0,0,0,0,0,0,0,0,0,0,0,0,0,0,0,0,0,0,0,0,0,0,0,0,0,0,0,0,0,0,0,0,0,0
01/24/2020,0,0,0,0,0,0,0,0,0,0,0,0,0,0,0,0,0,0,0,0,0,0,0,0,0,0,0,0,0,0,0,0,0,0,0,0,0,0,0,0,0,0,0,0,0,0,0,0,0,0,0,0,0,0,0,0,0,0,0,0
01/25/2020,0,0,0,0,0,0,0,0,0,0,0,0,0,0,0,0,0,0,0,0,0,0,0,0,0,0,0,0,0,0,0,0,0,0,0,0,0,0,0,0,0,0,0,0,0,0,0,0,0,0,0,0,0,0,0,0,0,0,0,0
01/26/2020,0,0,0,0,0,0,0,0,0,0,0,0,0,0,0,0,0,0,0,0,0,0,0,0,0,0,0,0,0,0,0,0,0,0,0,0,0,0,0,0,0,0,0,0,0,0,0,0,0,0,0,0,0,0,0,0,0,0,0,0
01/27/2020,0,0,0,0,0,0,0,0,0,0,0,0,0,0,0,0,0,0,0,0,0,0,0,0,0,0,0,0,0,0,0,0,0,0,0,0,0,0,0,0,0,0,0,0,0,0,0,0,0,0,0,0,0,0,0,0,0,0,0,0
01/28/2020,0,0,0,0,0,0,0,0,0,0,0,0,0,0,0,0,0,0,0,0,0,0,0,0,0,0,0,0,0,0,0,0,0,0,0,0,0,0,0,0,0,0,0,0,0,0,0,0,0,0,0,0,0,0,0,0,0,0,0,0
01/29/2020,0,0,0,0,0,0,0,0,0,0,0,0,0,0,0,0,0,0,0,0,0,0,0,0,0,0,0,0,0,0,0,0,0,0,0,0,0,0,0,0,0,0,0,0,0,0,0,0,0,0,0,0,0,0,0,0,0,0,0,0
01/30/2020,0,0,0,0,0,0,0,0,0,0,0,0,0,0,0,0,0,0,0,0,0,0,0,0,0,0,0,0,0,0,0,0,0,0,0,0,0,0,0,0,0,0,0,0,0,0,0,0,0,0,0,0,0,0,0,0,0,0,0,0
01/31/2020,0,0,0,0,0,0,0,0,0,0,0,0,0,0,0,0,0,0,0,0,0,0,0,0,0,0,0,0,0,0,0,0,0,0,0,0,0,0,0,0,0,0,0,0,0,0,0,0,0,0,0,0,0,0,0,0,0,0,0,0
02/01/2020,0,0,0,0,0,0,0,0,0,0,0,0,0,0,0,0,0,0,0,0,0,0,0,0,0,0,0,0,0,0,0,0,0,0,0,0,0,0,0,0,0,0,0,0,0,0,0,0,0,0,0,0,0,0,0,0,0,0,0,0
02/02/2020,0,0,0,0,0,0,0,0,0,0,0,0,0,0,0,0,0,0,0,0,0,0,0,0,0,0,0,0,0,0,0,0,0,0,0,0,0,0,0,0,0,0,0,0,0,0,0,0,0,0,0,0,0,0,0,0,0,0,0,0
02/03/2020,0,0,0,0,0,0,0,0,0,0,0,0,0,0,0,0,0,0,0,0,0,0,0,0,0,0,0,0,0,0,0,0,0,0,0,0,0,0,0,0,0,0,0,0,0,0,0,0,0,0,0,0,0,0,0,0,0,0,0,0
02/04/2020,0,0,0,0,0,0,0,0,0,0,0,0,0,0,0,0,0,0,0,0,0,0,0,0,0,0,0,0,0,0,0,0,0,0,0,0,0,0,0,0,0,0,0,0,0,0,0,0,0,0,0,0,0,0,0,0,0,0,0,0
02/05/2020,0,0,0,0,0,0,0,0,0,0,0,0,0,0,0,0,0,0,0,0,0,0,0,0,0,0,0,0,0,0,0,0,0,0,0,0,0,0,0,0,0,0,0,0,0,0,0,0,0,0,0,0,0,0,0,0,0,0,0,0
02/06/2020,0,0,0,0,0,0,0,0,0,0,0,0,0,0,0,0,0,0,0,0,0,0,0,0,0,0,0,0,0,0,0,0,0,0,0,0,0,0,0,0,0,0,0,0,0,0,0,0,0,0,0,0,0,0,0,0,0,0,0,0
02/07/2020,0,0,0,0,0,0,0,0,0,0,0,0,0,0,0,0,0,0,0,0,0,0,0,0,0,0,0,0,0,0,0,0,0,0,0,0,0,0,0,0,0,0,0,0,0,0,0,0,0,0,0,0,0,0,0,0,0,0,0,0
02/08/2020,0,0,0,0,0,0,0,0,0,0,0,0,0,0,0,0,0,0,0,0,0,0,0,0,0,0,0,0,0,0,0,0,0,0,0,0,0,0,0,0,0,0,0,0,0,0,0,0,0,0,0,0,0,0,0,0,0,0,0,0
02/09/2020,0,0,0,0,0,0,0,0,0,0,0,0,0,0,0,0,0,0,0,0,0,0,0,0,0,0,0,0,0,0,0,0,0,0,0,0,0,0,0,0,0,0,0,0,0,0,0,0,0,0,0,0,0,0,0,0,0,0,0,0
02/10/2020,0,0,0,0,0,0,0,0,0,0,0,0,0,0,0,0,0,0,0,0,0,0,0,0,0,0,0,0,0,0,0,0,0,0,0,0,0,0,0,0,0,0,0,0,0,0,0,0,0,0,0,0,0,0,0,0,0,0,0,0
02/11/2020,0,0,0,0,0,0,0,0,0,0,0,0,0,0,0,0,0,0,0,0,0,0,0,0,0,0,0,0,0,0,0,0,0,0,0,0,0,0,0,0,0,0,0,0,0,0,0,0,0,0,0,0,0,0,0,0,0,0,0,0
02/12/2020,0,0,0,0,0,0,0,0,0,0,0,0,0,0,0,0,0,0,0,0,0,0,0,0,0,0,0,0,0,0,0,0,0,0,0,0,0,0,0,0,0,0,0,0,0,0,0,0,0,0,0,0,0,0,0,0,0,0,0,0
02/13/2020,0,0,0,0,0,0,0,0,0,0,0,0,0,0,0,0,0,0,0,0,0,0,0,0,0,0,0,0,0,0,0,0,0,0,0,0,0,0,0,0,0,0,0,0,0,0,0,0,0,0,0,0,0,0,0,0,0,0,0,0
02/14/2020,0,0,0,0,0,0,0,0,0,0,0,0,0,0,0,0,0,0,0,0,0,0,0,0,0,0,0,0,0,0,0,0,0,0,0,0,0,0,0,0,0,0,0,0,0,0,0,0,0,0,0,0,0,0,0,0,0,0,0,0
02/15/2020,0,0,0,0,0,0,0,0,0,0,0,0,0,0,0,0,0,0,0,0,0,0,0,0,0,0,0,0,0,0,0,0,0,0,0,0,0,0,0,0,0,0,0,0,0,0,0,0,0,0,0,0,0,0,0,0,0,0,0,0
02/16/2020,0,0,0,0,0,0,0,0,0,0,0,0,0,0,0,0,0,0,0,0,0,0,0,0,0,0,0,0,0,0,0,0,0,0,0,0,0,0,0,0,0,0,0,0,0,0,0,0,0,0,0,0,0,0,0,0,0,0,0,0
02/17/2020,0,0,0,0,0,0,0,0,0,0,0,0,0,0,0,0,0,0,0,0,0,0,0,0,0,0,0,0,0,0,0,0,0,0,0,0,0,0,0,0,0,0,0,0,0,0,0,0,0,0,0,0,0,0,0,0,0,0,0,0
02/18/2020,0,0,0,0,0,0,0,0,0,0,0,0,0,0,0,0,0,0,0,0,0,0,0,0,0,0,0,0,0,0,0,0,0,0,0,0,0,0,0,0,0,0,0,0,0,0,0,0,0,0,0,0,0,0,0,0,0,0,0,0
02/19/2020,0,0,0,0,0,0,0,0,0,0,0,0,0,0,0,0,0,0,0,0,0,0,0,0,0,0,0,0,0,0,0,0,0,0,0,0,0,0,0,0,0,0,0,0,0,0,0,0,0,0,0,0,0,0,0,0,0,0,0,0
02/20/2020,0,0,0,0,0,0,0,0,0,0,0,0,0,0,0,0,0,0,0,0,0,0,0,0,0,0,0,0,0,0,0,0,0,0,0,0,0,0,0,0,0,0,0,0,0,0,0,0,0,0,0,0,0,0,0,0,0,0,0,0
02/21/2020,0,0,0,0,0,0,0,0,0,0,0,0,0,0,0,0,0,0,0,0,0,0,0,0,0,0,0,0,0,0,0,0,0,0,0,0,0,0,0,0,0,0,0,0,0,0,0,0,0,0,0,0,0,0,0,0,0,0,0,0
02/22/2020,0,0,0,0,0,0,0,0,0,0,0,0,0,0,0,0,0,0,0,0,0,0,0,0,0,0,0,0,0,0,0,0,0,0,0,0,0,0,0,0,0,0,0,0,0,0,0,0,0,0,0,0,0,0,0,0,0,0,0,0
02/23/2020,0,0,0,0,0,0,0,0,0,0,0,0,0,0,0,0,0,0,0,0,0,0,0,0,0,0,0,0,0,0,0,0,0,0,0,0,0,0,0,0,0,0,0,0,0,0,0,0,0,0,0,0,0,0,0,0,0,0,0,0
02/24/2020,0,0,0,0,0,0,0,0,0,0,0,0,0,0,0,0,0,0,0,0,0,0,0,0,0,0,0,0,0,0,0,0,0,0,0,0,0,0,0,0,0,0,0,0,0,0,0,0,0,0,0,0,0,0,0,0,0,0,0,0
02/25/2020,0,0,0,0,0,0,0,0,0,0,0,0,0,0,0,0,0,0,0,0,0,0,0,0,0,0,0,0,0,0,0,0,0,0,0,0,0,0,0,0,0,0,0,0,0,0,0,0,0,0,0,0,0,0,0,0,0,0,0,0
02/26/2020,0,0,0,0,0,0,0,0,0,0,0,0,0,0,0,0,0,0,0,0,0,0,0,0,0,0,0,0,0,0,0,0,0,0,0,0,0,0,0,0,0,0,0,0,0,0,0,0,0,0,0,0,0,0,0,0,0,0,0,0
02/27/2020,0,0,0,0,0,0,0,0,0,0,0,0,0,0,0,0,0,0,0,0,0,0,0,0,0,0,0,0,0,0,0,0,0,0,0,0,0,0,0,0,0,0,0,0,0,0,0,0,0,0,0,0,0,0,0,0,0,0,0,0
02/28/2020,0,0,0,0,0,0,0,0,0,0,0,0,0,0,0,0,0,0,0,0,0,0,0,0,0,0,0,0,0,0,0,0,0,0,0,0,0,0,0,0,0,0,0,0,0,0,0,0,0,0,0,0,0,0,0,0,0,0,0,0
02/29/2020,0,0,0,0,0,0,0,0,0,0,0,0,0,0,0,0,0,0,0,0,0,0,0,0,0,0,0,0,0,0,0,0,0,0,0,0,0,0,0,0,0,0,0,0,0,0,0,0,0,0,0,0,0,0,0,0,0,0,0,0
03/01/2020,0,0,0,0,0,0,0,0,0,0,0,0,0,0,0,0,0,0,0,0,0,0,0,0,0,0,0,0,0,0,0,0,0,0,0,0,0,0,0,0,0,0,0,0,0,0,0,0,0,0,0,0,0,0,0,0,0,0,0,0
03/02/2020,0,0,0,0,0,0,0,0,0,0,0,0,0,0,0,0,0,0,0,0,0,0,0,0,0,0,0,0,0,0,0,0,0,0,0,0,0,0,0,0,0,0,0,0,0,0,0,0,0,0,0,0,0,0,0,0,0,0,0,0
03/03/2020,0,0,0,0,0,0,0,0,0,0,0,0,0,0,0,0,0,0,0,0,0,0,0,0,0,0,0,0,0,0,0,0,0,0,0,0,0,0,0,0,0,0,0,0,0,0,0,0,0,0,0,0,0,0,0,0,0,0,0,0
03/04/2020,0,0,0,0,0,0,0,0,0,0,0,0,0,0,0,0,0,0,0,0,0,0,0,0,0,0,0,0,0,0,0,0,0,0,0,0,0,0,0,0,0,0,0,0,0,0,0,0,0,0,0,0,0,0,0,0,0,0,0,0
03/05/2020,0,0,0,0,0,0,0,0,0,0,0,0,0,0,0,0,0,0,0,0,0,0,0,0,0,0,0,0,0,0,0,0,0,0,0,0,0,0,0,0,0,0,0,0,0,0,0,0,0,0,0,0,0,0,0,0,0,0,0,0
03/06/2020,0,0,0,0,0,0,0,0,0,0,0,0,0,0,0,0,0,0,0,0,0,0,0,0,0,0,0,0,0,0,0,0,0,0,0,0,0,0,0,0,0,0,0,0,0,0,0,0,0,0,0,0,0,0,0,0,0,0,0,0
03/07/2020,0,0,0,0,0,0,0,0,0,0,0,0,0,0,0,0,0,0,0,0,0,0,0,0,0,0,0,0,0,0,0,0,0,0,0,0,0,0,0,0,0,0,0,0,0,0,0,0,0,0,0,0,0,0,0,0,0,0,0,0
03/08/2020,0,0,0,0,0,0,0,0,0,0,0,0,0,0,0,0,0,0,0,0,0,0,0,0,0,0,0,0,0,0,0,0,0,0,0,0,0,0,0,0,0,0,0,0,0,0,0,0,0,0,0,0,0,0,0,0,0,0,0,0
03/09/2020,0,0,0,0,0,0,0,0,0,0,0,0,0,0,0,0,0,0,0,0,0,0,0,0,0,0,0,0,0,0,0,0,0,0,0,0,0,0,0,0,0,0,0,0,0,0,0,0,0,0,0,0,0,0,0,0,0,0,0,0
03/10/2020,0,0,0,0,0,0,0,0,0,0,0,0,0,0,0,0,0,0,0,0,0,0,0,0,0,0,0,0,0,0,0,0,0,0,0,0,0,0,0,0,0,0,0,0,0,0,0,0,0,0,0,0,0,0,0,0,0,0,0,0
03/11/2020,0,0,0,0,0,0,0,0,0,0,0,0,0,0,0,0,0,0,0,0,0,0,0,0,0,0,0,0,0,0,0,0,0,0,0,0,0,0,0,0,0,0,0,0,0,0,0,0,0,0,0,0,0,0,0,0,0,0,0,0
03/12/2020,0,0,0,0,0,0,0,0,0,0,0,0,0,0,0,0,0,0,0,0,0,0,0,0,0,0,0,0,0,0,0,0,0,0,0,0,0,0,0,0,0,0,0,0,0,0,0,0,0,0,0,0,0,0,0,0,0,0,0,0
03/13/2020,0,0,0,0,0,0,0,0,0,0,0,0,0,0,0,0,0,0,0,0,0,0,0,0,0,0,0,0,0,0,0,0,0,0,0,0,0,0,0,0,0,0,0,0,0,0,0,0,0,0,0,0,0,0,0,0,0,0,0,0
03/14/2020,0,0,0,0,0,0,0,0,0,0,0,0,0,0,0,0,0,0,0,0,0,0,0,0,0,0,0,0,0,0,0,0,0,0,0,0,0,0,0,0,0,0,0,0,0,0,0,0,0,0,0,0,0,0,0,0,0,0,0,0
03/15/2020,0,0,0,0,0,0,0,0,0,0,0,0,0,0,0,0,0,0,0,0,0,0,0,0,0,0,0,0,0,0,0,0,0,0,0,0,0,0,0,0,0,0,0,0,0,0,0,0,0,0,0,0,0,0,0,0,0,0,0,0
03/16/2020,0,0,0,0,0,0,0,0,0,0,0,0,0,0,0,0,0,0,0,0,0,0,0,0,0,0,0,0,0,0,0,0,0,0,0,0,0,0,0,0,0,0,0,0,0,0,0,0,0,0,0,0,0,0,0,0,0,0,0,0
03/17/2020,0,0,0,0,0,0,0,0,0,0,0,0,0,0,0,0,0,0,0,0,0,0,0,0,0,0,0,0,0,0,0,0,0,0,0,0,0,0,0,0,0,0,0,0,0,0,0,0,0,0,0,0,0,0,0,0,0,0,0,0
03/18/2020,0,0,0,0,0,0,0,0,0,0,0,0,0,0,0,0,0,0,0,0,0,0,0,0,0,0,0,0,0,0,0,0,0,0,0,0,0,0,0,0,0,0,0,0,0,0,0,0,0,0,0,0,0,0,0,0,0,0,0,0
03/19/2020,0,0,0,0,0,0,0,0,0,0,0,0,0,0,0,0,0,0,0,0,0,0,0,0,0,0,0,0,0,0,0,0,0,0,0,0,0,0,0,0,0,3,0,0,0,0,0,0,0,0,0,0,0,0,0,0,0,0,0,0
03/20/2020,0,0,0,0,0,0,0,0,0,0,0,0,0,0,0,0,0,0,0,0,0,0,0,0,0,0,0,0,0,0,0,0,0,0,0,0,0,0,0,0,0,3,0,0,0,0,0,0,0,0,0,0,0,0,0,0,0,0,0,0
03/21/2020,0,0,0,0,0,0,0,0,0,0,0,0,0,0,0,0,0,0,0,0,0,0,0,0,0,0,0,0,0,0,0,0,0,0,0,0,0,0,0,0,0,3,0,0,0,0,0,0,0,0,0,0,0,0,0,0,0,0,0,0
03/22/2020,0,0,0,0,0,0,0,0,0,0,0,0,0,0,0,0,0,0,0,0,0,0,0,0,0,0,0,0,0,0,0,0,0,0,0,0,0,0,0,0,0,3,3,0,0,0,0,0,0,0,0,0,0,0,0,0,0,0,0,0
03/23/2020,0,0,0,0,0,0,0,0,0,0,0,0,0,0,0,0,0,0,0,0,0,3,0,0,0,0,0,0,0,0,0,0,0,0,0,0,0,0,0,0,0,3,3,0,3,0,3,0,0,0,0,0,0,0,0,0,0,0,0,0
03/24/2020,0,0,0,0,0,0,0,0,3,0,0,0,0,0,0,0,0,0,0,0,0,3,0,0,0,0,0,0,0,0,0,3,0,0,0,3,0,0,0,0,0,3,3,3,3,0,3,0,0,0,0,0,0,0,0,0,0,0,0,0
03/25/2020,0,0,0,0,0,0,0,0,3,0,0,0,0,3,0,0,0,0,0,0,0,3,0,0,0,0,0,0,0,0,0,3,0,0,0,3,3,0,0,0,0,3,3,3,3,0,3,0,0,0,0,0,0,0,0,0,0,0,0,0
03/26/2020,0,3,0,0,0,3,0,0,3,2,0,0,0,3,0,0,0,0,0,0,0,3,0,0,0,0,0,2,0,0,0,3,0,0,0,3,3,0,0,0,0,3,3,3,3,0,3,0,0,0,0,0,0,0,0,0,3,0,0,0
03/27/2020,0,3,0,0,0,3,0,0,3,2,0,0,0,3,0,0,0,0,0,0,0,3,0,0,0,0,0,2,0,0,0,3,0,0,3,3,3,0,0,0,0,3,3,1,3,0,3,0,2,0,0,0,0,0,0,0,3,3,0,0
03/28/2020,0,3,0,3,0,3,0,0,3,2,0,0,3,3,0,0,0,0,0,0,2,3,0,0,1,0,0,2,0,0,0,3,3,1,3,3,3,0,0,0,0,3,3,1,3,0,3,0,2,0,0,0,0,0,0,3,3,3,0,0
03/29/2020,0,3,0,3,0,3,0,0,3,2,0,2,3,3,0,0,0,3,0,0,2,3,0,0,0,0,0,2,0,0,0,3,3,1,3,3,3,0,0,0,0,3,3,3,3,0,3,0,1,0,0,0,0,0,0,3,3,3,0,3
03/30/2020,0,3,0,3,0,3,0,0,3,2,0,1,3,3,0,0,0,3,0,0,3,3,0,0,3,3,0,2,0,0,0,3,3,2,3,3,3,0,0,0,0,3,3,3,3,0,3,0,3,0,0,0,1,0,0,3,3,3,0,3
03/31/2020,0,3,0,3,0,3,0,2,3,2,0,1,3,3,1,0,0,3,0,3,3,3,0,0,3,3,0,1,0,1,0,3,3,2,3,3,3,0,0,0,0,3,3,3,3,0,3,0,3,0,0,0,1,0,0,3,3,3,0,3
04/01/2020,0,3,0,3,0,3,0,3,3,2,0,3,3,3,1,0,0,3,0,3,3,3,0,0,3,3,0,1,0,1,0,3,3,2,3,3,3,0,0,0,0,3,3,3,3,0,3,0,3,0,0,0,1,0,0,3,3,3,0,3
04/02/2020,3,3,3,3,0,3,0,3,3,2,0,3,3,3,1,0,0,3,0,3,3,3,0,0,0,3,0,3,0,0,0,3,3,3,3,3,3,0,0,0,0,3,3,3,3,2,3,0,3,0,0,0,1,0,0,3,3,3,0,3
04/03/2020,3,3,3,3,0,3,0,3,3,2,0,3,2,3,1,0,0,3,0,3,3,3,0,0,3,3,0,3,0,0,0,3,3,3,3,3,3,0,0,0,0,3,3,3,3,2,3,0,3,0,3,1,1,0,0,3,3,3,0,3
04/04/2020,3,3,3,3,1,3,0,3,3,2,0,3,2,3,1,0,0,3,0,3,2,3,0,0,3,3,0,3,0,3,0,3,3,3,3,3,3,3,0,3,1,3,3,3,3,3,3,0,3,0,3,0,1,0,0,3,3,2,2,3
04/05/2020,3,3,3,3,1,3,0,3,3,2,0,3,2,3,3,0,0,3,0,3,2,3,0,0,3,3,0,3,0,3,0,3,3,2,3,3,3,0,0,3,1,3,3,3,3,3,3,0,3,0,3,0,1,0,0,3,3,2,2,3
04/06/2020,3,2,3,3,1,3,0,3,3,2,0,3,2,3,3,0,1,3,0,3,2,3,0,0,3,3,0,3,0,3,0,3,3,2,3,3,3,0,0,3,3,3,3,3,3,3,3,0,2,0,3,3,0,3,0,2,3,2,2,3
04/07/2020,3,2,3,3,0,3,0,3,3,2,0,2,2,3,3,0,2,3,0,3,2,3,0,0,3,3,0,3,3,3,0,3,3,2,3,3,3,0,0,3,3,3,3,3,3,3,3,0,2,0,3,3,0,0,0,2,3,2,3,3
04/08/2020,3,2,3,3,0,3,0,3,3,2,0,2,2,3,3,0,2,3,0,3,2,3,0,0,2,3,0,3,3,3,0,3,3,2,3,3,3,3,0,3,3,3,3,3,3,3,3,0,2,0,3,3,3,0,0,2,3,2,3,3
04/09/2020,3,2,3,3,0,3,0,3,3,1,0,3,2,3,3,0,2,3,3,3,2,3,0,0,2,3,0,3,3,3,0,3,3,2,3,3,3,3,0,3,3,3,3,3,3,3,3,0,3,0,3,3,3,0,0,2,3,2,3,3
04/10/2020,3,2,3,3,0,3,0,3,3,2,0,3,2,3,3,0,2,3,3,2,2,3,0,2,2,3,0,3,3,3,0,3,3,2,3,3,3,3,0,3,3,3,3,3,3,3,3,0,3,3,3,3,3,0,0,2,3,2,3,2
04/11/2020,3,2,3,2,0,3,0,3,3,2,0,3,2,3,3,0,3,3,3,3,2,3,0,2,2,2,0,3,3,3,0,3,3,2,3,3,3,3,0,3,3,3,3,3,3,3,3,0,3,3,3,3,3,0,0,2,3,2,3,2
04/12/2020,3,2,3,2,0,3,0,3,3,2,0,3,2,3,3,0,3,3,3,3,2,3,0,2,2,2,0,2,3,3,0,3,3,2,3,3,3,3,0,3,3,3,3,2,3,3,3,0,3,3,3,3,3,0,0,1,3,1,3,2
04/13/2020,3,2,3,2,0,3,0,3,3,2,0,3,1,3,3,0,3,3,3,3,3,3,0,2,2,2,0,2,3,3,0,3,3,2,3,3,3,3,0,3,3,3,3,2,3,3,3,0,3,3,3,3,3,0,0,1,3,1,3,2
04/14/2020,2,1,3,2,0,3,0,3,3,2,0,3,1,3,3,0,3,3,3,3,3,3,0,0,2,2,0,2,3,2,0,3,3,2,3,3,3,3,3,3,3,3,3,2,3,3,3,0,3,3,3,3,3,0,0,0,3,1,3,2
04/15/2020,2,1,2,2,3,3,0,0,3,2,0,3,1,3,3,0,3,3,3,3,3,3,0,0,2,2,0,2,3,2,0,3,3,2,3,3,3,3,3,2,3,3,3,2,3,3,3,0,3,3,3,3,3,0,0,0,3,1,3,2
04/16/2020,2,2,2,3,3,3,0,0,3,2,0,3,1,3,3,0,3,3,0,3,3,3,0,0,2,2,0,2,3,2,0,3,3,2,3,3,3,3,3,3,2,3,3,2,3,3,3,0,3,3,3,3,3,0,0,0,3,1,3,2
04/17/2020,2,2,2,2,3,3,0,0,3,2,0,3,1,3,3,0,3,3,0,3,3,3,0,0,1,2,0,2,3,2,0,3,3,2,3,3,3,2,3,2,2,3,3,2,3,3,3,0,3,0,3,3,3,0,0,0,3,1,3,2
04/18/2020,2,2,2,3,3,3,0,3,3,2,0,2,0,3,3,0,3,3,0,3,3,3,0,2,1,2,0,0,0,2,0,3,3,2,3,3,3,2,0,2,2,3,3,2,3,3,3,0,3,3,3,3,3,0,0,0,3,1,3,2
04/19/2020,2,2,2,3,3,3,0,3,3,1,0,2,0,3,3,0,3,3,0,3,3,3,0,2,1,2,0,0,0,2,0,3,3,1,3,3,3,2,0,2,2,3,3,2,3,3,3,0,3,3,3,0,3,0,0,0,3,1,3,2
04/20/2020,2,1,2,3,3,3,0,3,3,1,0,3,0,3,0,0,3,3,0,3,3,3,0,2,1,2,0,0,0,2,0,3,3,1,3,3,3,2,0,2,2,3,3,1,3,3,3,0,3,3,3,0,2,0,0,0,3,1,3,2
04/21/2020,2,1,2,3,3,3,0,2,3,1,0,3,0,3,0,0,3,3,0,3,3,3,0,2,1,2,0,0,0,2,0,3,3,1,3,3,3,2,0,1,2,3,3,1,3,2,3,0,3,3,3,0,2,0,0,1,3,1,3,2
04/22/2020,2,1,2,3,3,3,0,2,3,1,0,3,0,3,2,0,3,3,0,3,3,3,0,2,1,2,0,0,0,2,0,3,3,1,3,3,3,2,0,1,2,3,3,1,3,2,3,0,2,0,3,0,2,0,0,2,3,1,3,2
04/23/2020,2,1,2,3,3,3,0,2,3,0,0,2,0,3,2,0,3,3,0,3,3,3,0,1,1,2,0,0,3,2,0,3,3,1,3,3,3,2,0,1,2,3,3,0,3,2,3,0,2,3,3,0,2,0,0,2,2,1,3,2
04/24/2020,2,1,2,3,3,3,0,2,3,0,0,2,0,3,2,0,3,2,0,3,3,3,0,1,0,2,0,0,3,2,0,3,3,0,3,3,3,2,0,1,2,3,3,0,3,2,3,0,2,3,3,0,2,0,0,1,3,1,0,2
04/25/2020,2,1,2,3,3,3,0,2,3,0,0,2,0,3,2,0,3,2,0,3,3,3,0,1,1,2,0,0,3,2,0,3,3,0,3,3,3,2,0,0,2,3,3,0,3,2,3,0,2,3,3,0,2,0,0,1,3,1,0,1
04/26/2020,2,1,2,3,2,3,0,2,3,0,0,2,0,3,2,0,3,2,0,3,3,3,0,1,1,3,0,0,3,1,0,3,3,0,2,3,3,2,0,0,2,3,3,0,3,1,3,0,2,2,2,0,2,0,0,1,3,1,0,1
04/27/2020,2,1,2,3,2,3,0,2,3,0,0,1,2,3,2,0,3,2,0,3,2,3,0,1,1,3,0,0,3,1,0,3,3,0,3,3,3,2,0,0,2,2,3,0,3,1,3,0,2,2,2,0,0,0,0,1,2,1,0,1
04/28/2020,2,1,1,3,2,3,0,0,3,0,0,1,2,3,2,0,3,2,0,3,3,3,0,1,1,3,0,0,3,1,0,3,3,0,3,3,3,2,0,0,2,2,3,0,3,1,3,0,2,2,1,0,2,0,0,1,2,2,0,1
04/29/2020,2,1,1,3,2,3,2,0,3,0,0,1,2,3,2,0,3,2,0,3,3,3,0,1,1,3,3,0,3,1,0,3,3,0,2,3,3,2,0,0,1,2,2,0,3,1,3,0,2,2,1,0,0,0,0,1,2,1,2,1
04/30/2020,1,1,1,3,2,3,0,0,3,1,0,1,1,3,2,0,3,2,0,3,2,3,0,1,0,3,3,0,3,0,0,3,3,0,2,3,3,2,0,0,2,2,2,0,3,1,3,0,2,2,1,0,1,0,0,1,2,1,2,1
05/01/2020,1,1,1,3,0,3,0,2,3,0,2,1,2,3,0,0,3,2,0,3,2,3,0,1,0,3,3,0,3,0,0,3,3,0,2,3,2,2,0,0,2,2,2,0,3,1,3,0,2,0,1,0,1,0,0,1,2,1,2,1
05/02/2020,1,1,1,2,0,3,0,2,3,0,2,1,1,3,0,0,2,2,0,3,2,3,0,0,0,3,3,0,3,0,0,3,3,0,3,3,2,2,0,0,1,2,3,0,3,1,3,0,2,0,1,0,1,0,0,1,2,1,2,1
05/03/2020,2,1,1,2,0,3,0,2,3,0,2,1,1,3,0,2,2,2,0,2,2,3,0,0,0,3,3,0,3,1,0,3,3,0,3,3,2,2,0,0,2,2,2,1,3,1,3,0,2,0,1,0,1,0,0,1,2,1,2,1
05/04/2020,1,1,1,3,0,3,0,2,3,0,2,1,1,3,0,2,2,2,0,2,3,3,0,0,0,3,3,0,3,1,0,3,2,0,3,3,2,2,0,0,1,2,2,1,3,1,3,0,2,0,1,0,1,0,0,0,2,1,2,1
05/05/2020,1,1,0,3,2,3,0,2,3,0,2,1,1,3,0,2,2,2,0,2,3,3,0,0,0,3,3,0,3,1,0,3,2,0,3,3,2,2,0,0,1,2,2,1,3,1,3,0,2,0,1,0,1,0,0,0,2,0,2,1
05/06/2020,1,1,1,2,0,3,0,2,3,0,2,1,1,3,0,2,2,2,0,2,3,3,0,0,0,3,3,0,3,1,0,3,2,0,3,3,2,2,0,0,1,2,2,1,3,1,3,0,2,2,1,0,1,0,0,0,1,0,2,1
05/07/2020,1,1,0,2,0,3,0,2,2,0,0,1,1,3,0,2,2,2,0,2,3,3,0,0,0,3,3,0,3,1,0,3,2,0,3,2,2,2,0,0,1,1,2,1,3,1,3,0,2,2,1,0,1,0,0,0,1,0,2,1
05/08/2020,1,1,0,2,1,3,0,0,2,0,0,2,1,3,0,2,2,2,0,2,2,3,0,1,0,3,3,0,3,1,0,3,2,0,2,2,2,2,0,0,1,1,2,1,2,1,3,0,2,2,1,0,0,0,0,0,1,0,2,1
05/09/2020,1,1,0,2,1,3,0,0,2,1,2,1,1,2,0,2,2,2,0,2,2,3,0,1,0,3,2,0,3,1,0,3,2,0,2,2,2,2,0,0,1,1,2,0,2,1,2,0,2,0,1,0,0,0,0,0,1,0,2,1
05/10/2020,1,1,0,2,1,3,0,0,2,1,2,2,1,2,0,0,2,2,0,2,2,3,0,1,0,3,3,0,3,1,0,3,2,0,2,2,2,2,0,0,1,1,2,0,2,1,2,0,2,0,0,0,0,0,0,0,2,0,2,1
05/11/2020,1,1,0,2,1,3,0,0,2,1,2,2,1,2,0,0,1,1,0,2,2,2,0,1,0,3,2,0,3,1,0,2,2,0,2,2,2,2,0,1,1,1,2,0,2,1,2,0,2,0,0,0,0,0,0,0,2,0,2,1
05/12/2020,1,1,0,2,0,3,0,0,2,1,2,1,1,2,0,2,1,1,0,2,2,2,0,1,0,3,0,0,3,0,0,2,2,0,2,2,2,2,0,1,1,1,2,0,2,1,2,0,2,0,0,0,0,0,0,0,2,0,2,1
05/13/2020,1,1,0,2,0,3,0,0,2,0,2,1,1,2,0,2,1,1,0,2,1,2,0,1,0,3,0,0,3,0,0,2,2,0,2,2,2,1,0,1,1,1,2,0,2,1,2,0,2,0,0,0,0,0,0,0,2,0,2,1
05/14/2020,1,1,0,2,0,3,0,1,2,0,0,1,1,2,0,2,1,1,0,2,2,2,0,1,0,3,3,0,3,1,0,2,2,0,2,2,2,1,0,2,1,1,2,0,2,1,2,0,2,0,0,0,0,0,0,0,2,0,2,1
05/15/2020,1,1,0,2,0,3,0,1,2,0,0,1,1,2,0,2,1,1,0,2,2,2,0,0,0,3,3,0,3,1,0,2,2,0,2,2,1,1,3,2,1,1,2,0,2,1,2,0,2,0,0,0,2,0,0,0,1,0,2,1
05/16/2020,1,1,0,2,0,3,0,0,2,0,1,1,1,2,0,2,0,1,0,2,2,2,0,0,0,3,3,0,3,1,0,2,2,0,2,2,1,1,3,2,1,1,2,0,2,1,2,0,2,0,0,0,2,0,0,0,0,0,2,1
05/17/2020,1,1,0,2,0,3,2,0,2,0,1,1,1,2,0,2,1,1,0,2,2,2,0,0,0,2,2,0,2,1,0,2,2,0,1,2,1,1,2,2,1,1,2,0,2,1,2,0,2,0,0,0,2,0,0,0,0,0,2,1
05/18/2020,1,1,0,2,0,3,2,0,2,0,1,1,1,2,0,2,1,1,0,2,2,2,0,1,0,2,2,0,2,1,0,2,2,0,1,1,1,1,2,2,1,1,2,0,2,1,2,0,2,0,1,0,2,0,0,0,0,0,2,1
05/19/2020,1,1,0,2,0,2,0,0,2,0,1,1,0,2,0,0,1,1,0,2,2,2,0,1,0,2,2,0,2,1,0,2,2,0,1,1,1,1,2,2,1,1,2,0,2,1,2,0,2,0,1,0,2,0,0,0,0,0,2,1
05/20/2020,1,1,0,1,0,2,0,0,2,0,0,1,0,2,0,0,1,1,0,2,2,2,0,1,0,2,1,0,2,1,0,2,2,0,1,1,1,1,2,2,1,1,2,0,2,1,2,0,2,0,1,0,2,0,0,0,0,0,1,1
05/21/2020,1,1,0,1,1,2,2,0,2,0,1,1,0,2,0,0,1,1,0,1,2,2,0,2,0,2,1,0,2,1,0,2,2,0,1,1,1,1,2,2,0,1,2,0,2,1,2,0,2,0,1,0,2,0,0,0,1,0,1,1
05/22/2020,1,1,0,1,1,2,2,0,2,0,0,1,0,2,0,0,1,1,0,1,2,2,0,2,0,2,2,0,2,0,0,2,2,0,1,1,1,1,0,2,0,1,2,0,2,1,2,0,2,0,1,0,2,0,0,0,1,0,1,1
05/23/2020,1,1,0,1,1,2,2,0,2,1,0,1,1,2,2,0,1,1,0,1,2,2,0,2,0,2,1,0,2,0,0,2,2,0,1,1,1,1,0,2,0,1,2,0,1,1,2,0,1,0,1,0,2,0,0,0,1,0,1,1
05/24/2020,1,1,0,1,1,2,0,0,2,1,0,1,1,2,2,0,2,1,0,1,2,2,0,2,0,2,1,0,1,0,0,2,2,0,1,1,1,1,0,2,0,1,2,0,1,1,2,0,1,0,1,0,2,0,0,0,1,0,1,1
05/25/2020,1,1,0,1,1,2,2,0,1,1,0,1,1,2,2,0,2,1,0,1,2,2,0,2,0,2,1,0,1,0,0,1,2,0,2,1,1,1,0,1,0,1,1,0,1,2,2,0,1,0,2,0,2,0,0,0,1,0,1,1
05/26/2020,1,1,0,1,1,2,2,0,1,1,0,1,1,2,2,0,2,1,0,1,2,2,0,2,0,2,1,0,1,0,0,1,2,0,2,1,1,1,0,1,0,1,1,0,2,2,2,0,1,0,2,0,2,0,0,0,1,0,1,1
05/27/2020,1,1,0,1,1,2,2,1,1,1,0,1,1,2,2,0,2,1,0,1,2,2,0,2,0,2,1,0,1,0,0,1,2,0,2,1,1,1,0,1,0,1,2,0,2,2,2,0,1,0,2,0,2,0,0,0,1,0,1,1
05/28/2020,1,1,0,1,0,2,0,0,1,1,0,1,1,2,2,0,2,1,0,1,2,2,0,2,0,2,0,0,1,0,0,1,2,0,2,1,1,1,0,1,0,1,2,0,2,2,2,0,1,0,2,0,2,0,0,0,2,0,1,1
05/29/2020,1,1,0,1,0,2,0,0,1,1,0,1,1,2,2,0,2,1,3,1,2,1,0,2,0,2,0,0,1,0,0,1,2,0,2,1,1,0,0,0,0,1,2,0,1,2,2,0,1,0,2,0,2,0,0,0,1,0,0,1
05/30/2020,1,1,0,1,0,2,0,0,1,0,0,1,0,2,2,0,2,1,3,1,2,1,0,2,0,2,0,0,0,0,0,1,2,0,2,1,1,0,0,0,0,1,2,0,1,2,2,0,1,0,2,0,2,0,0,0,0,0,0,1
05/31/2020,1,1,0,1,0,2,0,0,1,0,0,1,0,2,0,0,2,1,3,1,2,1,0,2,0,1,0,0,0,0,0,1,2,1,2,1,1,0,0,0,0,1,2,2,1,2,2,0,1,0,2,0,2,0,0,0,0,0,0,1
06/01/2020,1,1,0,1,0,1,0,0,1,0,0,1,0,2,0,1,2,1,3,1,2,1,0,2,0,1,0,0,0,0,0,1,1,1,2,1,1,0,0,0,0,1,2,2,1,1,2,0,1,0,2,0,2,0,0,0,0,0,0,1
06/02/2020,1,1,0,1,0,1,0,0,1,0,0,1,0,1,0,0,2,1,3,1,2,1,0,1,0,1,0,0,0,0,3,1,1,1,2,1,1,0,0,0,0,1,1,2,1,1,2,0,1,0,2,3,2,0,0,0,0,0,0,1
06/03/2020,1,1,0,1,0,1,0,0,1,0,0,1,0,2,0,0,2,0,3,1,2,1,0,1,0,1,0,0,1,0,3,1,1,1,2,1,1,0,0,0,0,1,1,2,1,1,2,0,1,0,2,3,1,0,0,0,0,0,0,1
06/04/2020,1,1,0,1,1,1,0,0,1,1,0,1,0,1,0,0,2,1,2,1,2,1,0,1,0,1,0,0,1,0,3,1,1,1,2,1,1,0,0,0,0,1,1,2,1,1,2,3,1,0,2,3,1,0,0,0,0,0,0,1
06/05/2020,1,1,0,1,1,1,0,0,1,0,0,1,0,1,0,0,2,1,0,1,2,1,0,1,0,1,0,0,1,0,3,1,2,1,2,1,1,0,0,0,0,1,1,2,1,1,1,3,1,0,2,0,2,3,0,0,2,0,0,1
06/06/2020,1,1,0,0,1,1,0,0,1,1,0,1,0,1,0,0,2,1,0,1,2,1,0,1,0,1,0,0,1,0,3,1,1,2,2,1,1,0,0,0,0,1,1,2,1,1,1,3,1,0,2,0,1,3,0,0,2,0,0,1
06/07/2020,1,1,0,1,1,1,0,0,1,1,0,1,0,1,0,0,2,1,0,1,2,1,0,1,0,1,0,0,1,0,3,1,1,2,2,1,1,0,0,0,0,1,1,0,1,1,1,3,1,0,2,0,1,3,0,0,2,0,0,1
06/08/2020,1,1,0,1,1,1,0,0,1,1,0,1,0,1,0,0,2,1,0,1,2,1,0,1,0,1,0,0,1,0,3,1,2,2,2,1,1,0,0,0,0,1,1,0,1,1,1,3,1,0,2,0,1,3,0,0,2,0,0,1
06/09/2020,1,1,0,1,1,1,0,0,1,1,0,1,0,1,0,2,0,2,0,1,2,1,0,1,0,1,0,0,1,0,3,1,1,0,2,1,1,0,0,0,0,1,1,0,1,1,1,3,1,0,2,0,1,3,0,0,2,0,1,1
06/10/2020,1,0,0,1,1,1,0,0,1,1,0,1,0,1,1,2,0,2,0,1,2,1,0,1,0,1,0,0,1,0,0,1,1,0,2,1,1,0,0,0,0,1,1,0,1,1,1,3,1,0,2,0,1,3,0,0,2,0,1,1
06/11/2020,1,1,0,1,1,1,0,0,1,1,0,1,0,1,1,2,0,2,0,1,2,1,0,1,0,1,0,3,0,0,0,1,1,0,2,1,1,0,0,0,0,1,1,2,1,1,1,3,1,0,2,0,1,3,0,0,2,0,1,1
06/12/2020,1,1,0,1,0,1,0,0,1,1,0,1,0,1,1,2,0,2,0,1,2,1,0,1,0,1,0,3,0,0,0,1,1,0,2,1,1,0,0,0,0,1,1,2,1,1,1,3,1,0,2,0,1,0,0,0,2,2,1,1
06/13/2020,1,1,0,1,0,1,0,0,1,0,0,1,1,1,1,2,1,2,0,1,2,1,0,1,0,1,0,3,0,0,0,1,1,0,2,1,1,0,0,0,0,0,1,2,1,1,1,3,1,0,2,0,1,0,0,0,2,2,1,1
06/14/2020,1,0,0,0,2,1,0,0,1,0,0,1,2,1,1,2,1,2,2,1,2,1,0,1,0,1,0,3,0,0,0,1,1,0,2,1,1,0,0,0,0,0,1,2,1,1,1,3,1,0,1,0,1,0,0,0,0,2,1,1
06/15/2020,1,0,0,0,2,1,0,0,1,0,0,1,2,1,1,2,1,2,2,1,2,1,0,1,0,1,0,3,0,0,0,1,1,0,2,1,1,0,0,0,0,0,1,2,1,1,1,3,1,0,1,0,1,0,0,0,0,2,0,1
06/16/2020,1,1,0,0,2,1,0,0,1,0,0,1,2,1,0,2,1,2,0,1,1,1,0,1,0,1,0,0,0,0,0,1,1,0,2,1,1,0,0,0,0,1,1,2,1,1,1,3,1,0,1,0,1,0,0,0,0,2,0,1
06/17/2020,1,0,0,0,2,1,0,0,1,0,0,1,2,1,0,2,1,2,0,1,1,1,0,1,0,1,0,0,0,0,0,1,1,0,2,1,1,0,0,0,0,1,1,2,1,1,1,0,1,0,1,0,1,0,0,0,0,2,0,1
06/18/2020,1,0,0,0,2,1,0,0,1,0,0,1,2,1,0,2,1,1,0,1,1,1,0,1,0,1,0,0,0,0,2,1,1,0,2,1,1,0,0,0,0,1,1,2,1,1,1,0,1,0,1,0,1,0,0,0,0,2,0,1
06/19/2020,1,0,0,0,2,1,0,0,1,0,0,1,2,1,0,2,2,1,0,1,1,1,0,1,0,1,0,0,0,0,0,1,1,0,1,1,1,0,0,0,0,1,1,2,1,1,1,0,1,2,1,0,1,0,0,0,2,2,0,2
06/20/2020,1,0,0,0,2,1,0,0,1,0,0,1,2,1,0,2,2,1,2,1,1,1,0,1,0,1,3,3,0,0,0,1,1,0,1,1,1,0,0,0,0,1,1,2,1,1,1,0,1,2,1,0,1,0,0,0,2,2,0,2
06/21/2020,1,2,0,1,2,1,0,0,1,0,0,1,2,1,0,2,2,1,0,1,1,1,0,1,0,1,3,3,0,0,0,1,1,0,1,1,1,0,0,0,0,1,1,2,1,1,1,0,1,2,1,0,1,0,0,0,2,2,0,2
06/22/2020,1,2,0,1,2,1,0,0,1,1,0,1,2,1,0,2,2,1,2,1,1,1,3,1,0,1,3,3,0,0,0,1,1,0,1,1,1,0,0,0,0,1,1,2,1,1,1,0,1,2,1,2,1,0,0,0,2,2,0,2
06/23/2020,1,2,0,1,2,1,0,0,1,0,0,1,2,1,0,2,2,1,2,1,1,1,3,1,0,1,0,3,0,0,0,1,1,0,1,1,1,0,0,0,0,1,1,2,1,1,1,0,1,2,1,2,1,0,0,2,2,2,0,2
06/24/2020,1,2,0,1,2,1,1,0,1,1,0,1,2,1,0,2,2,1,2,1,1,1,3,1,0,1,0,3,0,0,0,1,1,2,1,1,1,0,0,0,0,1,1,0,1,1,1,0,1,2,1,2,1,0,0,2,2,2,0,2
06/25/2020,1,2,0,1,2,1,2,0,1,1,0,1,2,1,0,2,2,1,2,1,2,1,3,1,0,1,0,3,0,0,0,1,1,2,1,1,1,0,0,2,0,1,1,0,1,1,1,0,1,2,1,2,1,0,0,2,2,2,0,2
06/26/2020,1,3,0,2,2,1,2,1,1,2,0,1,2,1,0,1,2,1,2,1,2,1,3,1,0,1,0,3,1,0,0,1,1,2,1,1,1,0,0,2,0,1,1,0,1,1,1,2,1,2,0,2,1,0,0,2,2,2,0,2
06/27/2020,1,3,0,2,2,1,2,1,1,2,2,1,2,1,0,1,2,1,2,1,2,1,3,1,0,1,0,0,1,0,0,1,1,2,1,1,1,0,0,2,0,1,1,2,1,1,1,2,1,2,1,2,1,0,0,2,2,2,0,2
06/28/2020,1,3,0,2,2,1,2,1,1,2,2,1,2,1,1,1,2,1,2,1,2,1,3,1,0,1,0,3,1,0,0,1,2,2,1,1,1,0,0,2,0,1,1,2,1,1,1,2,1,2,1,0,0,0,0,3,2,2,0,2
06/29/2020,1,3,0,2,2,1,2,1,1,2,2,1,1,1,1,0,2,0,2,1,2,1,3,1,0,1,0,3,1,2,0,1,2,2,1,1,1,0,0,2,0,1,1,1,1,1,1,2,1,2,1,0,0,0,0,3,2,2,0,2
06/30/2020,1,3,0,2,2,1,2,2,1,2,2,1,0,1,0,0,2,0,2,1,2,1,3,1,3,1,0,3,1,2,0,1,1,2,1,1,1,2,0,2,0,1,1,1,1,1,1,2,1,2,1,0,0,0,0,3,2,2,0,2
07/01/2020,1,3,1,2,1,1,0,2,1,2,2,1,0,1,1,0,2,1,2,1,2,1,3,1,3,1,0,3,1,2,0,1,1,2,1,1,1,2,3,2,0,1,1,1,1,1,1,2,1,2,1,0,0,0,0,3,2,2,0,1
07/02/2020,1,3,1,2,1,1,0,2,1,2,2,1,1,1,2,0,2,1,2,1,2,1,3,1,3,1,0,3,2,2,0,1,1,2,1,1,1,2,3,2,0,1,1,1,1,1,1,2,1,2,1,0,1,3,0,3,2,2,0,1
07/03/2020,1,3,1,2,1,1,2,0,1,2,2,1,1,1,2,0,2,1,2,1,2,1,3,1,3,1,0,3,2,2,1,1,1,2,1,1,1,2,3,2,0,1,1,1,1,1,1,2,1,2,1,2,1,3,0,3,2,2,3,1
07/04/2020,1,3,1,2,1,1,2,0,1,2,2,1,1,1,2,0,2,1,2,1,2,1,3,1,3,1,0,3,2,2,1,1,1,2,1,1,1,2,3,2,0,1,1,1,1,1,1,2,1,2,1,0,1,3,0,3,2,2,3,1
07/05/2020,1,3,1,2,1,1,2,0,1,2,2,1,1,1,2,0,2,1,2,1,2,1,3,1,3,1,0,3,2,2,1,1,1,3,1,1,1,2,2,2,0,1,1,1,1,1,1,2,1,0,1,1,1,3,0,3,0,2,3,1
07/06/2020,1,3,2,2,1,1,2,0,1,2,2,1,1,1,2,0,2,1,2,1,2,1,3,1,3,1,0,3,0,2,2,1,1,3,1,1,1,2,2,2,0,1,1,1,1,1,1,2,1,0,1,0,1,3,0,3,0,2,3,1
07/07/2020,1,3,2,2,1,1,2,0,1,2,2,1,1,1,2,1,2,1,2,1,1,1,3,1,3,1,0,3,0,2,2,1,1,3,1,1,1,2,2,2,0,1,1,1,1,1,1,2,1,0,1,0,1,3,0,3,0,2,3,1
07/08/2020,1,3,0,2,0,1,2,0,1,2,2,1,1,1,2,1,2,1,2,1,1,2,3,1,3,1,0,3,0,2,2,1,1,3,1,1,1,2,0,2,2,1,1,1,1,1,1,0,1,2,1,0,1,3,0,2,0,2,2,1
07/09/2020,1,3,0,2,0,1,2,0,1,2,2,1,1,1,2,2,2,1,2,1,1,2,3,1,3,1,0,3,0,2,2,1,1,3,1,1,1,2,0,2,2,1,1,0,1,1,1,0,1,2,1,0,1,3,0,2,0,2,2,1
07/10/2020,1,3,2,2,0,1,2,0,1,2,2,1,1,1,2,2,2,1,2,1,1,2,3,1,3,1,0,3,0,2,2,1,1,3,1,1,1,2,0,2,2,1,1,1,1,1,1,0,1,2,1,0,1,3,0,2,0,2,2,1
07/11/2020,1,2,2,2,0,1,2,0,2,2,2,1,1,1,2,2,2,1,2,1,1,2,3,1,2,1,0,3,0,2,2,1,1,3,1,1,1,2,0,2,2,1,1,1,1,1,1,0,1,2,1,1,2,3,0,2,0,2,2,1
07/12/2020,1,2,2,2,0,1,2,0,2,2,2,1,1,1,2,2,2,1,2,1,1,2,3,1,2,1,0,3,2,2,2,1,1,2,1,1,1,2,0,2,2,1,1,1,1,1,1,0,1,2,1,0,2,3,3,2,0,2,2,1
07/13/2020,1,2,2,2,0,1,2,0,2,2,2,1,1,1,2,2,2,1,2,1,1,2,2,1,2,1,0,2,2,2,2,1,1,2,1,1,1,2,0,2,2,1,1,1,1,1,1,0,1,2,2,0,2,3,3,2,0,2,2,1
07/14/2020,1,2,2,2,0,1,2,0,2,1,2,1,1,1,2,2,2,1,2,1,1,2,2,1,2,1,0,2,2,2,2,1,1,2,1,1,1,2,0,2,2,1,1,1,1,1,1,0,1,2,2,1,2,3,3,2,0,2,2,1
07/15/2020,1,2,2,2,1,1,2,0,2,1,2,1,1,2,2,2,2,1,2,1,1,2,2,1,2,1,0,2,2,2,2,1,1,2,1,1,1,2,0,2,2,1,1,1,1,1,1,2,1,2,2,1,2,2,3,2,0,1,2,1
07/16/2020,1,2,2,2,1,1,2,0,2,1,2,1,1,2,2,2,2,1,2,1,1,2,2,1,2,1,0,2,2,2,2,1,1,2,1,1,1,1,0,2,2,1,1,1,1,1,1,2,1,2,2,1,2,2,3,2,0,1,2,1
07/17/2020,1,2,2,2,1,1,2,0,2,1,2,2,1,2,2,2,2,1,1,1,1,2,2,1,2,1,0,2,2,2,2,1,1,2,1,1,1,1,0,2,2,1,1,1,1,1,1,2,1,2,2,1,2,2,0,1,1,1,2,1
07/18/2020,1,2,3,2,1,1,2,0,2,1,1,2,1,2,2,2,2,1,1,1,1,2,2,1,2,1,0,2,2,2,2,1,1,2,1,1,1,1,1,2,2,1,1,1,1,1,1,0,1,2,2,1,2,2,3,1,1,1,2,1
07/19/2020,1,2,3,2,1,2,2,1,2,1,1,2,1,2,1,2,2,1,1,1,1,2,2,1,2,1,0,2,2,2,2,1,1,2,1,1,1,1,1,2,2,1,1,1,1,1,1,0,1,2,0,1,2,2,2,1,1,1,2,1
07/20/2020,1,2,3,2,2,2,2,1,2,1,1,2,1,2,1,2,2,1,1,1,1,2,2,1,1,1,0,2,2,2,2,1,1,1,1,1,1,1,1,2,2,1,1,1,1,1,1,0,1,1,0,1,2,2,2,1,1,1,2,1
07/21/2020,1,2,3,2,2,2,2,1,2,1,1,2,1,2,1,2,1,1,1,1,1,2,2,1,1,1,0,2,2,2,2,1,1,1,1,1,1,1,1,2,2,1,1,2,1,1,1,0,1,1,2,1,2,2,2,1,1,1,2,1
07/22/2020,1,2,3,2,2,2,2,2,2,1,1,2,1,2,1,2,1,1,1,1,1,2,2,1,1,2,0,1,2,2,2,1,1,1,1,1,1,1,1,2,2,1,1,2,1,1,1,0,1,1,2,0,2,2,2,1,2,1,2,1
07/23/2020,1,2,2,2,2,2,2,2,2,1,1,1,1,2,1,2,1,1,1,1,1,2,2,1,1,2,0,1,2,1,2,1,1,1,1,1,1,1,1,2,2,1,1,2,1,1,1,0,1,1,2,0,2,1,2,1,2,1,2,1
07/24/2020,1,2,2,2,2,2,2,2,2,1,1,1,1,2,1,2,1,1,1,1,1,2,2,1,1,2,0,1,2,1,2,1,1,1,1,1,1,1,1,2,2,1,2,2,1,1,2,0,1,1,2,0,2,0,2,1,2,1,2,1
07/25/2020,1,2,2,2,2,2,2,2,2,1,1,1,1,2,1,2,1,1,1,1,1,2,2,1,1,2,3,1,2,1,0,1,1,1,1,1,1,1,0,2,2,1,2,2,1,1,1,0,1,1,2,1,2,0,0,1,2,1,2,1
07/26/2020,1,2,2,2,2,2,2,2,2,1,1,1,1,2,1,2,1,1,1,1,1,2,0,1,1,2,3,1,2,1,2,1,1,2,1,1,1,1,0,1,2,1,2,2,1,1,1,0,1,1,2,1,2,1,0,1,2,1,2,1
07/27/2020,1,2,2,2,2,2,1,2,2,1,1,1,1,2,1,2,1,1,1,1,1,2,0,1,1,2,3,1,2,1,2,1,1,1,1,1,2,1,0,1,2,1,1,2,1,1,2,0,1,1,2,1,2,1,0,1,2,1,2,1
07/28/2020,1,2,2,2,2,2,1,2,1,1,1,1,1,2,1,2,1,1,1,1,1,2,0,1,1,2,3,1,2,1,2,1,1,2,1,1,2,1,0,1,2,1,1,2,1,1,2,0,1,1,2,0,2,1,0,1,2,1,2,1
07/29/2020,1,2,2,2,2,2,1,2,1,1,1,1,1,1,0,2,1,1,1,1,1,2,1,1,1,2,3,1,2,1,2,1,1,2,1,1,2,1,0,1,2,1,1,2,1,1,2,0,1,1,2,0,2,1,0,1,2,1,2,1
07/30/2020,1,2,2,2,2,2,1,2,1,1,1,1,1,1,0,2,1,1,1,1,1,2,1,1,1,2,3,1,2,2,2,1,1,2,1,1,2,1,0,1,2,1,1,2,1,1,2,0,1,1,2,0,2,1,0,1,2,1,0,1
07/31/2020,1,2,1,2,2,2,1,2,1,1,1,1,1,1,1,2,1,1,1,1,1,2,1,1,1,1,3,1,2,2,2,1,1,2,1,1,2,1,0,1,2,1,1,2,1,1,1,0,1,1,2,0,2,1,0,1,2,1,0,1
08/01/2020,1,2,1,2,2,1,1,2,1,1,1,1,1,1,1,2,1,1,1,1,1,2,1,1,2,1,0,1,2,2,2,1,1,1,1,1,2,1,0,1,2,1,1,2,1,1,1,0,1,1,2,0,2,1,0,1,2,1,0,1
08/02/2020,1,2,1,2,2,1,1,2,1,1,1,1,1,1,1,2,1,1,1,1,1,2,1,1,2,1,3,1,0,1,2,1,1,1,1,1,2,1,0,1,2,1,1,2,1,1,1,0,1,1,2,0,2,1,1,1,2,1,0,1
08/03/2020,1,1,1,1,1,1,1,2,1,1,1,1,1,1,1,2,2,1,1,1,1,2,1,1,2,1,3,1,2,1,2,1,1,1,1,1,2,1,1,1,2,1,1,2,1,1,1,0,1,1,2,0,2,1,1,1,2,1,0,1
08/04/2020,1,1,1,1,1,1,1,2,1,1,1,1,1,1,1,2,2,1,1,1,1,2,2,1,1,1,3,1,0,1,2,1,1,1,1,1,2,1,1,1,2,1,1,2,1,1,1,0,1,1,2,0,2,0,1,1,2,1,0,1
08/05/2020,1,1,1,1,1,1,1,2,1,1,1,1,1,1,1,2,2,1,1,1,1,2,2,1,1,1,3,1,1,1,2,1,1,1,1,1,2,1,1,1,2,1,1,2,1,2,1,0,1,1,2,0,2,0,1,1,0,1,0,1
08/06/2020,1,1,1,1,1,1,1,1,1,1,1,1,1,1,1,2,2,1,1,1,1,2,2,1,2,1,3,1,1,1,2,1,1,1,1,1,2,1,1,1,2,1,1,2,1,2,1,0,1,1,2,1,2,0,1,1,0,1,0,1
08/07/2020,1,1,1,1,1,1,1,1,1,1,1,1,1,1,1,2,2,1,1,1,1,2,2,1,1,1,3,1,1,1,2,1,1,1,1,1,2,1,1,1,1,1,1,2,1,2,1,0,1,1,2,0,2,0,1,1,0,1,0,1
08/08/2020,1,1,1,1,1,1,1,0,1,1,1,1,1,1,0,1,2,1,1,1,1,2,2,1,1,1,2,1,1,1,2,1,1,1,1,1,2,1,1,2,1,1,1,2,1,2,1,0,1,1,2,1,2,0,1,1,0,1,1,2
08/09/2020,1,1,1,1,1,1,1,0,1,1,1,1,1,1,1,1,2,1,1,1,1,2,2,1,1,1,2,1,1,1,2,1,1,1,1,1,2,1,1,2,1,1,1,2,1,2,1,0,1,1,2,1,2,0,1,1,0,1,1,2
08/10/2020,1,1,1,1,1,1,1,0,1,1,1,1,1,1,1,1,2,1,1,1,1,2,2,1,1,1,2,1,1,1,2,1,1,1,1,1,1,1,0,2,1,1,1,2,1,2,1,0,1,1,2,1,2,0,1,1,1,1,1,2
08/11/2020,1,1,1,1,1,1,1,1,1,1,1,1,1,1,1,1,2,1,1,1,1,1,2,1,2,1,2,1,2,1,2,1,1,1,1,1,1,1,0,2,1,1,1,2,1,2,1,0,1,1,2,0,2,0,1,1,1,1,1,2
08/12/2020,1,1,1,1,1,1,1,1,1,1,1,1,1,1,1,1,2,1,1,1,1,2,2,1,2,1,2,1,2,1,2,1,1,1,1,1,1,1,0,2,1,1,1,2,1,2,1,0,1,1,2,1,2,1,1,1,1,1,1,2
08/13/2020,1,1,1,1,1,1,1,1,1,1,1,1,1,1,1,1,2,1,1,1,1,2,2,1,2,1,2,1,2,1,2,1,1,1,1,1,1,1,0,2,1,1,1,2,1,2,1,0,1,1,2,1,2,1,1,1,1,1,1,2
08/14/2020,1,1,1,1,1,1,1,1,1,1,1,1,1,1,1,1,2,1,1,1,1,2,2,1,2,1,2,1,2,1,2,1,1,1,1,1,1,1,0,1,1,1,1,2,1,2,1,0,1,1,2,1,2,1,0,1,1,1,1,2
08/15/2020,1,1,1,1,1,1,1,1,1,1,1,1,1,1,2,1,2,1,1,1,1,2,2,1,2,1,0,1,2,1,2,1,1,1,1,1,1,1,0,1,1,1,1,2,1,2,1,0,1,1,2,1,2,1,0,1,0,1,1,2
08/16/2020,1,1,1,1,1,1,1,2,1,1,1,1,1,1,2,1,2,1,1,1,1,2,2,1,2,1,0,1,2,1,2,1,1,1,1,1,1,1,0,1,1,1,1,2,1,2,1,0,1,1,2,1,3,1,0,1,1,1,1,2
08/17/2020,1,1,1,1,1,1,1,2,1,1,1,1,1,1,2,1,2,1,1,1,1,2,2,1,2,1,0,1,2,1,2,1,1,1,1,1,1,1,0,1,1,1,1,2,1,2,1,0,1,1,2,1,2,1,0,1,0,1,1,2
08/18/2020,1,1,1,1,1,1,1,0,1,1,1,1,1,1,2,1,2,2,1,1,1,2,2,1,1,1,0,1,2,1,1,1,1,1,1,1,1,1,0,1,1,1,1,2,1,2,1,0,1,1,2,1,2,1,0,1,0,1,1,2
08/19/2020,1,1,1,1,1,1,1,0,1,1,1,1,1,1,2,1,2,2,1,1,1,1,2,1,1,1,0,1,2,1,1,1,1,1,1,1,1,1,0,1,1,1,1,2,1,2,1,3,1,1,2,1,2,0,0,1,0,1,1,1
08/20/2020,1,1,1,1,1,1,1,0,1,1,1,1,1,1,2,1,2,2,1,1,1,2,2,1,1,1,0,1,2,1,1,1,1,1,1,1,1,1,0,1,1,1,1,2,1,2,1,3,1,1,2,1,2,0,0,1,1,1,1,1
08/21/2020,1,1,1,1,1,1,1,0,1,1,1,1,1,1,2,1,0,2,1,1,1,2,2,1,1,1,0,1,1,1,1,1,1,1,1,1,1,1,0,1,1,1,1,2,1,2,1,0,1,1,2,1,2,0,1,1,2,1,0,1
08/22/2020,1,1,1,1,1,1,1,0,1,1,1,1,1,1,2,1,0,2,1,1,1,1,2,1,1,1,1,1,1,1,1,1,1,1,1,1,1,1,0,1,1,1,1,2,1,2,1,0,1,1,2,1,2,0,1,1,2,1,1,1
08/23/2020,1,1,1,1,1,1,1,0,1,1,1,1,1,1,2,1,0,2,1,1,1,1,2,1,1,1,1,1,1,1,1,1,1,1,1,1,1,1,0,1,1,1,1,2,1,1,1,3,1,1,2,1,2,0,1,1,2,1,1,1
08/24/2020,1,1,1,1,1,1,1,0,1,1,1,1,1,1,2,1,0,2,1,1,1,1,2,1,1,1,1,1,1,1,1,1,1,1,1,1,1,1,0,1,1,1,1,2,1,1,1,3,1,1,2,1,2,0,1,1,2,1,1,1
08/25/2020,1,1,2,1,1,1,1,0,1,1,1,1,1,1,2,1,0,2,1,1,1,1,2,1,1,1,1,1,1,1,1,1,1,1,1,1,1,1,0,1,1,1,1,2,1,1,1,3,1,1,2,1,2,0,1,1,2,1,1,1
08/26/2020,1,1,2,1,1,1,1,0,1,1,1,1,2,1,2,1,0,2,2,1,1,1,2,1,1,1,1,1,1,1,1,1,1,1,1,1,1,1,0,1,1,1,1,2,1,1,1,3,1,1,2,1,2,0,1,1,2,1,0,1
08/27/2020,1,1,1,1,1,1,1,0,1,1,1,1,2,1,1,1,0,2,1,1,1,1,0,1,1,1,1,1,1,1,1,1,1,1,1,1,1,1,0,1,1,1,1,1,1,1,1,3,1,1,2,0,1,0,1,1,2,1,0,1
08/28/2020,1,1,1,1,1,1,1,0,1,1,1,1,2,1,1,1,2,2,1,1,1,1,0,1,1,1,1,1,1,1,1,1,1,1,1,1,1,1,0,1,1,1,1,1,1,1,1,3,1,1,2,0,2,0,0,1,2,1,1,1
08/29/2020,1,1,1,1,1,1,1,0,1,1,1,1,2,1,1,1,2,2,1,1,1,1,0,1,1,1,1,1,1,1,1,1,1,1,1,1,1,1,0,1,1,1,1,1,1,1,1,3,1,1,2,1,2,0,0,1,2,1,0,1
08/30/2020,1,1,1,1,1,1,1,0,1,1,1,1,2,1,1,1,2,2,1,1,1,1,0,1,1,1,1,1,1,1,1,1,1,1,1,1,1,1,0,1,1,1,1,1,1,1,1,0,1,1,2,0,1,0,0,1,2,1,0,1
08/31/2020,1,1,1,1,1,1,1,0,1,1,1,1,2,1,1,1,2,2,1,1,1,1,0,1,1,1,1,1,1,1,0,2,1,1,1,1,1,1,0,1,1,1,1,1,1,1,1,0,1,1,2,1,2,0,0,1,2,1,1,1
09/01/2020,1,1,1,1,1,1,1,0,1,1,1,1,2,1,1,1,2,2,1,1,1,1,0,1,1,1,0,1,1,1,0,2,1,1,1,1,1,1,2,1,1,1,1,1,1,1,1,0,1,1,2,1,2,0,0,1,2,1,1,1
09/02/2020,2,1,1,1,1,1,1,0,1,1,1,1,3,1,1,1,2,2,1,1,1,1,0,1,1,1,1,1,1,1,0,2,1,1,1,1,1,1,2,1,1,1,1,1,1,1,1,0,1,1,1,1,2,0,1,1,2,1,1,1
09/03/2020,2,1,1,2,1,1,1,0,1,1,1,1,3,2,0,1,2,3,1,1,1,1,0,1,1,1,1,1,1,1,0,2,1,1,1,1,1,1,2,1,1,1,1,2,1,2,1,0,1,1,1,1,2,0,1,1,2,1,1,2
09/04/2020,2,1,1,2,1,1,1,0,1,1,1,1,3,2,1,1,2,3,1,1,1,1,0,1,1,1,1,1,1,1,0,2,1,1,1,1,1,1,2,1,1,1,1,2,1,2,1,0,1,1,1,0,2,0,1,1,2,1,1,2
09/05/2020,2,1,1,1,1,1,1,0,1,1,1,1,3,2,1,1,2,3,1,1,1,1,0,1,1,1,1,1,1,1,0,2,1,1,1,1,1,1,2,1,1,1,1,2,1,2,1,0,1,1,1,0,2,0,1,1,2,1,1,2
09/06/2020,1,1,1,1,1,1,1,0,1,1,1,1,3,2,1,1,2,3,1,1,1,1,0,1,1,1,1,2,1,1,0,2,1,1,1,1,1,1,2,1,1,1,1,1,1,2,1,0,1,1,1,0,2,0,2,1,2,1,1,2
09/07/2020,1,1,1,1,1,1,1,0,1,1,1,1,3,2,1,1,2,3,1,1,1,1,0,1,1,1,1,2,1,1,0,2,1,1,1,1,1,1,2,1,1,1,1,2,1,2,1,0,1,1,1,0,2,1,2,1,2,1,1,2
09/08/2020,1,1,1,1,1,1,1,0,1,1,1,1,3,2,1,1,2,3,1,1,1,1,0,1,1,1,1,2,1,1,0,2,1,1,1,1,1,1,0,1,1,1,1,2,1,2,1,0,1,1,1,0,2,1,2,1,2,1,1,2
09/09/2020,1,1,1,1,2,1,1,0,1,1,1,1,3,2,1,1,2,3,1,1,1,1,0,1,1,1,1,2,1,1,0,2,1,1,1,1,1,1,2,1,1,1,1,2,1,2,1,0,1,1,1,0,2,1,2,1,2,1,1,2
09/10/2020,1,1,1,1,2,1,1,0,1,1,1,1,3,2,2,1,2,2,1,1,1,1,0,1,1,1,1,2,1,1,0,2,1,1,1,1,1,1,2,1,1,1,1,2,1,1,1,0,1,1,1,0,2,0,2,1,2,1,1,2
09/11/2020,1,1,1,1,2,1,1,0,1,1,1,1,3,2,2,1,2,2,1,1,1,1,0,1,1,1,1,2,1,1,0,2,1,1,1,1,1,1,2,1,1,1,1,2,1,1,1,0,1,1,1,0,2,0,2,1,2,1,0,2
09/12/2020,1,1,1,1,2,1,1,0,1,1,1,1,3,2,2,1,2,2,1,1,1,1,0,1,1,1,1,2,1,2,0,2,1,1,1,1,1,1,2,1,1,1,1,2,1,1,1,0,1,1,1,1,2,0,2,1,2,1,1,2
09/13/2020,1,1,1,1,2,1,1,0,1,1,1,1,3,2,2,1,2,2,1,1,1,1,0,1,1,1,1,2,1,2,0,1,1,1,1,1,1,1,2,1,1,1,1,2,1,1,1,0,1,1,1,1,2,0,2,1,2,1,1,2
09/14/2020,1,1,1,1,2,1,1,2,1,1,1,1,3,2,2,1,2,2,1,1,1,1,0,1,1,1,1,2,1,2,0,1,1,1,1,1,1,1,2,1,1,1,1,2,1,1,1,0,1,1,1,1,2,0,2,1,2,1,1,2
09/15/2020,1,1,1,1,2,2,1,2,1,1,1,1,3,2,2,1,2,1,1,1,1,1,0,1,1,1,1,2,1,2,1,1,1,1,1,1,1,1,2,1,1,1,1,1,2,1,1,0,1,1,1,1,2,0,2,1,2,1,1,2
09/16/2020,1,1,1,1,2,2,1,2,1,1,1,1,3,2,2,1,2,1,1,1,1,1,0,1,1,1,1,2,1,2,1,1,1,1,2,1,1,1,2,1,1,1,1,1,2,1,1,0,1,1,1,1,1,1,2,1,2,1,1,2
09/17/2020,1,1,1,1,2,2,1,2,1,1,1,1,3,2,2,1,1,1,1,1,1,1,0,1,1,1,1,2,1,2,1,1,1,1,2,1,1,1,2,1,1,1,1,1,2,1,1,0,1,1,1,1,2,1,2,1,2,1,0,2
09/18/2020,1,1,1,1,2,2,1,2,1,1,1,1,3,1,2,1,1,1,1,1,1,1,0,1,1,1,1,2,0,2,1,1,1,1,2,1,1,1,2,1,1,1,1,1,2,2,1,0,1,1,1,1,2,1,2,1,1,1,0,2
09/19/2020,1,1,1,1,1,1,1,2,1,1,1,1,3,1,2,1,1,1,1,1,1,1,0,1,1,1,1,2,0,2,1,1,1,1,2,1,1,1,2,1,1,1,1,1,2,1,1,0,1,1,1,1,1,1,1,1,1,1,0,2
09/20/2020,1,1,1,1,1,2,1,2,1,1,1,1,3,2,2,1,1,1,1,1,1,1,0,1,1,1,1,2,1,2,1,1,1,1,2,1,1,1,2,1,1,1,1,1,2,2,1,0,1,1,1,2,1,1,1,1,1,1,0,2
09/21/2020,1,1,1,1,1,1,1,2,1,1,1,1,3,1,2,1,2,1,1,1,1,1,0,1,1,1,1,2,1,2,1,1,1,1,2,1,1,1,2,1,1,1,1,1,2,2,1,0,1,1,1,2,1,1,0,1,1,1,0,1
09/22/2020,1,1,1,1,1,1,1,2,1,1,1,1,3,1,2,1,1,1,1,1,1,1,0,1,1,1,1,2,1,2,1,1,1,1,2,1,1,1,2,1,1,1,1,1,2,2,1,0,1,1,1,2,1,1,0,1,1,1,0,1
09/23/2020,1,1,1,1,1,1,1,2,1,1,1,1,3,1,2,1,1,1,1,1,1,1,1,1,1,1,1,1,1,2,0,1,1,1,1,1,1,1,2,1,1,1,1,1,2,2,1,0,1,1,1,2,1,2,0,1,1,1,0,1
09/24/2020,1,1,1,1,1,1,2,2,1,1,1,1,3,1,2,1,1,1,1,1,1,1,2,1,1,1,1,1,1,2,1,1,1,1,1,1,1,1,2,1,1,1,1,1,1,2,1,3,2,1,0,2,1,2,0,1,1,2,0,1
09/25/2020,1,1,1,1,1,1,2,2,1,1,1,1,3,1,2,1,1,1,1,1,1,1,2,1,1,1,1,1,1,2,2,1,1,1,1,1,1,1,2,1,1,1,1,1,1,2,1,3,2,1,0,2,1,2,0,1,1,2,1,2
09/26/2020,1,1,1,1,1,1,2,2,1,1,1,2,3,1,2,1,1,1,1,1,1,1,2,1,1,1,1,1,1,2,2,1,1,1,1,1,1,1,2,1,1,1,1,1,1,2,1,3,2,1,0,2,2,2,0,1,1,2,1,2
09/27/2020,1,1,1,1,1,1,2,2,1,1,1,2,3,1,2,1,1,1,1,1,1,1,2,1,1,1,1,1,1,2,2,1,1,1,2,1,1,1,0,1,1,1,1,2,1,3,1,3,2,1,0,2,2,2,0,1,1,2,1,2
09/28/2020,1,1,1,1,1,1,2,2,1,1,1,2,3,1,2,1,1,1,1,1,1,1,2,1,1,1,1,1,2,2,2,2,1,1,2,1,1,1,0,1,1,1,1,2,1,2,2,3,2,1,0,2,1,2,0,1,1,2,1,2
09/29/2020,1,1,1,1,1,1,2,2,1,1,1,2,3,1,2,1,1,1,1,1,1,1,2,1,1,1,1,1,2,2,2,2,1,2,1,1,1,1,0,1,1,1,1,2,1,2,2,3,2,1,0,2,1,2,0,1,1,2,1,2
09/30/2020,1,1,1,1,1,1,2,2,1,1,1,1,3,1,2,1,1,2,1,1,1,1,2,1,1,1,1,1,2,2,2,2,1,2,2,1,1,1,0,1,1,1,1,2,1,2,2,3,2,1,1,2,1,2,0,1,1,2,1,2
10/01/2020,1,1,1,1,1,1,2,2,1,1,1,1,3,1,2,1,1,2,1,1,1,1,2,1,1,1,1,1,2,1,2,2,1,2,2,1,1,1,2,1,1,1,1,2,1,2,2,3,2,1,1,2,1,2,0,1,1,2,1,2
10/02/2020,1,1,1,1,1,1,2,2,1,1,2,1,3,1,2,1,1,2,1,1,1,1,2,1,1,1,1,1,2,2,2,2,1,2,2,1,1,1,2,1,1,1,1,3,1,2,2,3,2,1,1,2,2,2,0,1,1,2,1,1
10/03/2020,1,1,1,1,1,1,2,2,1,1,2,1,3,1,2,1,1,2,1,1,1,1,2,1,1,1,2,1,2,1,2,2,1,2,1,1,1,1,2,1,1,1,1,2,1,2,2,3,2,1,2,2,1,2,0,1,1,2,1,1
10/04/2020,1,1,1,1,1,1,2,2,1,1,2,1,3,1,2,1,1,2,1,1,1,1,2,2,1,1,2,1,2,2,2,2,1,2,2,1,1,1,2,1,1,1,1,2,1,2,2,0,2,2,2,2,1,2,0,1,1,2,1,1
10/05/2020,1,1,1,1,1,1,2,2,1,1,2,1,3,1,2,1,1,2,1,1,1,1,2,2,1,1,2,1,3,2,2,2,1,2,2,1,1,1,2,1,1,1,1,3,1,2,2,0,2,2,2,2,2,2,0,1,1,2,1,1
10/06/2020,1,1,1,1,1,1,2,2,1,1,2,1,3,1,2,1,1,2,1,1,2,1,2,2,1,1,2,1,3,2,2,2,1,2,2,1,2,1,2,1,1,1,1,3,1,2,2,3,2,2,2,2,2,2,0,1,1,2,1,1
10/07/2020,1,1,1,1,1,2,2,2,1,1,2,1,3,1,2,1,1,2,1,1,2,2,2,2,1,1,2,1,3,2,2,2,1,2,2,1,2,1,2,1,1,1,1,3,1,2,2,2,2,2,2,2,2,2,0,1,1,2,1,1
10/08/2020,1,1,1,1,1,2,2,2,1,2,2,1,3,1,2,1,1,2,1,1,2,2,2,2,1,1,2,1,3,2,2,2,1,2,2,1,2,1,2,1,1,1,1,3,2,2,2,2,2,2,2,2,2,2,0,1,1,2,1,2
10/09/2020,1,1,1,1,1,2,2,2,1,2,2,1,3,1,2,1,1,2,1,1,2,2,2,2,1,1,2,1,3,2,2,2,1,2,2,1,2,2,2,1,1,1,1,3,2,2,2,2,2,2,2,2,2,2,2,1,1,2,1,2
10/10/2020,1,1,2,1,1,2,2,2,1,2,2,2,3,1,2,1,1,2,1,1,2,2,2,2,1,1,2,1,3,2,2,2,2,2,2,1,2,2,2,1,2,1,1,3,2,3,2,2,2,2,2,2,2,2,2,1,1,2,2,2
10/11/2020,1,1,2,1,1,2,2,3,1,2,2,2,3,1,2,1,1,2,1,1,2,2,2,1,1,1,2,1,3,2,2,2,1,2,2,1,2,2,2,1,2,1,1,3,2,2,2,2,2,2,2,2,2,2,2,1,1,2,2,2
10/12/2020,1,1,1,1,1,2,2,3,1,2,2,2,3,1,2,1,1,1,1,1,2,2,2,1,1,1,2,1,3,2,2,2,2,2,2,1,2,2,2,1,2,1,1,2,2,2,1,2,2,2,2,2,2,2,2,1,1,2,2,2
10/13/2020,1,2,2,1,2,2,2,3,1,2,2,2,3,1,2,1,1,1,1,1,2,2,2,1,1,1,2,1,3,2,2,2,2,2,2,1,2,2,2,1,2,1,1,2,2,2,1,2,2,2,2,2,2,2,2,1,1,2,2,2
10/14/2020,1,2,2,1,2,2,2,3,1,2,2,1,3,1,2,1,1,2,1,1,2,2,2,1,1,1,2,1,3,2,2,2,2,2,2,1,2,1,2,1,2,1,1,3,2,2,1,2,2,2,2,2,2,2,2,1,1,2,2,2
10/15/2020,1,2,2,1,2,2,2,3,1,2,2,1,3,1,2,1,1,1,1,1,2,2,3,1,1,1,2,1,3,2,2,2,2,2,2,1,2,1,2,1,2,1,1,2,2,2,1,2,2,2,2,2,2,2,2,1,1,2,2,2
10/16/2020,1,2,2,1,2,2,2,3,1,2,2,1,3,1,2,1,1,1,1,1,2,2,3,1,1,1,2,1,3,2,2,2,2,2,2,1,2,1,2,1,2,1,1,2,2,2,1,2,2,2,2,2,2,2,2,1,1,3,2,2
10/17/2020,1,2,2,1,2,2,2,3,1,2,2,1,2,1,2,1,1,1,1,1,2,2,3,1,1,1,2,1,3,2,2,2,1,2,2,1,2,1,2,1,2,1,1,2,2,2,1,2,2,2,2,2,2,2,2,2,1,3,2,2
10/18/2020,1,2,2,1,2,2,2,3,1,2,2,1,2,1,1,1,1,1,2,1,2,2,3,1,1,1,2,1,3,2,2,2,1,2,2,1,2,1,2,1,2,1,1,2,2,2,1,2,2,2,2,2,2,2,2,2,1,3,2,2
10/19/2020,2,2,2,1,2,2,2,3,1,2,2,1,2,1,1,1,1,1,2,1,2,2,3,1,1,1,2,1,3,2,2,2,1,2,2,2,2,1,2,1,2,1,1,2,2,2,2,2,2,2,2,2,2,2,2,2,1,3,2,2
10/20/2020,2,2,2,1,2,2,2,3,1,2,2,1,2,1,1,1,1,1,2,1,2,2,3,1,1,1,2,1,3,2,2,2,1,2,2,2,2,1,2,1,2,1,2,2,2,1,2,2,2,2,1,2,2,2,0,2,1,3,2,2
10/21/2020,2,2,2,1,2,2,2,3,1,2,2,1,2,1,1,1,1,1,2,1,2,2,3,1,1,1,2,1,3,2,2,2,1,2,2,2,2,1,2,2,2,1,2,2,2,1,2,2,2,2,1,2,2,2,0,2,1,3,2,2
10/22/2020,2,2,2,1,2,2,2,3,2,2,2,1,2,1,1,1,1,1,2,1,2,2,3,1,1,2,2,1,3,2,2,2,1,2,3,2,2,1,2,2,2,1,2,2,2,2,2,2,2,2,1,2,1,2,2,2,1,3,2,2
10/23/2020,2,2,2,1,2,2,2,3,2,2,2,1,2,1,1,1,1,1,2,1,2,2,2,1,1,2,2,2,3,2,2,2,2,2,3,2,2,1,2,2,2,1,2,2,1,2,2,2,3,2,1,2,2,2,2,2,1,2,2,2
10/24/2020,2,2,2,1,2,2,2,3,2,2,2,1,3,1,1,1,1,1,2,1,2,2,2,1,1,2,2,2,3,2,2,2,2,2,3,2,2,1,2,2,2,1,2,2,1,2,2,2,3,2,1,2,2,2,2,2,1,2,2,2
10/25/2020,2,2,2,1,2,2,2,3,2,2,2,1,3,1,2,1,1,1,2,1,2,2,2,1,1,2,2,2,3,2,2,2,2,2,3,2,2,1,2,2,2,1,2,2,2,3,2,2,3,2,2,2,2,2,2,2,1,2,2,2
10/26/2020,2,2,2,1,2,2,2,3,2,2,2,1,3,1,2,2,1,1,2,1,2,2,2,1,1,2,2,2,3,2,2,2,2,2,3,2,2,1,2,2,2,1,2,2,2,2,2,2,3,2,1,2,2,2,2,2,1,2,2,2
10/27/2020,2,2,2,1,2,2,2,3,2,2,2,1,3,1,2,2,1,1,2,1,2,2,2,2,1,2,2,2,3,2,2,2,2,2,3,2,2,1,2,2,2,1,2,2,2,3,2,2,3,2,1,2,2,2,2,2,0,2,2,2
10/28/2020,2,2,2,1,2,3,2,3,2,2,2,1,3,2,2,2,2,1,2,1,2,2,2,2,1,2,2,2,3,2,2,2,2,2,3,2,2,1,2,2,2,1,2,2,2,3,2,2,3,2,1,2,2,2,2,2,1,2,2,2
10/29/2020,2,2,3,1,2,3,2,3,2,2,2,1,3,2,2,2,2,1,2,1,2,2,2,2,1,2,2,2,3,2,2,2,2,2,3,2,2,1,2,2,2,1,2,2,2,3,2,2,3,2,1,2,2,2,2,2,1,2,2,2
10/30/2020,2,2,3,1,2,3,2,3,2,2,2,1,3,2,2,2,2,1,2,2,2,2,2,2,1,2,2,2,3,2,2,2,2,2,3,2,2,1,2,2,2,1,2,2,2,2,2,2,3,2,1,2,2,2,2,2,1,2,2,2
10/31/2020,2,2,3,1,2,3,3,3,2,2,2,1,2,2,2,2,2,1,2,2,2,2,2,2,1,2,3,2,3,2,2,2,2,2,3,2,2,1,2,2,2,2,2,2,2,2,2,2,3,2,1,2,2,2,2,2,1,2,3,2
11/01/2020,2,2,3,1,2,2,3,3,2,2,2,1,2,2,2,2,2,1,2,2,2,2,2,2,1,2,2,2,3,3,2,2,2,2,3,2,2,1,2,2,3,2,2,2,2,2,2,2,3,2,1,2,2,2,2,2,1,2,3,2
11/02/2020,2,2,3,2,2,2,3,3,2,3,2,2,2,2,2,2,2,1,2,2,2,2,2,2,1,2,3,2,3,3,2,2,2,3,3,2,2,1,2,2,3,2,2,2,2,2,2,2,3,2,1,2,2,2,2,2,1,2,3,2
11/03/2020,2,2,3,2,3,2,3,3,2,3,2,2,2,2,2,2,2,1,2,2,2,2,3,2,2,2,2,2,3,3,2,2,2,3,3,2,2,1,2,2,3,2,2,2,2,2,2,2,3,2,2,2,2,2,2,2,1,2,3,2
11/04/2020,2,2,3,2,3,2,3,3,2,2,3,2,2,2,2,2,2,1,2,2,2,2,3,2,2,3,2,2,3,3,2,2,2,3,3,2,2,1,2,2,3,2,2,2,2,2,2,2,3,2,2,2,2,3,2,2,1,2,3,2
11/05/2020,2,2,3,2,3,2,3,3,2,2,3,2,2,2,2,2,2,2,2,2,2,2,3,2,2,3,3,2,3,3,2,2,2,3,3,2,2,1,2,2,3,2,2,2,2,2,3,2,3,2,2,3,2,3,2,2,2,2,3,2
11/06/2020,2,2,3,2,3,2,3,3,2,2,3,2,2,2,2,2,2,2,2,2,2,2,3,2,2,3,3,2,3,3,2,2,2,3,3,2,2,1,1,3,3,2,2,2,2,2,3,2,3,2,2,3,2,3,2,2,2,2,3,2
11/07/2020,2,2,3,2,3,2,3,3,2,3,3,2,3,2,3,2,2,2,2,2,2,2,3,2,2,3,3,3,3,3,2,2,2,3,3,2,2,2,2,3,3,2,2,2,2,2,3,2,3,2,2,3,2,3,2,2,2,2,3,2
11/08/2020,2,2,3,2,3,2,3,3,2,3,3,2,3,2,3,2,2,2,2,2,2,3,3,2,2,3,2,3,3,3,2,2,2,3,3,3,2,2,2,3,3,2,2,2,2,2,3,2,3,2,2,3,2,3,2,2,2,2,3,2
11/09/2020,2,2,3,2,3,2,3,3,2,3,3,2,3,2,3,2,2,2,2,2,3,3,3,2,2,3,2,3,3,3,3,2,2,3,3,3,2,2,2,3,3,2,2,2,2,2,3,2,3,2,2,3,3,3,2,3,2,2,3,2
11/10/2020,2,2,3,2,3,2,3,3,2,3,3,3,3,2,3,2,2,2,2,2,3,3,3,2,2,3,3,3,3,3,3,2,2,3,3,3,3,2,2,3,3,2,2,3,2,3,3,2,3,2,1,3,3,3,2,3,2,3,3,2
11/11/2020,2,2,3,2,3,3,3,3,3,3,3,3,3,2,3,2,2,2,3,3,3,3,3,2,2,3,2,3,3,3,3,2,3,3,3,3,3,2,2,3,3,2,2,3,3,3,3,2,3,3,2,3,3,3,2,3,2,3,3,2
11/12/2020,2,3,3,2,3,3,3,3,3,3,3,3,3,2,3,3,2,2,3,3,3,3,3,3,2,3,2,3,3,3,3,2,3,3,3,3,3,2,2,3,3,2,3,3,3,3,3,2,3,3,2,3,3,3,2,3,2,3,3,2
11/13/2020,2,3,3,3,3,3,3,3,3,3,3,3,3,2,3,3,2,2,3,3,3,3,3,3,2,3,3,3,3,3,3,2,3,3,3,3,3,3,2,3,3,2,3,3,3,3,3,3,3,3,1,3,3,3,2,3,2,3,3,3
11/14/2020,2,3,3,3,5,3,3,3,3,3,3,3,3,2,3,3,2,2,3,3,3,3,3,3,2,3,3,3,3,3,3,2,3,3,3,3,3,3,2,3,3,2,3,3,3,3,3,2,3,3,2,3,3,3,2,3,2,3,3,2
11/15/2020,2,3,3,3,5,3,3,3,3,3,3,3,3,3,3,3,3,2,3,3,3,3,3,3,2,3,3,3,3,3,3,2,3,3,3,3,3,3,3,3,3,3,3,2,3,3,3,2,3,3,2,3,3,3,2,3,2,3,3,2
11/16/2020,2,3,3,3,5,3,5,3,3,3,3,3,3,3,3,3,3,2,3,3,3,3,3,3,2,3,3,3,3,3,3,2,3,3,3,3,3,3,3,3,3,3,3,2,3,3,3,2,3,3,2,3,3,3,2,3,2,3,3,3
11/17/2020,2,3,3,3,5,3,5,3,3,3,3,3,3,3,3,3,3,2,3,3,3,3,3,3,2,3,3,3,3,3,3,2,3,3,3,3,3,3,3,3,3,3,3,3,3,3,3,2,3,3,2,3,3,3,2,3,2,3,3,3
11/18/2020,2,3,3,3,5,3,5,3,3,3,5,3,3,3,3,3,3,2,3,3,3,3,3,3,3,3,3,3,3,3,3,2,3,3,3,3,3,3,3,3,5,2,3,3,3,3,3,3,3,3,2,3,3,3,2,3,2,3,3,3
11/19/2020,2,3,3,3,5,3,5,3,3,3,5,3,3,3,3,3,3,2,3,3,3,3,3,3,3,3,3,3,3,3,3,2,3,3,3,3,3,3,3,3,5,3,3,3,3,3,3,3,3,3,2,3,3,3,2,3,2,3,3,3
11/20/2020,2,3,3,3,5,3,5,5,3,3,5,3,3,3,5,3,3,3,3,3,3,3,3,3,3,3,3,3,3,3,3,2,3,3,3,3,3,3,3,3,5,3,3,3,3,3,3,3,3,3,2,3,5,3,2,3,2,3,3,3
11/21/2020,3,3,3,3,3,3,5,3,3,3,5,3,3,3,5,3,3,3,3,3,3,3,3,3,3,3,3,3,3,3,3,2,3,3,3,3,3,3,3,3,5,3,3,3,3,3,3,3,3,5,2,5,5,3,2,3,2,3,3,3
11/22/2020,3,3,3,3,5,3,5,3,3,3,5,3,3,3,5,3,3,3,3,3,3,3,3,3,3,3,3,3,3,3,3,2,3,3,3,3,3,3,3,3,5,3,3,3,3,3,3,3,3,5,2,5,5,3,2,3,2,3,3,3
11/23/2020,3,3,3,3,5,3,5,3,3,3,5,3,3,3,5,3,3,3,3,3,3,3,3,3,3,3,3,3,3,3,3,3,3,3,3,3,3,3,3,3,5,3,3,3,3,3,3,3,3,5,2,5,5,3,2,3,2,3,3,3
11/24/2020,3,3,3,3,5,3,5,3,3,3,5,3,3,3,5,3,3,3,3,3,3,3,3,3,3,3,3,3,3,3,3,3,3,3,3,3,3,3,3,3,5,3,3,3,3,3,3,3,3,5,3,5,5,3,2,3,2,3,3,3
11/25/2020,2,3,3,3,5,3,5,3,3,3,5,3,3,3,5,3,3,3,3,3,3,3,3,3,3,3,3,3,3,3,3,3,3,3,3,3,3,3,3,3,5,3,3,3,3,3,3,3,3,5,3,3,5,3,3,3,2,3,3,3
11/26/2020,3,3,3,3,5,3,5,3,3,3,5,3,3,3,5,5,3,3,3,3,3,3,3,3,3,3,3,3,3,3,3,3,3,3,3,3,3,3,3,3,5,3,3,3,3,3,3,3,3,5,3,5,5,3,3,3,2,3,3,3
11/27/2020,3,3,3,3,5,3,5,3,3,3,5,3,3,3,5,3,3,3,3,3,3,3,3,3,3,3,3,3,3,3,3,3,3,3,3,3,3,3,3,3,5,3,3,3,3,3,3,3,3,5,2,5,5,3,3,3,2,3,3,3
11/28/2020,3,3,3,3,5,3,5,3,3,3,5,3,3,3,5,5,5,3,3,3,3,3,3,3,3,3,3,3,3,3,3,3,3,3,3,3,3,3,3,3,5,3,3,3,3,3,3,3,3,5,2,5,5,3,3,3,3,3,3,3
11/29/2020,3,3,3,3,5,3,5,3,3,3,5,3,3,3,5,5,5,3,3,3,3,3,3,3,3,3,3,3,3,3,3,3,3,3,3,3,3,3,3,3,5,3,3,3,3,3,3,3,3,5,2,3,5,3,3,3,3,3,3,3
11/30/2020,3,3,3,3,5,3,5,3,3,3,5,3,3,3,5,5,5,3,3,3,3,3,3,3,3,3,3,3,3,3,3,3,3,3,3,3,3,3,3,3,5,3,3,3,3,3,3,3,3,5,2,3,5,3,3,3,3,3,3,3
12/01/2020,3,3,3,3,5,3,5,3,3,3,5,3,3,3,5,5,5,3,3,3,3,3,3,3,3,3,3,3,3,3,5,3,3,3,3,3,3,3,3,3,5,3,3,3,3,3,3,3,3,5,2,5,5,3,3,3,3,3,3,3
12/02/2020,3,3,3,3,5,3,5,3,3,3,5,3,3,3,5,5,5,3,5,3,3,3,3,3,3,3,3,3,3,3,5,3,3,3,3,3,3,3,3,3,5,3,3,3,3,3,3,3,3,5,2,5,5,3,3,3,3,3,3,3
12/03/2020,3,3,3,3,5,3,5,3,3,3,5,3,3,3,5,5,5,3,5,3,3,3,3,3,3,5,5,3,3,3,5,3,3,3,3,3,3,3,3,5,5,3,3,3,3,3,3,3,3,5,2,5,3,3,3,3,3,3,3,3
12/04/2020,3,3,3,3,5,3,5,3,3,3,5,3,3,3,5,5,5,3,5,3,3,3,3,3,3,5,5,3,3,3,5,3,3,3,5,3,3,5,3,5,5,3,3,5,3,3,3,3,3,5,2,5,3,3,3,3,3,3,3,3
12/05/2020,3,3,3,5,5,3,5,3,3,3,5,3,3,3,5,5,3,3,5,3,3,3,3,3,3,5,5,3,3,3,5,3,3,3,5,3,3,5,3,5,5,3,3,5,3,3,3,3,3,5,2,5,3,3,3,3,3,5,3,5
12/06/2020,3,3,3,5,5,3,5,3,3,3,5,3,3,3,5,5,3,3,5,3,3,3,3,3,3,5,5,3,3,3,5,3,3,5,5,3,3,5,3,5,5,3,3,5,3,3,3,3,3,5,2,5,3,5,3,3,3,5,3,5
12/07/2020,3,3,3,5,5,3,5,3,5,3,5,5,3,3,5,5,5,3,5,3,3,3,3,3,3,5,5,3,3,3,5,3,3,5,5,5,5,5,5,5,5,3,3,5,5,3,3,5,3,5,2,5,5,5,5,3,3,5,3,5
12/08/2020,3,3,3,5,5,5,5,3,5,3,5,5,3,3,5,5,5,3,5,5,5,3,5,5,5,5,5,3,3,3,5,3,3,5,5,5,5,5,5,5,5,3,3,5,5,5,5,5,3,5,3,5,5,5,5,3,3,5,3,5
12/09/2020,3,3,5,5,5,5,5,3,5,3,5,5,3,3,5,5,5,3,5,5,5,3,5,5,5,5,5,3,5,3,5,3,3,5,5,5,5,5,5,5,5,3,3,5,5,5,3,5,3,5,3,5,5,5,5,3,3,5,3,5
12/10/2020,3,3,5,5,5,5,5,3,5,5,5,5,3,3,5,5,5,3,5,3,3,3,5,5,5,5,5,3,5,3,5,3,5,5,5,5,5,5,5,5,5,3,3,5,5,5,3,3,3,5,3,5,5,5,5,3,3,5,3,5
12/11/2020,3,5,5,5,5,5,5,3,5,5,5,3,3,3,5,5,5,3,5,3,5,3,5,5,5,5,5,3,5,3,5,3,3,5,3,5,5,5,5,5,5,3,3,5,5,5,3,3,5,5,3,5,5,5,5,5,3,5,3,5
12/12/2020,3,5,5,5,5,5,5,3,5,5,5,3,3,3,5,5,5,3,5,3,5,3,5,5,5,5,5,3,5,3,5,3,3,5,3,5,3,5,5,5,5,3,3,5,5,5,3,3,5,5,3,5,5,5,5,3,3,5,3,5
12/13/2020,3,5,5,5,5,5,5,3,5,5,5,3,3,3,5,5,5,3,5,5,5,3,5,5,5,5,5,5,5,3,5,3,5,5,5,5,5,5,5,5,5,3,3,5,5,5,3,3,5,5,3,5,5,5,5,5,3,5,3,5
12/14/2020,5,5,5,5,5,5,5,3,5,5,5,3,3,3,5,5,5,3,5,5,5,3,5,5,5,5,5,5,5,3,5,3,3,5,5,5,5,5,5,5,5,3,3,5,5,5,3,3,5,5,3,5,5,5,5,5,5,5,3,5
12/15/2020,5,5,5,5,5,5,5,3,3,5,5,3,3,3,5,5,5,3,5,5,5,3,5,5,5,5,5,5,5,3,5,3,3,5,5,5,3,5,5,5,5,3,3,5,5,5,3,3,5,5,3,5,5,5,5,5,5,5,3,5
12/16/2020,5,5,5,5,5,5,5,3,3,5,5,3,3,3,5,5,5,3,5,5,5,3,5,5,5,5,5,5,5,3,5,3,3,5,5,5,5,5,5,5,5,3,3,5,5,5,3,3,5,5,3,5,5,5,5,5,5,5,3,5
12/17/2020,5,5,5,5,5,5,5,5,3,5,5,3,5,3,5,5,5,3,5,3,5,3,5,5,5,5,5,5,5,3,5,3,3,5,5,5,5,5,5,5,5,3,3,5,5,5,3,3,5,5,3,5,5,5,5,5,5,5,3,5
12/18/2020,5,5,5,5,5,5,5,3,3,5,5,3,3,3,5,5,5,3,5,5,5,3,5,5,5,5,5,5,5,3,5,3,3,5,5,5,5,5,5,5,5,3,3,5,5,5,3,3,5,5,3,3,5,5,5,3,5,5,3,5
12/19/2020,5,5,5,5,5,3,5,3,3,5,5,3,3,3,3,5,5,3,5,5,5,3,5,5,5,5,5,5,5,3,3,3,3,5,5,5,5,5,5,5,5,3,3,5,5,5,3,3,5,5,3,5,5,5,5,3,5,5,3,5
12/20/2020,5,3,5,5,5,3,5,3,3,5,5,3,3,3,3,5,5,3,5,3,3,3,5,5,5,5,5,5,5,3,3,3,3,5,5,5,5,5,5,5,5,3,3,5,5,5,3,3,5,5,3,3,5,5,5,3,5,5,3,5
12/21/2020,5,3,5,5,5,3,5,3,3,5,5,3,3,3,3,5,5,3,5,3,3,3,5,5,5,5,5,5,5,3,3,3,3,5,5,5,5,5,5,5,5,3,3,5,5,5,3,3,5,5,3,3,5,5,5,3,5,5,3,5
12/22/2020,5,3,5,5,5,3,5,3,3,5,5,3,3,3,3,5,5,3,5,3,3,3,5,5,5,5,3,5,5,3,3,3,3,5,3,5,5,5,5,5,5,3,3,5,5,5,3,3,5,5,3,3,5,5,5,3,5,5,3,5
12/23/2020,5,3,5,5,3,3,5,3,3,5,5,3,3,3,3,5,5,3,5,3,3,3,5,5,5,5,3,5,5,3,3,3,3,5,5,5,5,5,5,5,5,3,3,5,5,5,3,3,5,5,3,3,5,5,5,3,3,5,3,5
12/24/2020,5,3,5,5,5,3,5,3,3,5,5,3,3,3,3,5,5,3,5,3,3,3,5,5,5,5,3,5,5,3,3,3,3,5,5,5,3,5,5,5,5,3,3,5,5,3,3,3,5,5,3,3,5,5,5,3,5,5,3,5
12/25/2020,5,3,5,3,3,3,5,3,3,5,3,5,3,3,3,5,5,3,5,3,3,3,5,5,5,3,3,5,5,3,3,3,3,5,3,5,3,5,5,5,3,3,3,5,5,3,3,3,5,5,3,3,5,5,5,3,5,5,3,5
12/26/2020,5,3,5,3,3,3,5,3,3,5,3,5,3,3,3,5,5,3,3,3,3,3,5,3,5,3,3,5,5,3,3,3,3,3,3,5,3,5,5,3,5,3,3,5,5,3,3,3,5,5,3,3,5,5,5,3,5,5,3,5
12/27/2020,5,3,5,3,3,3,3,3,3,5,3,5,3,3,3,5,5,5,3,3,3,3,5,3,5,3,3,5,5,3,3,3,3,3,3,5,3,5,5,3,5,3,3,5,5,3,3,3,5,5,3,3,5,5,5,3,5,5,3,3
12/28/2020,5,3,3,3,3,3,3,3,3,3,3,3,3,3,3,5,3,3,3,3,3,3,5,3,5,3,3,3,5,3,3,3,3,3,3,3,3,5,5,3,5,3,3,5,3,3,3,3,5,5,3,3,5,3,5,3,5,3,3,3
12/29/2020,5,3,5,3,3,3,3,3,3,5,3,3,3,3,3,5,5,3,3,3,3,3,5,3,5,3,3,5,5,3,3,3,3,3,3,3,3,5,5,3,5,3,3,5,3,3,3,3,5,5,3,3,5,3,3,3,5,3,3,3
12/30/2020,5,3,3,3,3,3,3,3,3,5,3,5,3,3,3,5,3,5,3,3,3,3,5,3,5,3,3,5,5,3,3,3,3,3,3,3,3,5,5,3,3,3,3,5,3,3,3,3,5,5,3,3,3,3,5,3,5,3,3,3
12/31/2020,5,3,5,3,3,3,3,3,3,5,3,5,3,3,3,5,3,3,3,3,3,3,5,3,5,3,5,5,5,3,3,3,3,3,3,3,3,5,3,3,3,3,3,5,3,3,3,3,5,5,3,3,5,3,5,3,5,3,3,3
01/01/2021,5,3,5,3,3,3,3,3,3,3,3,3,3,3,3,5,3,5,3,3,3,3,5,3,5,3,5,5,5,3,3,3,3,3,5,3,3,5,5,3,5,3,3,5,3,3,3,3,5,5,3,3,3,3,5,3,5,3,3,3
01/02/2021,5,3,5,3,3,3,3,3,3,5,3,5,3,3,3,5,5,5,3,3,3,3,5,3,5,3,5,5,5,3,3,3,3,3,5,5,3,5,5,3,3,3,3,5,3,3,3,5,5,5,3,3,3,3,5,3,5,3,3,3
01/03/2021,5,3,5,3,3,3,3,3,3,5,3,5,3,3,3,5,3,3,3,3,3,3,5,3,5,3,5,5,5,3,3,3,3,3,5,5,3,5,5,3,5,3,3,5,3,3,3,3,5,5,3,3,3,3,5,3,5,3,3,3
01/04/2021,3,3,5,3,3,3,3,3,3,5,3,5,3,3,3,5,5,5,3,3,3,3,5,3,5,3,5,5,5,3,3,3,3,3,5,3,3,5,5,3,3,3,3,5,3,3,3,3,5,5,3,3,3,3,5,3,5,3,3,3
01/05/2021,3,3,5,3,3,3,3,3,3,5,3,5,3,3,3,5,3,5,3,3,3,3,5,3,5,3,5,5,3,3,3,3,3,3,5,5,3,3,5,3,5,3,3,5,5,3,3,3,5,5,3,3,3,3,5,3,5,3,3,3
01/06/2021,3,3,5,3,3,3,3,3,3,5,3,5,3,3,3,5,3,3,3,3,3,3,5,3,5,5,5,5,3,3,3,3,3,3,5,5,3,3,5,3,3,3,3,5,5,3,3,3,5,5,3,3,5,3,3,3,3,3,3,3
01/07/2021,3,3,5,3,3,3,3,3,3,5,3,5,3,3,3,5,3,5,3,3,3,3,5,3,5,5,5,5,3,3,3,3,3,3,5,5,3,3,5,3,3,3,3,5,5,5,3,3,5,5,3,3,5,3,3,3,5,3,3,3
01/08/2021,3,3,5,3,3,3,5,3,3,5,3,5,3,3,3,5,3,5,3,3,3,3,5,3,5,5,5,5,5,3,3,3,3,3,5,5,3,5,5,3,3,3,3,5,5,5,3,3,5,5,3,3,5,3,3,3,5,5,3,3
01/09/2021,3,3,5,3,3,3,3,3,3,5,3,5,3,3,3,5,3,5,3,3,3,3,5,3,5,5,5,5,5,3,3,3,3,3,5,5,3,3,5,3,3,3,3,5,5,5,3,3,5,5,3,3,5,3,3,3,3,3,3,3
