DEATH_Covid19,6001,6005,6007,6009,6011,6013,6015,6017,6019,6021,6023,6025,6027,6029,6031,6033,6035,6037,6039,6041,6043,6045,6047,6049,6051,6053,6055,6057,6059,6061,6063,6065,6067,6069,6071,6073,6075,6077,6079,6081,6083,6085,6087,6089,6093,6095,6097,6099,6103,6105,6107,6109,6111,6113,6115
ID,186,188,189,190,191,192,193,194,195,196,197,198,199,200,201,202,203,204,205,206,207,208,209,210,211,212,213,214,215,216,217,218,219,220,221,222,223,224,225,226,227,228,229,230,232,233,234,235,237,238,239,240,241,242,243
FIPS,6001,6005,6007,6009,6011,6013,6015,6017,6019,6021,6023,6025,6027,6029,6031,6033,6035,6037,6039,6041,6043,6045,6047,6049,6051,6053,6055,6057,6059,6061,6063,6065,6067,6069,6071,6073,6075,6077,6079,6081,6083,6085,6087,6089,6093,6095,6097,6099,6103,6105,6107,6109,6111,6113,6115
State,CA,CA,CA,CA,CA,CA,CA,CA,CA,CA,CA,CA,CA,CA,CA,CA,CA,CA,CA,CA,CA,CA,CA,CA,CA,CA,CA,CA,CA,CA,CA,CA,CA,CA,CA,CA,CA,CA,CA,CA,CA,CA,CA,CA,CA,CA,CA,CA,CA,CA,CA,CA,CA,CA,CA
County,Alameda County,Amador County,Butte County,Calaveras County,Colusa County,Contra Costa County,Del Norte County,El Dorado County,Fresno County,Glenn County,Humboldt County,Imperial County,Inyo County,Kern County,Kings County,Lake County,Lassen County,Los Angeles County,Madera County,Marin County,Mariposa County,Mendocino County,Merced County,Modoc County,Mono County,Monterey County,Napa County,Nevada County,Orange County,Placer County,Plumas County,Riverside County,Sacramento County,San Benito County,San Bernardino County,San Diego County,San Francisco County,San Joaquin County,San Luis Obispo County,San Mateo County,Santa Barbara County,Santa Clara County,Santa Cruz County,Shasta County,Siskiyou County,Solano County,Sonoma County,Stanislaus County,Tehama County,Trinity County,Tulare County,Tuolumne County,Ventura County,Yolo County,Yuba County
Full,"Alameda County, CA","Amador County, CA","Butte County, CA","Calaveras County, CA","Colusa County, CA","Contra Costa County, CA","Del Norte County, CA","El Dorado County, CA","Fresno County, CA","Glenn County, CA","Humboldt County, CA","Imperial County, CA","Inyo County, CA","Kern County, CA","Kings County, CA","Lake County, CA","Lassen County, CA","Los Angeles County, CA","Madera County, CA","Marin County, CA","Mariposa County, CA","Mendocino County, CA","Merced County, CA","Modoc County, CA","Mono County, CA","Monterey County, CA","Napa County, CA","Nevada County, CA","Orange County, CA","Placer County, CA","Plumas County, CA","Riverside County, CA","Sacramento County, CA","San Benito County, CA","San Bernardino County, CA","San Diego County, CA","San Francisco County, CA","San Joaquin County, CA","San Luis Obispo County, CA","San Mateo County, CA","Santa Barbara County, CA","Santa Clara County, CA","Santa Cruz County, CA","Shasta County, CA","Siskiyou County, CA","Solano County, CA","Sonoma County, CA","Stanislaus County, CA","Tehama County, CA","Trinity County, CA","Tulare County, CA","Tuolumne County, CA","Ventura County, CA","Yolo County, CA","Yuba County, CA"
01/01/2020,0,0,0,0,0,0,0,0,0,0,0,0,0,0,0,0,0,0,0,0,0,0,0,0,0,0,0,0,0,0,0,0,0,0,0,0,0,0,0,0,0,0,0,0,0,0,0,0,0,0,0,0,0,0,0
01/02/2020,0,0,0,0,0,0,0,0,0,0,0,0,0,0,0,0,0,0,0,0,0,0,0,0,0,0,0,0,0,0,0,0,0,0,0,0,0,0,0,0,0,0,0,0,0,0,0,0,0,0,0,0,0,0,0
01/03/2020,0,0,0,0,0,0,0,0,0,0,0,0,0,0,0,0,0,0,0,0,0,0,0,0,0,0,0,0,0,0,0,0,0,0,0,0,0,0,0,0,0,0,0,0,0,0,0,0,0,0,0,0,0,0,0
01/04/2020,0,0,0,0,0,0,0,0,0,0,0,0,0,0,0,0,0,0,0,0,0,0,0,0,0,0,0,0,0,0,0,0,0,0,0,0,0,0,0,0,0,0,0,0,0,0,0,0,0,0,0,0,0,0,0
01/05/2020,0,0,0,0,0,0,0,0,0,0,0,0,0,0,0,0,0,0,0,0,0,0,0,0,0,0,0,0,0,0,0,0,0,0,0,0,0,0,0,0,0,0,0,0,0,0,0,0,0,0,0,0,0,0,0
01/06/2020,0,0,0,0,0,0,0,0,0,0,0,0,0,0,0,0,0,0,0,0,0,0,0,0,0,0,0,0,0,0,0,0,0,0,0,0,0,0,0,0,0,0,0,0,0,0,0,0,0,0,0,0,0,0,0
01/07/2020,0,0,0,0,0,0,0,0,0,0,0,0,0,0,0,0,0,0,0,0,0,0,0,0,0,0,0,0,0,0,0,0,0,0,0,0,0,0,0,0,0,0,0,0,0,0,0,0,0,0,0,0,0,0,0
01/08/2020,0,0,0,0,0,0,0,0,0,0,0,0,0,0,0,0,0,0,0,0,0,0,0,0,0,0,0,0,0,0,0,0,0,0,0,0,0,0,0,0,0,0,0,0,0,0,0,0,0,0,0,0,0,0,0
01/09/2020,0,0,0,0,0,0,0,0,0,0,0,0,0,0,0,0,0,0,0,0,0,0,0,0,0,0,0,0,0,0,0,0,0,0,0,0,0,0,0,0,0,0,0,0,0,0,0,0,0,0,0,0,0,0,0
01/10/2020,0,0,0,0,0,0,0,0,0,0,0,0,0,0,0,0,0,0,0,0,0,0,0,0,0,0,0,0,0,0,0,0,0,0,0,0,0,0,0,0,0,0,0,0,0,0,0,0,0,0,0,0,0,0,0
01/11/2020,0,0,0,0,0,0,0,0,0,0,0,0,0,0,0,0,0,0,0,0,0,0,0,0,0,0,0,0,0,0,0,0,0,0,0,0,0,0,0,0,0,0,0,0,0,0,0,0,0,0,0,0,0,0,0
01/12/2020,0,0,0,0,0,0,0,0,0,0,0,0,0,0,0,0,0,0,0,0,0,0,0,0,0,0,0,0,0,0,0,0,0,0,0,0,0,0,0,0,0,0,0,0,0,0,0,0,0,0,0,0,0,0,0
01/13/2020,0,0,0,0,0,0,0,0,0,0,0,0,0,0,0,0,0,0,0,0,0,0,0,0,0,0,0,0,0,0,0,0,0,0,0,0,0,0,0,0,0,0,0,0,0,0,0,0,0,0,0,0,0,0,0
01/14/2020,0,0,0,0,0,0,0,0,0,0,0,0,0,0,0,0,0,0,0,0,0,0,0,0,0,0,0,0,0,0,0,0,0,0,0,0,0,0,0,0,0,0,0,0,0,0,0,0,0,0,0,0,0,0,0
01/15/2020,0,0,0,0,0,0,0,0,0,0,0,0,0,0,0,0,0,0,0,0,0,0,0,0,0,0,0,0,0,0,0,0,0,0,0,0,0,0,0,0,0,0,0,0,0,0,0,0,0,0,0,0,0,0,0
01/16/2020,0,0,0,0,0,0,0,0,0,0,0,0,0,0,0,0,0,0,0,0,0,0,0,0,0,0,0,0,0,0,0,0,0,0,0,0,0,0,0,0,0,0,0,0,0,0,0,0,0,0,0,0,0,0,0
01/17/2020,0,0,0,0,0,0,0,0,0,0,0,0,0,0,0,0,0,0,0,0,0,0,0,0,0,0,0,0,0,0,0,0,0,0,0,0,0,0,0,0,0,0,0,0,0,0,0,0,0,0,0,0,0,0,0
01/18/2020,0,0,0,0,0,0,0,0,0,0,0,0,0,0,0,0,0,0,0,0,0,0,0,0,0,0,0,0,0,0,0,0,0,0,0,0,0,0,0,0,0,0,0,0,0,0,0,0,0,0,0,0,0,0,0
01/19/2020,0,0,0,0,0,0,0,0,0,0,0,0,0,0,0,0,0,0,0,0,0,0,0,0,0,0,0,0,0,0,0,0,0,0,0,0,0,0,0,0,0,0,0,0,0,0,0,0,0,0,0,0,0,0,0
01/20/2020,0,0,0,0,0,0,0,0,0,0,0,0,0,0,0,0,0,0,0,0,0,0,0,0,0,0,0,0,0,0,0,0,0,0,0,0,0,0,0,0,0,0,0,0,0,0,0,0,0,0,0,0,0,0,0
01/21/2020,0,0,0,0,0,0,0,0,0,0,0,0,0,0,0,0,0,0,0,0,0,0,0,0,0,0,0,0,0,0,0,0,0,0,0,0,0,0,0,0,0,0,0,0,0,0,0,0,0,0,0,0,0,0,0
01/22/2020,0,0,0,0,0,0,0,0,0,0,0,0,0,0,0,0,0,0,0,0,0,0,0,0,0,0,0,0,0.0,0,0,0,0,0,0,0,0,0,0,0,0,0,0,0,0,0,0,0,0,0,0,0,0,0,0
01/23/2020,0,0,0,0,0,0,0,0,0,0,0,0,0,0,0,0,0,0,0,0,0,0,0,0,0,0,0,0,0.0,0,0,0,0,0,0,0,0,0,0,0,0,0,0,0,0,0,0,0,0,0,0,0,0,0,0
01/24/2020,0,0,0,0,0,0,0,0,0,0,0,0,0,0,0,0,0,0,0,0,0,0,0,0,0,0,0,0,0.0,0,0,0,0,0,0,0,0,0,0,0,0,0,0,0,0,0,0,0,0,0,0,0,0,0,0
01/25/2020,0,0,0,0,0,0,0,0,0,0,0,0,0,0,0,0,0,0,0,0,0,0,0,0,0,0,0,0,0.0,0,0,0,0,0,0,0,0,0,0,0,0,0,0,0,0,0,0,0,0,0,0,0,0,0,0
01/26/2020,0,0,0,0,0,0,0,0,0,0,0,0,0,0,0,0,0,0.0,0,0,0,0,0,0,0,0,0,0,0.0,0,0,0,0,0,0,0,0,0,0,0,0,0,0,0,0,0,0,0,0,0,0,0,0,0,0
01/27/2020,0,0,0,0,0,0,0,0,0,0,0,0,0,0,0,0,0,0.0,0,0,0,0,0,0,0,0,0,0,0.0,0,0,0,0,0,0,0,0,0,0,0,0,0,0,0,0,0,0,0,0,0,0,0,0,0,0
01/28/2020,0,0,0,0,0,0,0,0,0,0,0,0,0,0,0,0,0,0.0,0,0,0,0,0,0,0,0,0,0,0.0,0,0,0,0,0,0,0,0,0,0,0,0,0,0,0,0,0,0,0,0,0,0,0,0,0,0
01/29/2020,0,0,0,0,0,0,0,0,0,0,0,0,0,0,0,0,0,0.0,0,0,0,0,0,0,0,0,0,0,0.0,0,0,0,0,0,0,0,0,0,0,0,0,0,0,0,0,0,0,0,0,0,0,0,0,0,0
01/30/2020,0,0,0,0,0,0,0,0,0,0,0,0,0,0,0,0,0,0.0,0,0,0,0,0,0,0,0,0,0,0.0,0,0,0,0,0,0,0,0,0,0,0,0,0,0,0,0,0,0,0,0,0,0,0,0,0,0
01/31/2020,0,0,0,0,0,0,0,0,0,0,0,0,0,0,0,0,0,0.0,0,0,0,0,0,0,0,0,0,0,0.0,0,0,0,0,0,0,0,0,0,0,0,0,0.0,0,0,0,0,0,0,0,0,0,0,0,0,0
02/01/2020,0,0,0,0,0,0,0,0,0,0,0,0,0,0,0,0,0,0.0,0,0,0,0,0,0,0,0,0,0,0.0,0,0,0,0,0,0,0,0,0,0,0,0,0.0,0,0,0,0,0,0,0,0,0,0,0,0,0
02/02/2020,0,0,0,0,0,0,0,0,0,0,0,0,0,0,0,0,0,0.0,0,0,0,0,0,0,0,0,0,0,0.0,0,0,0,0,0,0,0,0.0,0,0,0,0,0.0,0,0,0,0,0,0,0,0,0,0,0,0,0
02/03/2020,0,0,0,0,0,0,0,0,0,0,0,0,0,0,0,0,0,0.0,0,0,0,0,0,0,0,0,0,0,0.0,0,0,0,0,0,0,0,0.0,0,0,0,0,0.0,0,0,0,0,0,0,0,0,0,0,0,0,0
02/04/2020,0,0,0,0,0,0,0,0,0,0,0,0,0,0,0,0,0,0.0,0,0,0,0,0,0,0,0,0,0,0.0,0,0,0,0,0,0,0,0.0,0,0,0,0,0.0,0,0,0,0,0,0,0,0,0,0,0,0,0
02/05/2020,0,0,0,0,0,0,0,0,0,0,0,0,0,0,0,0,0,0.0,0,0,0,0,0,0,0,0,0,0,0.0,0,0,0,0,0,0,0,0.0,0,0,0,0,0.0,0,0,0,0,0,0,0,0,0,0,0,0,0
02/06/2020,0,0,0,0,0,0,0,0,0,0,0,0,0,0,0,0,0,0.0,0,0,0,0,0,0,0,0,0,0,0.0,0,0,0,0,0,0,0,0.0,0,0,0,0,0.0,0,0,0,0,0,0,0,0,0,0,0,0,0
02/07/2020,0,0,0,0,0,0,0,0,0,0,0,0,0,0,0,0,0,0.0,0,0,0,0,0,0,0,0,0,0,0.0,0,0,0,0,0,0,0,0.0,0,0,0,0,0.0,0,0,0,0,0,0,0,0,0,0,0,0,0
02/08/2020,0,0,0,0,0,0,0,0,0,0,0,0,0,0,0,0,0,0.0,0,0,0,0,0,0,0,0,0,0,0.0,0,0,0,0,0,0,0,0.0,0,0,0,0,0.0,0,0,0,0,0,0,0,0,0,0,0,0,0
02/09/2020,0,0,0,0,0,0,0,0,0,0,0,0,0,0,0,0,0,0.0,0,0,0,0,0,0,0,0,0,0,0.0,0,0,0,0,0,0,0,0.0,0,0,0,0,0.0,0,0,0,0,0,0,0,0,0,0,0,0,0
02/10/2020,0,0,0,0,0,0,0,0,0,0,0,0,0,0,0,0,0,0.0,0,0,0,0,0,0,0,0,0,0,0.0,0,0,0,0,0,0,0.0,0.0,0,0,0,0,0.0,0,0,0,0,0,0,0,0,0,0,0,0,0
02/11/2020,0,0,0,0,0,0,0,0,0,0,0,0,0,0,0,0,0,0.0,0,0,0,0,0,0,0,0,0,0,0.0,0,0,0,0,0,0,0.0,0.0,0,0,0,0,0.0,0,0,0,0,0,0,0,0,0,0,0,0,0
02/12/2020,0,0,0,0,0,0,0,0,0,0,0,0,0,0,0,0,0,0.0,0,0,0,0,0,0,0,0,0,0,0.0,0,0,0,0,0,0,0.0,0.0,0,0,0,0,0.0,0,0,0,0,0,0,0,0,0,0,0,0,0
02/13/2020,0,0,0,0,0,0,0,0,0,0,0,0,0,0,0,0,0,0.0,0,0,0,0,0,0,0,0,0,0,0.0,0,0,0,0,0,0,0.0,0.0,0,0,0,0,0.0,0,0,0,0,0,0,0,0,0,0,0,0,0
02/14/2020,0,0,0,0,0,0,0,0,0,0,0,0,0,0,0,0,0,0.0,0,0,0,0,0,0,0,0,0,0,0.0,0,0,0,0,0,0,0.0,0.0,0,0,0,0,0.0,0,0,0,0,0,0,0,0,0,0,0,0,0
02/15/2020,0,0,0,0,0,0,0,0,0,0,0,0,0,0,0,0,0,0.0,0,0,0,0,0,0,0,0,0,0,0.0,0,0,0,0,0,0,0.0,0.0,0,0,0,0,0.0,0,0,0,0,0,0,0,0,0,0,0,0,0
02/16/2020,0,0,0,0,0,0,0,0,0,0,0,0,0,0,0,0,0,0.0,0,0,0,0,0,0,0,0,0,0,0.0,0,0,0,0,0,0,0.0,0.0,0,0,0,0,0.0,0,0,0,0,0,0,0,0,0,0,0,0,0
02/17/2020,0,0,0,0,0,0,0,0,0,0,0,0,0,0,0,0,0,0.0,0,0,0,0,0,0,0,0,0,0,0.0,0,0,0,0,0,0,0.0,0.0,0,0,0,0,0.0,0,0,0,0,0,0,0,0,0,0,0,0,0
02/18/2020,0,0,0,0,0,0,0,0,0,0,0,0,0,0,0,0,0,0.0,0,0,0,0,0,0,0,0,0,0,0.0,0,0,0,0,0,0,0.0,0.0,0,0,0,0,0.0,0,0,0,0,0,0,0,0,0,0,0,0,0
02/19/2020,0,0,0,0,0,0,0,0,0,0,0,0,0,0,0,0,0,0.0,0,0,0,0,0,0,0,0,0,0,0.0,0,0,0,0,0,0,0.0,0.0,0,0,0,0,0.0,0,0,0,0,0,0,0,0,0,0,0,0,0
02/20/2020,0,0,0,0,0,0,0,0,0,0,0.0,0,0,0,0,0,0,0.0,0,0,0,0,0,0,0,0,0,0,0.0,0,0,0,0,0,0,0.0,0.0,0,0,0,0,0.0,0,0,0,0,0,0,0,0,0,0,0,0,0
02/21/2020,0,0,0,0,0,0,0,0,0,0,0.0,0,0,0,0,0,0,0.0,0,0,0,0,0,0,0,0,0,0,0.0,0,0,0,0.0,0,0,0.0,0.0,0,0,0,0,0.0,0,0,0,0,0,0,0,0,0,0,0,0,0
02/22/2020,0,0,0,0,0,0,0,0,0,0,0.0,0,0,0,0,0,0,0.0,0,0,0,0,0,0,0,0,0,0,0.0,0,0,0,0.0,0,0,0.0,0.0,0,0,0,0,0.0,0,0,0,0,0,0,0,0,0,0,0,0,0
02/23/2020,0,0,0,0,0,0,0,0,0,0,0.0,0,0,0,0,0,0,0.0,0,0,0,0,0,0,0,0,0,0,0.0,0,0,0,0.0,0,0,0.0,0.0,0,0,0,0,0.0,0,0,0,0,0,0,0,0,0,0,0,0,0
02/24/2020,0,0,0,0,0,0,0,0,0,0,0.0,0,0,0,0,0,0,0.0,0,0,0,0,0,0,0,0,0,0,0.0,0,0,0,0.0,0,0,0.0,0.0,0,0,0,0,0.0,0,0,0,0.0,0,0,0,0,0,0,0,0,0
02/25/2020,0,0,0,0,0,0,0,0,0,0,0.0,0,0,0,0,0,0,0.0,0,0,0,0,0,0,0,0,0,0,0.0,0,0,0,0.0,0,0,0.0,0.0,0,0,0,0,0.0,0,0,0,0.0,0,0,0,0,0,0,0,0,0
02/26/2020,0,0,0,0,0,0,0,0,0,0,0.0,0,0,0,0,0,0,0.0,0,0.0,0,0,0,0,0,0,0.0,0,0.0,0,0,0,0.0,0,0,0.0,0.0,0,0,0,0,0.0,0,0,0,0.0,0.0,0,0,0,0,0,0,0,0
02/27/2020,0,0,0,0,0,0,0,0,0,0,0.0,0,0,0,0,0,0,0.0,0,0.0,0,0,0,0,0,0,0.0,0,0.0,0,0,0,0.0,0,0,0.0,0.0,0,0,0,0,0.0,0,0,0,0.0,0.0,0,0,0,0,0,0,0,0
02/28/2020,0,0,0,0,0,0,0,0,0,0,0.0,0,0,0,0,0,0,0.0,0,0.0,0,0,0,0,0,0,0.0,0,0.0,0,0,0,0.0,0,0,0.0,0.0,0,0,0,0,0.0,0,0,0,0.0,0.0,0,0,0,0,0,0,0,0
02/29/2020,0,0,0,0,0,0,0,0,0,0,0.0,0,0,0,0,0,0,0.0,0,0.0,0,0,0,0,0,0,0.0,0,0.0,0,0,0,0.0,0,0,0.0,0.0,0,0,0,0,0.0,0,0,0,0.0,0.0,0,0,0,0,0,0,0,0
03/01/2020,0.0,0,0,0,0,0,0,0,0,0,0.0,0,0,0,0,0,0,0.0,0,0.0,0,0,0,0,0,0,0.0,0,0.0,0,0,0,0.0,0,0,0.0,0.0,0,0,0,0,0.0,0,0,0,0.0,0.0,0,0,0,0,0,0,0,0
03/02/2020,0.0,0,0,0,0,0,0,0,0,0,0.0,0,0,0,0,0,0,0.0,0,0.0,0,0,0,0,0,0,0.0,0,0.0,0.0,0,0,0.0,0,0,0.0,0.0,0,0,0.0,0,0.0,0,0,0,0.0,0.0,0,0,0,0,0,0,0,0
03/03/2020,0.0,0,0,0,0,0.0,0,0,0,0,0.0,0,0,0,0,0,0,0.0,0,0.0,0,0,0,0,0,0,0.0,0,0.0,0.0,0,0,0.0,0,0,0.0,0.0,0,0,0.0,0,0.0,0,0,0,0.0,0.0,0,0,0,0,0,0,0,0
03/04/2020,0.0,0,0,0,0,0.0,0,0,0,0,0.0,0,0,0,0,0,0,0.0,0,0.0,0,0,0,0,0,0,0.0,0,0.0,1.0,0,0,0.0,0,0,0.0,0.0,0,0,0.0,0,0.0,0,0,0,0.0,0.0,0,0,0,0,0,0,0,0
03/05/2020,0.0,0,0,0,0,0.0,0,0,0,0,0.0,0,0,0,0,0,0,0.0,0,0.0,0,0,0,0,0,0,0.0,0,0.0,1.0,0,0,0.0,0,0,0.0,0.0,0,0,0.0,0,0.0,0,0,0,0.0,0.0,0,0,0,0,0,0,0,0
03/06/2020,0.0,0,0,0,0,0.0,0,0,0,0,0.0,0,0,0,0,0,0,0.0,0,0.0,0,0,0,0,0,0,0.0,0,0.0,1.0,0,0,0.0,0,0,0.0,0.0,0,0,0.0,0,0.0,0,0,0,0.0,0.0,0,0,0,0,0,0,0.0,0
03/07/2020,0.0,0,0,0,0,0.0,0,0,0.0,0,0.0,0,0,0,0,0,0,0.0,0.0,0.0,0,0,0,0,0,0,0.0,0,0.0,1.0,0,0.0,0.0,0,0,0.0,0.0,0,0,0.0,0,0.0,0.0,0,0,0.0,0.0,0,0,0,0,0,0,0.0,0
03/08/2020,0.0,0,0,0,0,0.0,0,0,0.0,0,0.0,0,0,0,0,0,0,0.0,0.0,0.0,0,0,0,0,0,0,0.0,0,0.0,1.0,0,0.0,0.0,0,0,0.0,0.0,0,0,0.0,0,0.0,0.0,0,0,0.0,0.0,0,0,0,0,0,0,0.0,0
03/09/2020,0.0,0,0,0,0,0.0,0,0,0.0,0,0.0,0,0,0,0,0,0,0.0,0.0,0.0,0,0,0,0,0,0,0.0,0,0.0,1.0,0,0.0,0.0,0,0,0.0,0.0,0,0,0.0,0,1.0,0.0,0.0,0,0.0,0.0,0,0,0,0,0,0,0.0,0
03/10/2020,0.0,0,0,0,0,0.0,0,0,0.0,0,0.0,0,0,0,0,0,0,0.0,0.0,0.0,0,0,0,0,0,0,0.0,0,0.0,1.0,0,0.0,1.0,0,0,0.0,0.0,0.0,0,0.0,0,1.0,0.0,0.0,0,0.0,0.0,0,0,0,0,0,0.0,0.0,0
03/11/2020,0.0,0,0,0,0,0.0,0,0,0.0,0,0.0,0,0,0,0,0,0,1.0,0.0,0.0,0,0,0,0,0,0,0.0,0,0.0,1.0,0,0.0,1.0,0,0,0.0,0.0,0.0,0,0.0,0,1.0,0.0,0.0,0,0.0,0.0,0.0,0,0,0,0,0.0,0.0,0
03/12/2020,0.0,0,0,0,0,0.0,0,0,0.0,0,0.0,0,0,0,0,0,0,1.0,0.0,0.0,0,0,0,0,0,0,0.0,0,0.0,1.0,0,0.0,1.0,0,0,0.0,0.0,0.0,0,0.0,0,1.0,0.0,0.0,0,0.0,0.0,0.0,0,0,0.0,0,0.0,0.0,0
03/13/2020,0.0,0,0,0,0,0.0,0,0,0.0,0,0.0,0,0,0,0,0,0,1.0,0.0,0.0,0,0,0,0,0,0,0.0,0,0.0,1.0,0,0.0,1.0,0.0,0,0.0,0.0,0.0,0,0.0,0,2.0,0.0,0.0,0,0.0,0.0,0.0,0,0,0.0,0,0.0,0.0,0
03/14/2020,0.0,0,0,0,0,0.0,0,0,0.0,0,0.0,0,0,0,0,0,0,1.0,0.0,0.0,0,0,0,0,0,0,0.0,0,0.0,1.0,0,0.0,1.0,0.0,0,0.0,0.0,0.0,0.0,0.0,0,2.0,0.0,0.0,0,0.0,0.0,0.0,0,0,0.0,0,0.0,0.0,0
03/15/2020,0.0,0,0,0,0,0.0,0,0,0.0,0,0.0,0,0,0,0,0,0,1.0,0.0,0.0,0,0,0,0,0,0,0.0,0,0.0,1.0,0,0.0,1.0,0.0,0.0,0.0,0.0,0.0,0.0,1.0,0.0,2.0,0.0,0.0,0,0.0,0.0,0.0,0,0,0.0,0,0.0,0.0,0
03/16/2020,0.0,0,0,0,0,0.0,0,0,0.0,0,0.0,0,0,0,0,0,0,1.0,0.0,0.0,0,0,0,0,0,0,0.0,0.0,0.0,1.0,0,2.0,2.0,0.0,0.0,0.0,0.0,0.0,0.0,1.0,0.0,4.0,0.0,0.0,0,0.0,0.0,0.0,0,0,0.0,0,0.0,0.0,0
03/17/2020,0.0,0,0,0,0,0.0,0,0,0.0,0,0.0,0,0,0.0,0,0,0,1.0,0.0,0.0,0,0,0,0,0,0.0,0.0,0.0,0.0,1.0,0,3.0,2.0,1.0,0.0,0.0,0.0,0.0,0.0,1.0,0.0,5.0,0.0,0.0,0,0.0,0.0,0.0,0,0,0.0,0,0.0,0.0,0
03/18/2020,0.0,0,0,0,0,0.0,0,0,0.0,0,0.0,0,0,0.0,0,0,0,1.0,0.0,0.0,0,0.0,0,0,0,0.0,0.0,0.0,0.0,1.0,0,3.0,2.0,1.0,0.0,0.0,0.0,2.0,0.0,1.0,0.0,6.0,0.0,0.0,0,0.0,0.0,0.0,0,0,0.0,0,0.0,0.0,0
03/19/2020,0.0,0,0,0,0,0.0,0,0,0.0,0,0.0,0,0,0.0,0,0,0,2.0,0.0,0.0,0,0.0,0,0,0,0.0,0.0,0.0,0.0,1.0,0,3.0,3.0,1.0,0.0,0.0,0.0,2.0,0.0,1.0,0.0,6.0,0.0,0.0,0,0.0,0.0,0.0,0,0,0.0,0,0.0,0.0,0
03/20/2020,0.0,0.0,0,0,0,1.0,0,0,0.0,0,0.0,0.0,0,0.0,0,0,0,2.0,0.0,0.0,0,0.0,0,0,0,0.0,0.0,0.0,0.0,1.0,0,4.0,3.0,1.0,0.0,0.0,0.0,2.0,0.0,1.0,0.0,8.0,0.0,0.0,0,0.0,1.0,0.0,0,0,0.0,0,0.0,0.0,0
03/21/2020,0.0,0.0,0.0,0,0,1.0,0,0.0,0.0,0,0.0,0.0,0,0.0,0,0,0,4.0,0.0,0.0,0,0.0,0,0,0,1.0,0.0,0.0,0.0,1.0,0,5.0,3.0,1.0,0.0,0.0,0.0,2.0,0.0,1.0,0.0,8.0,0.0,0.0,0.0,0.0,1.0,0.0,0,0,0.0,0,0.0,0.0,0.0
03/22/2020,0.0,0.0,0.0,0,0,1.0,0,0.0,0.0,0,0.0,0.0,0,0.0,0,0,0,5.0,0.0,0.0,0,0.0,0,0,0,1.0,0.0,0.0,0.0,1.0,0,6.0,3.0,1.0,0.0,0.0,0.0,2.0,0.0,1.0,0.0,11.0,0.0,0.0,0.0,0.0,1.0,0.0,0,0,0.0,0,1.0,1.0,0.0
03/23/2020,1.0,0.0,0.0,0,0,1.0,0,0.0,0.0,0,0.0,0.0,0,0.0,0,0,0,7.0,0.0,0.0,0,0.0,0,0,0,1.0,0.0,0.0,0.0,1.0,0,6.0,4.0,1.0,0.0,0.0,0.0,2.0,0.0,1.0,0.0,11.0,0.0,0.0,0.0,0.0,1.0,0.0,0,0,0.0,0,1.0,1.0,0.0
03/24/2020,2.0,0.0,0.0,0.0,0,1.0,0,0.0,0.0,0,0.0,0.0,0,0.0,0,0,0,11.0,0.0,0.0,0,0.0,0.0,0,0.0,1.0,0.0,0.0,0.0,1.0,0,6.0,4.0,1.0,1.0,1.0,0.0,2.0,0.0,1.0,0.0,17.0,0.0,0.0,0.0,0.0,1.0,0.0,0,0,0.0,0,1.0,1.0,0.0
03/25/2020,2.0,0.0,0.0,0.0,0,1.0,0,0.0,0.0,0,0.0,0.0,0.0,0.0,0,0,0,13.0,0.0,0.0,0,0.0,0.0,0,0.0,1.0,0.0,0.0,1.0,1.0,0,8.0,5.0,1.0,2.0,2.0,1.0,3.0,0.0,5.0,0.0,18.0,0.0,1.0,0.0,0.0,1.0,0.0,0,0,0.0,0,1.0,1.0,0.0
03/26/2020,4.0,0.0,0.0,0.0,0,1.0,0,0.0,0.0,0,0.0,0.0,0.0,0.0,0,0,0,21.0,0.0,0.0,0,0.0,0.0,0,0.0,1.0,0.0,0.0,1.0,1.0,0,8.0,5.0,1.0,3.0,3.0,2.0,3.0,0.0,5.0,0.0,20.0,0.0,1.0,0.0,0.0,1.0,0.0,0,0,0.0,0,1.0,1.0,0.0
03/27/2020,4.0,0.0,0.0,0.0,0.0,2.0,0,0.0,0.0,0,0.0,0.0,0.0,1.0,0.0,0,0,27.0,1.0,1.0,0,0.0,0.0,0,0.0,1.0,0.0,0.0,3.0,1.0,0,8.0,6.0,1.0,3.0,5.0,3.0,4.0,0.0,6.0,0.0,21.0,0.0,1.0,0.0,0.0,1.0,0.0,0,0,0.0,0,3.0,1.0,0.0
03/28/2020,6.0,0.0,0.0,0.0,0.0,3.0,0,0.0,0.0,0.0,0.0,0.0,0.0,1.0,0.0,0,0,33.0,1.0,1.0,0,0.0,0.0,0,0.0,1.0,0.0,0.0,3.0,1.0,0,8.0,6.0,1.0,3.0,7.0,4.0,4.0,0.0,6.0,0.0,26.0,0.0,1.0,0.0,0.0,1.0,0.0,0,0,1.0,0,3.0,1.0,0.0
03/29/2020,6.0,0.0,0.0,0.0,0.0,3.0,0.0,0.0,0.0,0.0,0.0,0.0,0.0,1.0,0.0,0.0,0.0,37.0,1.0,1.0,0,0.0,0.0,0.0,0.0,1.0,0.0,0.0,4.0,2.0,0.0,8.0,6.0,1.0,3.0,7.0,5.0,5.0,0.0,6.0,0.0,26.0,1.0,1.0,0.0,0.0,1.0,0.0,0.0,0.0,1.0,0.0,4.0,1.0,0.0
03/30/2020,7.0,0.0,0.0,0.0,0.0,3.0,0.0,0.0,0.0,0.0,0.0,0.0,0.0,1.0,0.0,0.0,0.0,44.0,1.0,1.0,0,0.0,0.0,0.0,0.0,1.0,0.0,0.0,4.0,2.0,0.0,9.0,7.0,1.0,3.0,7.0,6.0,6.0,0.0,6.0,0.0,29.0,1.0,1.0,0.0,0.0,1.0,0.0,0.0,0.0,1.0,0.0,4.0,1.0,0.0
03/31/2020,7.0,0.0,0.0,0.0,0.0,3.0,0.0,0.0,0.0,0.0,0.0,0.0,0.0,1.0,0.0,0.0,0.0,54.0,1.0,4.0,0,0.0,0.0,0.0,1.0,2.0,1.0,0.0,7.0,2.0,0.0,13.0,7.0,1.0,6.0,9.0,6.0,8.0,0.0,10.0,0.0,31.0,1.0,1.0,0.0,0.0,1.0,0.0,0.0,0.0,1.0,0.0,5.0,1.0,0.0
04/01/2020,8.0,0.0,0.0,0.0,0.0,3.0,0.0,0.0,0.0,0.0,0.0,0.0,0.0,1.0,0.0,0.0,0.0,65.0,1.0,4.0,0.0,0.0,0.0,0.0,1.0,2.0,1.0,0.0,10.0,2.0,0.0,13.0,9.0,1.0,6.0,15.0,7.0,8.0,0.0,10.0,0.0,33.0,1.0,1.0,0.0,0.0,1.0,0.0,0.0,0.0,2.0,0.0,5.0,1.0,0.0
04/02/2020,9.0,0.0,0.0,0.0,0.0,3.0,0.0,0.0,0.0,0.0,0.0,0.0,1.0,1.0,0.0,0.0,0.0,78.0,1.0,6.0,0.0,0.0,0.0,0.0,1.0,2.0,1.0,0.0,13.0,2.0,0.0,14.0,9.0,1.0,8.0,16.0,7.0,10.0,0.0,10.0,1.0,37.0,1.0,1.0,0.0,1.0,1.0,0.0,0.0,0.0,2.0,0.0,6.0,1.0,0.0
04/03/2020,12.0,0.0,0.0,0.0,0.0,5.0,0.0,0.0,1.0,0.0,0.0,0.0,0.0,2.0,0.0,0.0,0.0,89.0,2.0,6.0,0.0,0.0,0.0,0.0,1.0,2.0,2.0,1.0,13.0,2.0,0.0,15.0,10.0,2.0,13.0,17.0,7.0,11.0,0.0,13.0,1.0,39.0,1.0,2.0,0.0,1.0,1.0,0.0,0.0,0.0,3.0,0.0,6.0,1.0,0.0
04/04/2020,12.0,0.0,0.0,0.0,0.0,5.0,0.0,0.0,1.0,0.0,0.0,0.0,0.0,2.0,0.0,0.0,0.0,117.0,2.0,7.0,0.0,0.0,0.0,0.0,1.0,2.0,2.0,1.0,14.0,2.0,0.0,18.0,12.0,2.0,13.0,18.0,8.0,11.0,1.0,13.0,1.0,40.0,1.0,2.0,0.0,1.0,1.0,0.0,0.0,0.0,5.0,0.0,6.0,1.0,0.0
04/05/2020,12.0,0.0,0.0,0.0,0.0,6.0,0.0,0.0,1.0,0.0,0.0,1.0,0.0,2.0,0.0,0.0,0.0,132.0,2.0,7.0,0.0,0.0,1.0,0.0,1.0,2.0,2.0,1.0,14.0,3.0,0.0,19.0,16.0,2.0,13.0,19.0,8.0,11.0,1.0,13.0,2.0,40.0,1.0,3.0,0.0,1.0,1.0,0.0,0.0,0.0,5.0,0.0,6.0,1.0,0.0
04/06/2020,13.0,0.0,0.0,0.0,0.0,7.0,0.0,0.0,2.0,0.0,0.0,3.0,0.0,2.0,0.0,0.0,0.0,147.0,2.0,9.0,0.0,0.0,1.0,0.0,1.0,2.0,2.0,1.0,14.0,3.0,0.0,25.0,18.0,2.0,16.0,19.0,9.0,11.0,1.0,13.0,2.0,40.0,1.0,3.0,0.0,1.0,1.0,0.0,0.0,0.0,6.0,0.0,6.0,1.0,0.0
04/07/2020,15.0,0.0,0.0,0.0,0.0,7.0,0.0,0.0,3.0,0.0,0.0,2.0,0.0,2.0,0.0,0.0,0.0,169.0,2.0,10.0,0.0,0.0,1.0,0.0,1.0,2.0,2.0,1.0,15.0,3.0,0.0,28.0,21.0,2.0,17.0,31.0,9.0,13.0,1.0,21.0,2.0,44.0,1.0,3.0,0.0,2.0,1.0,0.0,0.0,0.0,6.0,0.0,6.0,2.0,0.0
04/08/2020,16.0,0.0,0.0,0.0,0.0,7.0,0.0,0.0,3.0,0.0,0.0,3.0,0.0,2.0,0.0,0.0,0.0,198.0,2.0,10.0,0.0,0.0,3.0,0.0,1.0,2.0,2.0,1.0,17.0,4.0,0.0,32.0,22.0,2.0,20.0,36.0,10.0,14.0,1.0,21.0,2.0,47.0,1.0,3.0,0.0,2.0,1.0,0.0,0.0,0.0,7.0,0.0,7.0,3.0,2.0
04/09/2020,17.0,0.0,0.0,0.0,0.0,8.0,0.0,0.0,3.0,0.0,0.0,2.0,0.0,3.0,0.0,0.0,0.0,223.0,2.0,10.0,0.0,0.0,3.0,0.0,1.0,3.0,2.0,1.0,17.0,4.0,0.0,33.0,22.0,2.0,24.0,40.0,10.0,14.0,1.0,21.0,2.0,48.0,1.0,3.0,0.0,2.0,1.0,0.0,0.0,0.0,10.0,0.0,7.0,3.0,3.0
04/10/2020,20.0,0.0,0.0,0.0,0.0,9.0,0.0,0.0,5.0,0.0,0.0,2.0,0.0,3.0,0.0,0.0,0.0,241.0,2.0,10.0,0.0,0.0,3.0,0.0,1.0,3.0,2.0,1.0,17.0,4.0,0.0,39.0,24.0,2.0,25.0,44.0,13.0,14.0,1.0,21.0,2.0,50.0,1.0,3.0,0.0,2.0,2.0,1.0,0.0,0.0,11.0,0.0,10.0,3.0,1.0
04/11/2020,21.0,0.0,0.0,0.0,0.0,11.0,0.0,0.0,5.0,0.0,0.0,2.0,0.0,3.0,1.0,0.0,0.0,265.0,2.0,10.0,0.0,0.0,3.0,0.0,1.0,3.0,2.0,1.0,18.0,4.0,0.0,41.0,26.0,2.0,25.0,45.0,13.0,15.0,1.0,21.0,2.0,52.0,1.0,3.0,0.0,2.0,2.0,2.0,0.0,0.0,11.0,0.0,10.0,3.0,1.0
04/12/2020,23.0,0.0,0.0,0.0,0.0,11.0,0.0,0.0,5.0,0.0,0.0,2.0,0.0,3.0,1.0,0.0,0.0,296.0,2.0,10.0,0.0,0.0,3.0,0.0,1.0,3.0,2.0,1.0,19.0,4.0,0.0,41.0,26.0,2.0,31.0,45.0,14.0,16.0,1.0,21.0,2.0,54.0,1.0,3.0,0.0,2.0,2.0,2.0,0.0,0.0,11.0,0.0,10.0,3.0,1.0
04/13/2020,23.0,0.0,0.0,0.0,0.0,11.0,0.0,0.0,5.0,0.0,0.0,2.0,0.0,3.0,1.0,0.0,0.0,320.0,2.0,10.0,0.0,0.0,3.0,0.0,1.0,3.0,2.0,1.0,19.0,5.0,0.0,50.0,27.0,2.0,31.0,47.0,15.0,17.0,1.0,21.0,2.0,61.0,1.0,3.0,0.0,2.0,2.0,2.0,0.0,0.0,13.0,0.0,10.0,4.0,1.0
04/14/2020,23.0,0.0,0.0,0.0,0.0,12.0,0.0,0.0,5.0,0.0,0.0,2.0,0.0,3.0,1.0,0.0,0.0,360.0,2.0,10.0,0.0,0.0,3.0,0.0,1.0,3.0,2.0,1.0,19.0,5.0,0.0,50.0,28.0,2.0,31.0,53.0,15.0,17.0,1.0,21.0,2.0,61.0,1.0,3.0,0.0,2.0,2.0,4.0,0.0,0.0,13.0,0.0,13.0,4.0,1.0
04/15/2020,36.0,0.0,0.0,0.0,0.0,14.0,0.0,0.0,7.0,0.0,0.0,2.0,0.0,3.0,1.0,0.0,0.0,402.0,2.0,10.0,0.0,0.0,3.0,0.0,1.0,3.0,2.0,1.0,22.0,7.0,0.0,54.0,32.0,2.0,39.0,60.0,17.0,17.0,1.0,28.0,2.0,66.0,2.0,3.0,0.0,2.0,2.0,4.0,0.0,0.0,15.0,0.0,13.0,7.0,1.0
04/16/2020,40.0,0.0,0.0,0.0,0.0,16.0,0.0,0.0,7.0,0.0,0.0,2.0,0.0,3.0,1.0,0.0,0.0,455.0,2.0,10.0,0.0,0.0,3.0,0.0,1.0,3.0,2.0,1.0,25.0,8.0,0.0,59.0,32.0,2.0,47.0,63.0,17.0,17.0,1.0,28.0,3.0,70.0,2.0,3.0,0.0,2.0,2.0,4.0,0.0,0.0,17.0,0.0,13.0,7.0,1.0
04/17/2020,40.0,0.0,0.0,0.0,0.0,19.0,0.0,0.0,7.0,0.0,0.0,2.0,0.0,3.0,1.0,0.0,0.0,495.0,2.0,10.0,0.0,0.0,3.0,0.0,1.0,3.0,2.0,1.0,28.0,8.0,0.0,69.0,32.0,2.0,55.0,70.0,20.0,17.0,1.0,28.0,3.0,74.0,2.0,3.0,0.0,2.0,2.0,4.0,0.0,0.0,17.0,0.0,13.0,8.0,1.0
04/18/2020,41.0,0.0,0.0,0.0,0.0,19.0,0.0,0.0,7.0,0.0,0.0,2.0,0.0,3.0,1.0,0.0,0.0,576.0,2.0,10.0,0.0,0.0,3.0,0.0,1.0,3.0,2.0,1.0,32.0,8.0,0.0,74.0,33.0,2.0,57.0,71.0,20.0,17.0,1.0,28.0,4.0,74.0,2.0,3.0,0.0,2.0,2.0,4.0,0.0,0.0,17.0,0.0,13.0,8.0,1.0
04/19/2020,42.0,0.0,0.0,0.0,0.0,20.0,0.0,0.0,7.0,0.0,0.0,2.0,0.0,3.0,1.0,0.0,0.0,600.0,2.0,10.0,0.0,0.0,3.0,0.0,1.0,4.0,2.0,1.0,32.0,8.0,0.0,75.0,34.0,2.0,57.0,71.0,20.0,17.0,1.0,28.0,4.0,74.0,2.0,3.0,0.0,2.0,2.0,4.0,0.0,0.0,17.0,0.0,13.0,9.0,1.0
04/20/2020,42.0,0.0,0.0,0.0,0.0,22.0,0.0,0.0,7.0,0.0,0.0,2.0,0.0,3.0,1.0,0.0,0.0,617.0,2.0,10.0,0.0,0.0,3.0,0.0,1.0,4.0,2.0,1.0,33.0,8.0,0.0,85.0,34.0,2.0,60.0,72.0,20.0,18.0,1.0,28.0,4.0,84.0,2.0,3.0,0.0,2.0,2.0,4.0,0.0,0.0,18.0,0.0,13.0,10.0,1.0
04/21/2020,43.0,0.0,0.0,0.0,0.0,22.0,0.0,0.0,7.0,0.0,0.0,4.0,0.0,3.0,1.0,0.0,0.0,663.0,2.0,10.0,0.0,0.0,3.0,0.0,1.0,4.0,2.0,1.0,33.0,8.0,0.0,93.0,35.0,2.0,67.0,87.0,20.0,20.0,1.0,28.0,5.0,89.0,2.0,3.0,0.0,3.0,2.0,4.0,0.0,0.0,22.0,0.0,13.0,10.0,1.0
04/22/2020,43.0,0.0,0.0,0.0,0.0,22.0,0.0,0.0,7.0,0.0,0.0,4.0,0.0,3.0,1.0,0.0,0.0,729.0,2.0,11.0,0.0,0.0,3.0,0.0,1.0,4.0,2.0,1.0,34.0,8.0,0.0,99.0,36.0,2.0,67.0,96.0,21.0,20.0,1.0,39.0,5.0,95.0,2.0,3.0,0.0,3.0,2.0,5.0,0.0,0.0,25.0,0.0,14.0,12.0,1.0
04/23/2020,48.0,0.0,0.0,0.0,0.0,23.0,0.0,0.0,7.0,0.0,0.0,8.0,0.0,4.0,1.0,0.0,0.0,797.0,2.0,11.0,0.0,0.0,3.0,0.0,1.0,4.0,2.0,1.0,36.0,8.0,0.0,109.0,41.0,2.0,72.0,112.0,21.0,22.0,1.0,39.0,5.0,96.0,2.0,3.0,0.0,4.0,2.0,5.0,0.0,0.0,25.0,0.0,16.0,12.0,1.0
04/24/2020,48.0,0.0,0.0,0.0,0.0,23.0,0.0,0.0,7.0,0.0,0.0,8.0,1.0,4.0,1.0,0.0,0.0,850.0,2.0,12.0,0.0,0.0,3.0,0.0,1.0,4.0,2.0,1.0,36.0,8.0,0.0,112.0,41.0,2.0,80.0,102.0,22.0,24.0,1.0,41.0,6.0,99.0,2.0,4.0,0.0,4.0,2.0,5.0,1.0,0.0,28.0,0.0,16.0,13.0,1.0
04/25/2020,52.0,0.0,0.0,0.0,0.0,25.0,0.0,0.0,7.0,0.0,0.0,7.0,1.0,4.0,1.0,0.0,0.0,895.0,2.0,12.0,0.0,0.0,3.0,0.0,1.0,4.0,2.0,1.0,38.0,8.0,0.0,117.0,41.0,2.0,82.0,111.0,22.0,25.0,1.0,41.0,6.0,100.0,2.0,4.0,0.0,4.0,2.0,5.0,0.0,0.0,32.0,0.0,16.0,13.0,1.0
04/26/2020,52.0,0.0,0.0,0.0,0.0,25.0,0.0,0.0,7.0,0.0,0.0,7.0,1.0,4.0,1.0,0.0,0.0,913.0,2.0,12.0,0.0,0.0,3.0,0.0,1.0,4.0,2.0,1.0,39.0,8.0,0.0,118.0,41.0,2.0,82.0,111.0,22.0,25.0,1.0,41.0,7.0,101.0,2.0,4.0,0.0,4.0,2.0,5.0,0.0,0.0,32.0,0.0,17.0,14.0,1.0
04/27/2020,56.0,0.0,0.0,0.0,0.0,25.0,0.0,0.0,7.0,0.0,0.0,7.0,1.0,5.0,1.0,0.0,0.0,942.0,2.0,12.0,0.0,0.0,3.0,0.0,1.0,4.0,2.0,1.0,40.0,8.0,0.0,141.0,41.0,2.0,82.0,123.0,23.0,25.0,1.0,46.0,7.0,104.0,2.0,4.0,0.0,4.0,2.0,7.0,1.0,0.0,32.0,0.0,17.0,16.0,1.0
04/28/2020,59.0,0.0,0.0,0.0,0.0,25.0,0.0,0.0,7.0,0.0,0.0,8.0,1.0,5.0,1.0,0.0,0.0,1000.0,2.0,12.0,0.0,0.0,3.0,0.0,1.0,5.0,2.0,1.0,42.0,8.0,0.0,141.0,41.0,2.0,85.0,128.0,23.0,25.0,1.0,48.0,7.0,107.0,2.0,4.0,0.0,4.0,2.0,10.0,1.0,0.0,35.0,0.0,17.0,16.0,1.0
04/29/2020,59.0,0.0,0.0,0.0,0.0,25.0,0.0,0.0,7.0,0.0,0.0,8.0,1.0,6.0,1.0,0.0,0.0,1056.0,2.0,13.0,0.0,0.0,3.0,0.0,1.0,5.0,2.0,1.0,44.0,8.0,0.0,143.0,42.0,2.0,89.0,133.0,23.0,25.0,1.0,48.0,8.0,108.0,2.0,4.0,0.0,5.0,2.0,11.0,1.0,0.0,36.0,0.0,17.0,16.0,1.0
04/30/2020,63.0,0.0,0.0,0.0,0.0,27.0,0.0,0.0,7.0,0.0,0.0,8.0,1.0,7.0,1.0,0.0,0.0,1111.0,2.0,13.0,0.0,0.0,3.0,0.0,1.0,5.0,2.0,1.0,45.0,8.0,0.0,149.0,43.0,2.0,93.0,140.0,25.0,25.0,1.0,50.0,8.0,112.0,2.0,4.0,0.0,5.0,2.0,13.0,1.0,0.0,40.0,0.0,18.0,16.0,1.0
05/01/2020,63.0,0.0,0.0,0.0,0.0,28.0,0.0,0.0,8.0,0.0,0.0,8.0,1.0,8.0,1.0,0.0,0.0,1172.0,2.0,13.0,0.0,0.0,3.0,0.0,1.0,5.0,2.0,1.0,50.0,8.0,0.0,156.0,43.0,2.0,96.0,143.0,28.0,25.0,1.0,52.0,8.0,114.0,2.0,4.0,0.0,5.0,3.0,13.0,1.0,0.0,40.0,0.0,18.0,16.0,1.0
05/02/2020,63.0,0.0,0.0,0.0,0.0,28.0,0.0,0.0,8.0,0.0,0.0,8.0,1.0,8.0,1.0,0.0,0.0,1209.0,2.0,13.0,0.0,0.0,3.0,0.0,1.0,6.0,2.0,1.0,52.0,8.0,0.0,167.0,43.0,2.0,98.0,150.0,29.0,25.0,1.0,52.0,8.0,115.0,2.0,4.0,0.0,5.0,3.0,14.0,1.0,0.0,40.0,0.0,19.0,18.0,1.0
05/03/2020,63.0,0.0,0.0,0.0,0.0,28.0,0.0,0.0,8.0,0.0,0.0,8.0,1.0,8.0,1.0,0.0,0.0,1229.0,2.0,13.0,0.0,0.0,3.0,0.0,1.0,6.0,2.0,1.0,52.0,8.0,0.0,167.0,43.0,2.0,99.0,150.0,29.0,25.0,1.0,52.0,8.0,116.0,2.0,4.0,0.0,5.0,3.0,14.0,1.0,0.0,40.0,0.0,19.0,18.0,1.0
05/04/2020,65.0,0.0,0.0,0.0,0.0,28.0,0.0,0.0,9.0,0.0,0.0,8.0,1.0,8.0,1.0,0.0,0.0,1256.0,2.0,13.0,0.0,0.0,3.0,0.0,1.0,6.0,2.0,1.0,57.0,8.0,0.0,181.0,47.0,2.0,99.0,150.0,30.0,26.0,1.0,53.0,8.0,118.0,2.0,4.0,0.0,6.0,4.0,15.0,1.0,0.0,40.0,0.0,19.0,19.0,1.0
05/05/2020,66.0,0.0,0.0,0.0,0.0,29.0,0.0,0.0,9.0,0.0,0.0,8.0,1.0,11.0,1.0,0.0,0.0,1313.0,2.0,13.0,0.0,0.0,3.0,0.0,1.0,6.0,2.0,1.0,61.0,8.0,0.0,184.0,47.0,2.0,101.0,162.0,31.0,26.0,1.0,53.0,9.0,122.0,2.0,4.0,0.0,6.0,4.0,15.0,1.0,0.0,40.0,0.0,19.0,19.0,1.0
05/06/2020,69.0,0.0,0.0,0.0,0.0,29.0,0.0,0.0,9.0,0.0,0.0,8.0,1.0,11.0,1.0,0.0,0.0,1367.0,2.0,14.0,0.0,0.0,3.0,0.0,1.0,6.0,2.0,1.0,65.0,8.0,0.0,190.0,47.0,2.0,104.0,173.0,31.0,27.0,1.0,56.0,10.0,122.0,2.0,4.0,0.0,7.0,4.0,17.0,1.0,0.0,41.0,0.0,19.0,20.0,1.0
05/07/2020,69.0,0.0,0.0,0.0,0.0,29.0,0.0,0.0,9.0,0.0,0.0,8.0,1.0,14.0,1.0,0.0,0.0,1418.0,2.0,14.0,0.0,0.0,3.0,0.0,1.0,6.0,2.0,1.0,66.0,8.0,0.0,194.0,49.0,2.0,108.0,186.0,32.0,28.0,1.0,56.0,11.0,122.0,2.0,4.0,0.0,7.0,4.0,17.0,1.0,0.0,43.0,0.0,19.0,20.0,1.0
05/08/2020,70.0,0.0,0.0,0.0,0.0,29.0,0.0,0.0,9.0,0.0,0.0,11.0,1.0,15.0,1.0,0.0,0.0,1468.0,2.0,14.0,0.0,0.0,3.0,0.0,1.0,6.0,2.0,1.0,71.0,8.0,0.0,204.0,50.0,2.0,111.0,189.0,33.0,28.0,1.0,57.0,11.0,129.0,2.0,4.0,0.0,7.0,4.0,19.0,1.0,0.0,44.0,0.0,19.0,20.0,1.0
05/09/2020,72.0,0.0,0.0,0.0,0.0,32.0,0.0,0.0,9.0,0.0,0.0,11.0,1.0,16.0,1.0,0.0,0.0,1512.0,2.0,14.0,0.0,0.0,3.0,0.0,1.0,6.0,2.0,1.0,74.0,8.0,0.0,210.0,51.0,2.0,119.0,194.0,33.0,28.0,1.0,62.0,11.0,131.0,2.0,4.0,0.0,7.0,4.0,19.0,1.0,0.0,46.0,0.0,19.0,20.0,1.0
05/10/2020,75.0,0.0,0.0,0.0,0.0,32.0,0.0,0.0,9.0,0.0,0.0,11.0,1.0,16.0,1.0,0.0,0.0,1530.0,2.0,14.0,0.0,0.0,3.0,0.0,1.0,6.0,2.0,1.0,76.0,8.0,0.0,212.0,52.0,2.0,121.0,194.0,34.0,29.0,1.0,65.0,11.0,131.0,2.0,4.0,0.0,7.0,4.0,21.0,1.0,0.0,48.0,0.0,19.0,20.0,1.0
05/11/2020,75.0,0.0,0.0,0.0,0.0,32.0,0.0,0.0,9.0,0.0,0.0,11.0,1.0,16.0,1.0,0.0,0.0,1569.0,2.0,14.0,0.0,0.0,3.0,0.0,1.0,6.0,3.0,1.0,76.0,8.0,0.0,217.0,52.0,2.0,121.0,194.0,35.0,29.0,1.0,65.0,11.0,131.0,2.0,4.0,0.0,10.0,4.0,21.0,1.0,0.0,50.0,0.0,19.0,20.0,1.0
05/12/2020,75.0,0.0,0.0,0.0,0.0,32.0,0.0,0.0,10.0,0.0,0.0,12.0,1.0,17.0,1.0,0.0,0.0,1613.0,2.0,14.0,0.0,0.0,4.0,0.0,1.0,6.0,3.0,1.0,78.0,8.0,0.0,228.0,52.0,2.0,121.0,204.0,35.0,30.0,1.0,65.0,11.0,134.0,2.0,4.0,0.0,11.0,5.0,22.0,1.0,0.0,52.0,0.0,19.0,22.0,1.0
05/13/2020,80.0,0.0,0.0,0.0,0.0,33.0,0.0,0.0,13.0,0.0,0.0,13.0,1.0,21.0,1.0,0.0,0.0,1659.0,2.0,14.0,0.0,0.0,4.0,0.0,1.0,6.0,3.0,1.0,80.0,8.0,0.0,238.0,52.0,2.0,138.0,217.0,35.0,31.0,1.0,66.0,11.0,134.0,2.0,4.0,0.0,12.0,4.0,23.0,1.0,0.0,54.0,0.0,24.0,22.0,1.0
05/14/2020,80.0,0.0,0.0,0.0,0.0,33.0,0.0,0.0,13.0,0.0,0.0,14.0,1.0,22.0,1.0,0.0,0.0,1659.0,2.0,14.0,0.0,0.0,4.0,0.0,1.0,6.0,3.0,1.0,80.0,9.0,0.0,246.0,54.0,2.0,139.0,223.0,35.0,31.0,1.0,66.0,11.0,136.0,3.0,4.0,0.0,14.0,4.0,23.0,1.0,0.0,54.0,0.0,24.0,22.0,1.0
05/15/2020,84.0,0.0,0.0,0.0,0.0,33.0,0.0,0.0,16.0,0.0,0.0,14.0,1.0,25.0,2.0,0.0,0.0,1755.0,2.0,14.0,1.0,0.0,6.0,0.0,1.0,8.0,3.0,1.0,84.0,9.0,0.0,249.0,54.0,2.0,150.0,231.0,36.0,31.0,1.0,66.0,11.0,136.0,2.0,4.0,0.0,16.0,4.0,24.0,1.0,0.0,64.0,0.0,25.0,22.0,1.0
05/16/2020,85.0,0.0,0.0,0.0,0.0,33.0,0.0,0.0,16.0,0.0,0.0,14.0,1.0,25.0,2.0,0.0,0.0,1793.0,2.0,14.0,1.0,0.0,6.0,0.0,1.0,8.0,3.0,1.0,86.0,9.0,0.0,255.0,55.0,2.0,155.0,235.0,36.0,31.0,1.0,67.0,11.0,137.0,3.0,4.0,0.0,16.0,4.0,24.0,1.0,0.0,67.0,0.0,25.0,22.0,1.0
05/17/2020,85.0,0.0,0.0,0.0,0.0,33.0,0.0,0.0,16.0,0.0,0.0,14.0,1.0,25.0,2.0,0.0,0.0,1821.0,2.0,14.0,1.0,0.0,6.0,0.0,1.0,8.0,3.0,1.0,88.0,9.0,0.0,259.0,55.0,2.0,155.0,235.0,36.0,32.0,1.0,68.0,11.0,137.0,3.0,4.0,0.0,16.0,4.0,24.0,1.0,0.0,67.0,0.0,25.0,22.0,1.0
05/18/2020,85.0,0.0,0.0,0.0,0.0,33.0,0.0,0.0,17.0,0.0,0.0,14.0,1.0,26.0,2.0,0.0,0.0,1839.0,2.0,14.0,1.0,0.0,6.0,0.0,1.0,8.0,3.0,1.0,88.0,9.0,0.0,263.0,56.0,2.0,155.0,242.0,36.0,32.0,1.0,68.0,11.0,137.0,3.0,4.0,0.0,16.0,4.0,24.0,1.0,0.0,67.0,0.0,25.0,22.0,1.0
05/19/2020,88.0,0.0,0.0,0.0,0.0,33.0,0.0,0.0,17.0,0.0,0.0,17.0,1.0,26.0,2.0,0.0,0.0,1913.0,2.0,14.0,1.0,0.0,6.0,0.0,1.0,8.0,3.0,1.0,88.0,9.0,0.0,270.0,56.0,2.0,157.0,242.0,36.0,33.0,1.0,68.0,11.0,138.0,3.0,4.0,0.0,16.0,4.0,26.0,1.0,0.0,71.0,0.0,28.0,22.0,1.0
05/20/2020,88.0,0.0,0.0,0.0,0.0,33.0,0.0,0.0,20.0,0.0,0.0,18.0,1.0,26.0,2.0,0.0,0.0,1970.0,2.0,14.0,1.0,0.0,6.0,0.0,1.0,8.0,3.0,1.0,98.0,9.0,0.0,274.0,57.0,2.0,158.0,242.0,37.0,33.0,1.0,75.0,11.0,140.0,3.0,4.0,0.0,18.0,4.0,26.0,1.0,0.0,73.0,0.0,29.0,22.0,1.0
05/21/2020,90.0,0.0,0.0,0.0,0.0,36.0,0.0,0.0,22.0,0.0,2.0,20.0,1.0,27.0,2.0,0.0,0.0,2016.0,2.0,14.0,1.0,0.0,6.0,0.0,1.0,8.0,3.0,1.0,112.0,9.0,0.0,284.0,57.0,2.0,164.0,262.0,37.0,33.0,1.0,75.0,11.0,140.0,3.0,4.0,0.0,19.0,4.0,26.0,1.0,0.0,74.0,0.0,29.0,22.0,1.0
05/22/2020,90.0,0.0,0.0,0.0,0.0,36.0,0.0,0.0,22.0,0.0,2.0,22.0,1.0,28.0,2.0,0.0,0.0,2049.0,2.0,14.0,1.0,0.0,6.0,0.0,1.0,8.0,3.0,1.0,118.0,9.0,0.0,290.0,57.0,2.0,173.0,262.0,40.0,33.0,1.0,76.0,11.0,140.0,3.0,4.0,0.0,20.0,4.0,28.0,1.0,0.0,75.0,0.0,30.0,22.0,1.0
05/23/2020,92.0,0.0,0.0,0.0,0.0,36.0,0.0,0.0,22.0,0.0,2.0,22.0,1.0,30.0,2.0,0.0,0.0,2090.0,2.0,14.0,1.0,0.0,6.0,0.0,1.0,8.0,3.0,1.0,130.0,9.0,0.0,298.0,57.0,2.0,176.0,271.0,40.0,33.0,1.0,76.0,12.0,140.0,3.0,4.0,0.0,20.0,4.0,28.0,1.0,0.0,75.0,0.0,30.0,22.0,1.0
05/24/2020,93.0,0.0,0.0,0.0,0.0,36.0,0.0,0.0,22.0,0.0,2.0,22.0,1.0,31.0,2.0,0.0,0.0,2104.0,2.0,14.0,1.0,0.0,6.0,0.0,1.0,8.0,3.0,1.0,131.0,9.0,0.0,299.0,57.0,2.0,176.0,275.0,40.0,33.0,1.0,76.0,12.0,140.0,3.0,4.0,0.0,20.0,4.0,28.0,1.0,0.0,75.0,0.0,30.0,22.0,1.0
05/25/2020,93.0,0.0,0.0,0.0,0.0,37.0,0.0,0.0,22.0,0.0,2.0,22.0,1.0,31.0,2.0,0.0,0.0,2116.0,2.0,14.0,1.0,0.0,6.0,0.0,1.0,8.0,3.0,1.0,131.0,9.0,0.0,304.0,57.0,2.0,176.0,275.0,40.0,33.0,1.0,76.0,12.0,140.0,3.0,4.0,0.0,20.0,4.0,28.0,1.0,0.0,75.0,0.0,30.0,22.0,1.0
05/26/2020,93.0,0.0,0.0,0.0,0.0,37.0,0.0,0.0,26.0,0.0,2.0,23.0,1.0,31.0,2.0,0.0,0.0,2143.0,2.0,14.0,1.0,0.0,7.0,0.0,1.0,8.0,3.0,1.0,131.0,9.0,0.0,309.0,57.0,2.0,176.0,275.0,40.0,33.0,1.0,82.0,12.0,141.0,3.0,4.0,0.0,20.0,4.0,28.0,1.0,0.0,79.0,0.0,32.0,22.0,1.0
05/27/2020,97.0,0.0,0.0,0.0,0.0,37.0,0.0,0.0,30.0,0.0,2.0,25.0,1.0,36.0,3.0,0.0,0.0,2195.0,2.0,14.0,1.0,0.0,7.0,0.0,1.0,8.0,3.0,1.0,136.0,9.0,0.0,314.0,57.0,2.0,183.0,290.0,40.0,34.0,1.0,82.0,12.0,141.0,3.0,4.0,0.0,21.0,4.0,28.0,1.0,0.0,79.0,0.0,32.0,22.0,1.0
05/28/2020,97.0,0.0,0.0,0.0,0.0,37.0,0.0,0.0,32.0,0.0,3.0,25.0,1.0,37.0,3.0,0.0,0.0,2241.0,2.0,14.0,1.0,0.0,7.0,0.0,1.0,8.0,3.0,1.0,142.0,9.0,0.0,320.0,57.0,2.0,190.0,297.0,40.0,35.0,1.0,82.0,12.0,142.0,3.0,4.0,0.0,22.0,4.0,28.0,1.0,0.0,80.0,0.0,32.0,23.0,1.0
05/29/2020,102.0,0.0,0.0,0.0,0.0,37.0,0.0,0.0,35.0,0.0,3.0,26.0,1.0,37.0,3.0,0.0,0.0,2290.0,2.0,14.0,1.0,0.0,7.0,0.0,1.0,10.0,3.0,1.0,145.0,9.0,0.0,331.0,57.0,2.0,199.0,307.0,41.0,35.0,1.0,84.0,12.0,142.0,3.0,4.0,0.0,22.0,4.0,28.0,1.0,0.0,84.0,0.0,33.0,24.0,1.0
05/30/2020,103.0,0.0,0.0,0.0,0.0,37.0,0.0,0.0,35.0,0.0,3.0,26.0,1.0,38.0,4.0,0.0,0.0,2338.0,2.0,14.0,1.0,0.0,7.0,0.0,1.0,10.0,3.0,1.0,146.0,9.0,0.0,339.0,57.0,2.0,204.0,312.0,41.0,35.0,1.0,84.0,12.0,142.0,3.0,4.0,0.0,22.0,4.0,28.0,1.0,0.0,84.0,0.0,33.0,24.0,1.0
05/31/2020,103.0,0.0,0.0,0.0,0.0,37.0,0.0,0.0,35.0,0.0,3.0,26.0,1.0,38.0,5.0,0.0,0.0,2362.0,2.0,14.0,1.0,0.0,7.0,0.0,1.0,10.0,3.0,1.0,147.0,9.0,0.0,339.0,57.0,2.0,204.0,312.0,42.0,35.0,1.0,84.0,12.0,142.0,3.0,4.0,0.0,22.0,4.0,29.0,1.0,0.0,84.0,0.0,33.0,24.0,1.0
06/01/2020,104.0,0.0,1.0,0.0,0.0,38.0,0.0,0.0,36.0,0.0,3.0,28.0,1.0,38.0,5.0,0.0,0.0,2384.0,2.0,15.0,1.0,0.0,7.0,0.0,1.0,10.0,3.0,1.0,147.0,9.0,0.0,344.0,58.0,2.0,204.0,312.0,43.0,35.0,1.0,84.0,12.0,145.0,3.0,4.0,0.0,22.0,4.0,29.0,1.0,0.0,89.0,0.0,34.0,24.0,1.0
06/02/2020,104.0,0.0,1.0,0.0,0.0,38.0,0.0,0.0,37.0,0.0,4.0,28.0,1.0,39.0,5.0,0.0,0.0,2443.0,3.0,17.0,1.0,0.0,7.0,0.0,1.0,10.0,3.0,1.0,150.0,9.0,0.0,344.0,58.0,2.0,208.0,312.0,43.0,35.0,1.0,84.0,12.0,145.0,3.0,4.0,0.0,22.0,4.0,30.0,1.0,0.0,89.0,0.0,34.0,24.0,1.0
06/03/2020,104.0,0.0,1.0,0.0,0.0,38.0,0.0,0.0,37.0,0.0,4.0,28.0,1.0,40.0,6.0,0.0,0.0,2489.0,3.0,17.0,1.0,0.0,7.0,0.0,1.0,10.0,3.0,1.0,158.0,9.0,0.0,345.0,58.0,2.0,209.0,312.0,43.0,35.0,1.0,84.0,14.0,145.0,3.0,4.0,0.0,22.0,4.0,30.0,1.0,0.0,90.0,0.0,35.0,24.0,1.0
06/04/2020,104.0,0.0,1.0,0.0,0.0,38.0,0.0,0.0,40.0,0.0,4.0,28.0,1.0,45.0,6.0,0.0,0.0,2531.0,3.0,17.0,1.0,0.0,7.0,0.0,1.0,10.0,3.0,1.0,165.0,9.0,0.0,345.0,58.0,2.0,210.0,312.0,43.0,36.0,1.0,84.0,14.0,145.0,3.0,4.0,0.0,22.0,4.0,31.0,1.0,0.0,92.0,0.0,35.0,24.0,1.0
06/05/2020,104.0,0.0,1.0,0.0,0.0,38.0,0.0,0.0,43.0,0.0,4.0,29.0,1.0,45.0,6.0,0.0,0.0,2565.0,3.0,17.0,1.0,0.0,7.0,0.0,1.0,10.0,3.0,1.0,174.0,9.0,0.0,355.0,59.0,2.0,217.0,312.0,43.0,36.0,1.0,84.0,14.0,145.0,3.0,4.0,0.0,23.0,4.0,31.0,1.0,0.0,92.0,0.0,35.0,24.0,1.0
06/06/2020,104.0,0.0,1.0,0.0,0.0,38.0,0.0,0.0,43.0,0.0,4.0,32.0,1.0,46.0,6.0,0.0,0.0,2620.0,3.0,17.0,1.0,0.0,7.0,0.0,1.0,10.0,3.0,1.0,176.0,9.0,0.0,355.0,59.0,2.0,224.0,312.0,43.0,37.0,1.0,88.0,15.0,145.0,3.0,4.0,0.0,23.0,4.0,33.0,1.0,0.0,92.0,0.0,35.0,24.0,1.0
06/07/2020,104.0,0.0,1.0,0.0,0.0,39.0,0.0,0.0,43.0,0.0,4.0,32.0,1.0,46.0,6.0,0.0,0.0,2645.0,3.0,17.0,1.0,0.0,7.0,0.0,1.0,10.0,3.0,1.0,177.0,9.0,0.0,355.0,59.0,2.0,224.0,312.0,43.0,37.0,1.0,88.0,15.0,145.0,3.0,4.0,0.0,23.0,4.0,33.0,1.0,0.0,92.0,0.0,35.0,24.0,1.0
06/08/2020,104.0,0.0,1.0,0.0,0.0,40.0,0.0,0.0,46.0,0.0,4.0,37.0,1.0,47.0,6.0,0.0,0.0,2655.0,3.0,17.0,1.0,0.0,7.0,0.0,1.0,10.0,3.0,1.0,177.0,9.0,0.0,356.0,61.0,2.0,224.0,312.0,43.0,37.0,1.0,88.0,15.0,146.0,3.0,4.0,0.0,23.0,4.0,33.0,1.0,0.0,94.0,0.0,35.0,24.0,1.0
06/09/2020,110.0,0.0,1.0,0.0,0.0,43.0,0.0,0.0,48.0,0.0,4.0,37.0,1.0,50.0,6.0,0.0,0.0,2707.0,3.0,17.0,1.0,0.0,7.0,0.0,1.0,11.0,3.0,1.0,185.0,9.0,0.0,365.0,61.0,2.0,224.0,312.0,44.0,39.0,1.0,93.0,15.0,150.0,3.0,4.0,0.0,23.0,4.0,33.0,1.0,0.0,94.0,0.0,35.0,24.0,1.0
06/10/2020,110.0,0.0,1.0,0.0,0.0,43.0,0.0,0.0,49.0,0.0,4.0,40.0,1.0,51.0,6.0,0.0,0.0,2768.0,3.0,17.0,1.0,0.0,7.0,0.0,1.0,11.0,3.0,1.0,198.0,9.0,0.0,372.0,62.0,2.0,225.0,312.0,44.0,40.0,1.0,93.0,15.0,150.0,3.0,4.0,0.0,23.0,4.0,33.0,1.0,0.0,96.0,0.0,38.0,24.0,1.0
06/11/2020,110.0,0.0,1.0,0.0,0.0,44.0,0.0,0.0,51.0,0.0,4.0,42.0,1.0,53.0,6.0,0.0,0.0,2813.0,3.0,17.0,1.0,0.0,7.0,0.0,1.0,11.0,3.0,1.0,202.0,9.0,0.0,380.0,63.0,2.0,227.0,312.0,44.0,42.0,1.0,93.0,16.0,150.0,3.0,4.0,0.0,23.0,4.0,33.0,1.0,0.0,98.0,0.0,38.0,24.0,1.0
06/12/2020,110.0,0.0,1.0,0.0,0.0,44.0,0.0,0.0,52.0,0.0,4.0,42.0,1.0,54.0,6.0,0.0,0.0,2832.0,3.0,17.0,1.0,0.0,7.0,0.0,1.0,11.0,3.0,1.0,210.0,9.0,0.0,383.0,63.0,2.0,229.0,313.0,44.0,42.0,1.0,99.0,16.0,151.0,3.0,5.0,0.0,23.0,4.0,33.0,1.0,0.0,98.0,0.0,40.0,24.0,1.0
06/13/2020,110.0,0.0,1.0,0.0,0.0,44.0,0.0,0.0,52.0,0.0,4.0,42.0,1.0,55.0,6.0,0.0,0.0,2890.0,3.0,17.0,1.0,0.0,7.0,0.0,1.0,11.0,3.0,1.0,217.0,9.0,0.0,383.0,63.0,2.0,229.0,319.0,44.0,43.0,1.0,99.0,16.0,151.0,3.0,5.0,0.0,23.0,4.0,33.0,1.0,0.0,98.0,0.0,40.0,24.0,1.0
06/14/2020,112.0,0.0,1.0,0.0,0.0,44.0,0.0,0.0,52.0,0.0,4.0,42.0,1.0,55.0,6.0,0.0,0.0,2907.0,3.0,17.0,1.0,0.0,7.0,0.0,1.0,12.0,3.0,1.0,221.0,9.0,0.0,383.0,63.0,2.0,229.0,320.0,45.0,43.0,1.0,99.0,18.0,152.0,3.0,5.0,0.0,23.0,4.0,34.0,1.0,0.0,98.0,0.0,40.0,24.0,1.0
06/15/2020,112.0,0.0,1.0,0.0,0.0,44.0,0.0,0.0,55.0,0.0,4.0,46.0,1.0,55.0,8.0,0.0,0.0,2926.0,3.0,17.0,1.0,0.0,7.0,0.0,1.0,12.0,3.0,1.0,221.0,9.0,0.0,384.0,63.0,2.0,229.0,320.0,45.0,43.0,1.0,99.0,18.0,152.0,3.0,5.0,0.0,23.0,4.0,34.0,1.0,0.0,98.0,0.0,41.0,24.0,1.0
06/16/2020,112.0,0.0,1.0,0.0,0.0,49.0,0.0,0.0,57.0,0.0,4.0,51.0,1.0,57.0,9.0,0.0,0.0,2959.0,4.0,18.0,1.0,0.0,7.0,0.0,1.0,12.0,3.0,1.0,233.0,9.0,0.0,395.0,63.0,2.0,229.0,323.0,46.0,47.0,1.0,99.0,18.0,153.0,3.0,4.0,0.0,23.0,4.0,35.0,1.0,0.0,98.0,0.0,41.0,24.0,1.0
06/17/2020,116.0,0.0,1.0,0.0,0.0,50.0,0.0,0.0,61.0,0.0,4.0,53.0,1.0,58.0,10.0,0.0,0.0,2991.0,4.0,18.0,1.0,0.0,8.0,0.0,1.0,12.0,4.0,1.0,243.0,9.0,0.0,399.0,67.0,2.0,229.0,327.0,47.0,47.0,1.0,99.0,21.0,153.0,3.0,4.0,0.0,23.0,4.0,35.0,1.0,0.0,106.0,0.0,41.0,24.0,1.0
06/18/2020,117.0,0.0,1.0,0.0,0.0,55.0,0.0,0.0,62.0,0.0,4.0,59.0,1.0,60.0,10.0,0.0,0.0,3027.0,4.0,18.0,1.0,0.0,8.0,0.0,1.0,12.0,4.0,1.0,250.0,9.0,0.0,408.0,67.0,2.0,230.0,331.0,47.0,47.0,1.0,99.0,22.0,153.0,3.0,4.0,0.0,23.0,4.0,36.0,1.0,0.0,107.0,0.0,42.0,24.0,1.0
06/19/2020,118.0,0.0,1.0,0.0,0.0,56.0,0.0,0.0,66.0,0.0,4.0,63.0,1.0,60.0,12.0,0.0,0.0,3063.0,4.0,18.0,1.0,0.0,8.0,0.0,1.0,12.0,4.0,1.0,257.0,9.0,0.0,410.0,67.0,2.0,230.0,332.0,47.0,48.0,1.0,103.0,22.0,153.0,2.0,4.0,0.0,23.0,4.0,36.0,1.0,0.0,111.0,0.0,42.0,24.0,1.0
06/20/2020,118.0,0.0,1.0,0.0,0.0,56.0,0.0,0.0,66.0,0.0,4.0,63.0,1.0,60.0,15.0,0.0,0.0,3110.0,4.0,18.0,1.0,0.0,8.0,0.0,1.0,12.0,4.0,1.0,267.0,9.0,0.0,410.0,67.0,2.0,233.0,338.0,47.0,48.0,1.0,103.0,22.0,153.0,3.0,4.0,0.0,23.0,4.0,36.0,1.0,0.0,111.0,0.0,42.0,24.0,1.0
06/21/2020,119.0,0.0,1.0,0.0,0.0,62.0,0.0,0.0,66.0,0.0,4.0,63.0,1.0,60.0,15.0,0.0,0.0,3120.0,4.0,18.0,1.0,0.0,8.0,0.0,1.0,12.0,4.0,1.0,269.0,9.0,0.0,410.0,67.0,2.0,233.0,338.0,47.0,48.0,1.0,103.0,22.0,155.0,3.0,5.0,0.0,23.0,5.0,35.0,1.0,0.0,111.0,0.0,42.0,24.0,1.0
06/22/2020,120.0,0.0,1.0,0.0,0.0,62.0,0.0,0.0,67.0,0.0,4.0,63.0,1.0,60.0,19.0,0.0,0.0,3137.0,5.0,18.0,1.0,0.0,9.0,0.0,1.0,12.0,4.0,1.0,269.0,9.0,0.0,424.0,67.0,2.0,234.0,338.0,48.0,48.0,1.0,103.0,22.0,155.0,3.0,5.0,0.0,23.0,5.0,35.0,1.0,0.0,113.0,0.0,43.0,24.0,1.0
06/23/2020,121.0,0.0,1.0,0.0,0.0,62.0,0.0,0.0,70.0,0.0,4.0,67.0,1.0,66.0,20.0,0.0,0.0,3171.0,5.0,18.0,1.0,0.0,9.0,0.0,1.0,12.0,4.0,1.0,275.0,10.0,0.0,431.0,66.0,2.0,234.0,341.0,48.0,48.0,1.0,104.0,27.0,155.0,3.0,5.0,0.0,23.0,5.0,37.0,1.0,0.0,116.0,0.0,43.0,24.0,1.0
06/24/2020,122.0,0.0,1.0,0.0,0.0,67.0,0.0,0.0,71.0,0.0,4.0,69.0,1.0,66.0,20.0,0.0,0.0,3205.0,5.0,18.0,1.0,0.0,10.0,0.0,1.0,12.0,4.0,1.0,299.0,10.0,0.0,432.0,66.0,2.0,245.0,347.0,48.0,49.0,1.0,104.0,27.0,156.0,3.0,5.0,0.0,23.0,5.0,37.0,1.0,0.0,118.0,0.0,44.0,24.0,1.0
06/25/2020,128.0,0.0,2.0,0.0,0.0,72.0,0.0,0.0,71.0,0.0,4.0,72.0,1.0,70.0,21.0,0.0,0.0,3246.0,5.0,18.0,1.0,0.0,11.0,0.0,1.0,12.0,4.0,1.0,306.0,10.0,0.0,435.0,66.0,2.0,248.0,352.0,48.0,49.0,1.0,104.0,27.0,156.0,3.0,5.0,0.0,23.0,5.0,38.0,1.0,0.0,119.0,0.0,44.0,24.0,1.0
06/26/2020,130.0,0.0,2.0,0.0,0.0,73.0,0.0,0.0,72.0,0.0,4.0,72.0,1.0,70.0,21.0,0.0,0.0,3267.0,5.0,18.0,1.0,0.0,11.0,0.0,1.0,12.0,4.0,1.0,323.0,11.0,0.0,438.0,66.0,2.0,249.0,358.0,48.0,52.0,1.0,106.0,28.0,156.0,3.0,5.0,0.0,23.0,5.0,38.0,1.0,0.0,122.0,0.0,44.0,24.0,1.0
06/27/2020,130.0,0.0,2.0,0.0,0.0,73.0,0.0,0.0,72.0,0.0,4.0,80.0,1.0,70.0,22.0,0.0,0.0,3285.0,5.0,18.0,1.0,0.0,11.0,0.0,1.0,12.0,4.0,1.0,323.0,11.0,0.0,438.0,66.0,2.0,249.0,360.0,49.0,52.0,1.0,106.0,28.0,156.0,3.0,5.0,0.0,23.0,5.0,38.0,1.0,0.0,122.0,0.0,44.0,24.0,1.0
06/28/2020,133.0,0.0,2.0,0.0,0.0,74.0,0.0,0.0,72.0,0.0,4.0,80.0,1.0,70.0,24.0,0.0,0.0,3305.0,5.0,18.0,1.0,0.0,11.0,0.0,1.0,13.0,4.0,1.0,326.0,11.0,0.0,438.0,66.0,2.0,249.0,361.0,50.0,52.0,1.0,106.0,28.0,156.0,3.0,5.0,0.0,23.0,5.0,41.0,1.0,0.0,122.0,0.0,44.0,24.0,1.0
06/29/2020,133.0,0.0,2.0,0.0,0.0,76.0,0.0,0.0,72.0,0.0,4.0,80.0,1.0,70.0,28.0,0.0,0.0,3326.0,5.0,18.0,1.0,0.0,11.0,0.0,1.0,14.0,4.0,1.0,330.0,11.0,0.0,440.0,68.0,2.0,249.0,361.0,50.0,52.0,1.0,106.0,28.0,156.0,3.0,5.0,0.0,24.0,7.0,41.0,1.0,0.0,124.0,0.0,45.0,24.0,1.0
06/30/2020,135.0,0.0,2.0,0.0,0.0,76.0,0.0,0.0,73.0,0.0,4.0,92.0,1.0,70.0,30.0,0.0,0.0,3369.0,5.0,18.0,1.0,0.0,11.0,0.0,1.0,15.0,4.0,1.0,340.0,11.0,0.0,457.0,68.0,2.0,253.0,365.0,50.0,52.0,1.0,108.0,29.0,157.0,3.0,5.0,0.0,24.0,7.0,42.0,1.0,0.0,126.0,0.0,46.0,24.0,1.0
07/01/2020,136.0,0.0,2.0,0.0,0.0,77.0,0.0,0.0,75.0,0.0,4.0,96.0,1.0,76.0,32.0,0.0,0.0,3402.0,5.0,19.0,1.0,0.0,11.0,0.0,1.0,15.0,4.0,1.0,345.0,11.0,0.0,463.0,68.0,2.0,258.0,372.0,50.0,54.0,2.0,108.0,29.0,159.0,3.0,5.0,0.0,25.0,9.0,44.0,1.0,0.0,128.0,0.0,46.0,24.0,1.0
07/02/2020,138.0,0.0,3.0,0.0,0.0,78.0,0.0,0.0,77.0,0.0,4.0,99.0,1.0,77.0,32.0,0.0,0.0,3454.0,5.0,19.0,1.0,0.0,11.0,0.0,1.0,15.0,4.0,1.0,354.0,11.0,0.0,465.0,69.0,2.0,265.0,377.0,50.0,55.0,2.0,108.0,29.0,160.0,3.0,5.0,0.0,25.0,10.0,44.0,1.0,0.0,133.0,0.0,47.0,24.0,1.0
07/03/2020,140.0,0.0,3.0,0.0,0.0,79.0,0.0,0.0,77.0,0.0,4.0,104.0,1.0,80.0,33.0,0.0,0.0,3454.0,5.0,19.0,1.0,0.0,11.0,0.0,1.0,15.0,4.0,1.0,360.0,11.0,0.0,479.0,69.0,2.0,269.0,387.0,50.0,55.0,2.0,108.0,29.0,161.0,3.0,5.0,0.0,25.0,11.0,44.0,1.0,0.0,136.0,0.0,47.0,25.0,1.0
07/04/2020,140.0,0.0,3.0,0.0,0.0,81.0,0.0,0.0,77.0,0.0,4.0,113.0,1.0,81.0,33.0,1.0,0.0,3454.0,5.0,19.0,1.0,0.0,11.0,0.0,1.0,15.0,4.0,1.0,360.0,11.0,0.0,479.0,69.0,2.0,269.0,387.0,50.0,55.0,2.0,108.0,29.0,161.0,3.0,5.0,0.0,25.0,11.0,44.0,1.0,0.0,136.0,0.0,47.0,25.0,2.0
07/05/2020,140.0,0.0,3.0,0.0,0.0,81.0,0.0,0.0,77.0,0.0,4.0,113.0,1.0,82.0,33.0,1.0,0.0,3487.0,5.0,19.0,1.0,0.0,11.0,0.0,1.0,15.0,4.0,1.0,363.0,11.0,0.0,479.0,69.0,2.0,269.0,387.0,50.0,55.0,2.0,108.0,29.0,162.0,3.0,5.0,0.0,25.0,11.0,45.0,1.0,0.0,136.0,0.0,47.0,26.0,2.0
07/06/2020,140.0,0.0,3.0,0.0,0.0,85.0,0.0,0.0,78.0,0.0,4.0,116.0,1.0,82.0,37.0,1.0,0.0,3534.0,7.0,19.0,1.0,0.0,11.0,0.0,1.0,15.0,4.0,1.0,366.0,11.0,0.0,486.0,74.0,2.0,269.0,387.0,50.0,55.0,2.0,108.0,29.0,165.0,3.0,5.0,0.0,25.0,12.0,45.0,1.0,0.0,136.0,0.0,50.0,26.0,2.0
07/07/2020,140.0,0.0,3.0,0.0,0.0,86.0,0.0,0.0,81.0,0.0,4.0,120.0,1.0,84.0,37.0,1.0,0.0,3579.0,7.0,20.0,1.0,0.0,11.0,0.0,1.0,17.0,4.0,1.0,366.0,11.0,0.0,506.0,76.0,2.0,272.0,399.0,50.0,58.0,2.0,111.0,30.0,166.0,3.0,5.0,0.0,27.0,14.0,45.0,1.0,0.0,139.0,0.0,50.0,26.0,2.0
07/08/2020,142.0,0.0,4.0,0.0,0.0,86.0,0.0,0.0,84.0,0.0,4.0,124.0,1.0,87.0,38.0,1.0,0.0,3642.0,8.0,23.0,1.0,0.0,12.0,0.0,1.0,17.0,4.0,1.0,369.0,11.0,0.0,515.0,78.0,2.0,293.0,406.0,50.0,61.0,3.0,111.0,30.0,166.0,3.0,5.0,0.0,27.0,14.0,50.0,1.0,0.0,148.0,0.0,50.0,28.0,3.0
07/09/2020,146.0,0.0,4.0,0.0,0.0,88.0,0.0,0.0,87.0,0.0,4.0,126.0,1.0,89.0,39.0,1.0,0.0,3689.0,8.0,23.0,1.0,0.0,12.0,0.0,1.0,17.0,4.0,1.0,376.0,11.0,0.0,533.0,78.0,2.0,304.0,415.0,50.0,67.0,4.0,111.0,29.0,167.0,3.0,6.0,0.0,27.0,14.0,50.0,1.0,0.0,148.0,0.0,53.0,28.0,3.0
07/10/2020,147.0,0.0,4.0,0.0,0.0,88.0,0.0,0.0,88.0,0.0,4.0,131.0,1.0,97.0,39.0,1.0,0.0,3738.0,8.0,23.0,1.0,0.0,12.0,0.0,1.0,18.0,4.0,1.0,402.0,11.0,0.0,537.0,79.0,2.0,304.0,420.0,50.0,68.0,4.0,112.0,31.0,167.0,3.0,6.0,0.0,28.0,14.0,51.0,1.0,0.0,152.0,0.0,53.0,28.0,3.0
07/11/2020,148.0,0.0,4.0,0.0,0.0,89.0,0.0,0.0,88.0,0.0,4.0,134.0,1.0,97.0,39.0,1.0,0.0,3793.0,8.0,23.0,1.0,0.0,12.0,0.0,1.0,18.0,4.0,1.0,412.0,11.0,0.0,537.0,81.0,2.0,304.0,422.0,50.0,68.0,4.0,112.0,31.0,167.0,3.0,6.0,0.0,28.0,16.0,51.0,1.0,0.0,152.0,0.0,53.0,28.0,3.0
07/12/2020,148.0,0.0,4.0,0.0,0.0,90.0,0.0,0.0,88.0,0.0,4.0,134.0,1.0,97.0,39.0,1.0,0.0,3809.0,8.0,23.0,1.0,0.0,12.0,0.0,1.0,18.0,4.0,1.0,421.0,11.0,0.0,537.0,83.0,2.0,306.0,422.0,50.0,68.0,4.0,112.0,31.0,167.0,3.0,6.0,0.0,28.0,16.0,51.0,1.0,0.0,152.0,0.0,53.0,28.0,3.0
07/13/2020,148.0,0.0,4.0,0.0,0.0,90.0,0.0,0.0,88.0,0.0,4.0,135.0,1.0,98.0,40.0,1.0,0.0,3822.0,8.0,28.0,1.0,0.0,12.0,0.0,1.0,18.0,4.0,1.0,423.0,11.0,0.0,550.0,83.0,2.0,307.0,422.0,50.0,70.0,5.0,112.0,31.0,168.0,3.0,6.0,0.0,31.0,16.0,51.0,1.0,0.0,152.0,0.0,53.0,28.0,3.0
07/14/2020,152.0,0.0,4.0,0.0,0.0,92.0,0.0,0.0,91.0,0.0,4.0,140.0,1.0,98.0,40.0,1.0,0.0,3894.0,9.0,28.0,1.0,0.0,13.0,0.0,1.0,18.0,4.0,1.0,433.0,11.0,0.0,553.0,91.0,2.0,309.0,436.0,50.0,73.0,5.0,114.0,31.0,171.0,3.0,6.0,0.0,31.0,16.0,57.0,1.0,0.0,153.0,0.0,53.0,29.0,3.0
07/15/2020,154.0,0.0,4.0,0.0,0.0,92.0,0.0,0.0,91.0,0.0,4.0,147.0,1.0,98.0,41.0,1.0,0.0,3936.0,10.0,40.0,1.0,0.0,15.0,0.0,1.0,18.0,5.0,1.0,455.0,11.0,0.0,577.0,92.0,2.0,310.0,448.0,50.0,73.0,6.0,114.0,32.0,174.0,3.0,6.0,0.0,31.0,16.0,61.0,1.0,0.0,153.0,0.0,56.0,30.0,3.0
07/16/2020,154.0,0.0,4.0,0.0,0.0,93.0,0.0,0.0,91.0,0.0,4.0,147.0,1.0,105.0,41.0,1.0,0.0,3988.0,11.0,40.0,1.0,0.0,15.0,0.0,1.0,18.0,5.0,1.0,466.0,11.0,0.0,585.0,94.0,2.0,310.0,465.0,51.0,81.0,6.0,114.0,32.0,177.0,3.0,6.0,0.0,31.0,19.0,61.0,1.0,0.0,161.0,0.0,56.0,30.0,3.0
07/17/2020,161.0,0.0,4.0,0.0,0.0,96.0,0.0,0.0,100.0,0.0,4.0,155.0,1.0,105.0,41.0,1.0,0.0,4047.0,11.0,40.0,1.0,0.0,15.0,0.0,1.0,18.0,5.0,1.0,469.0,11.0,0.0,587.0,95.0,2.0,315.0,472.0,52.0,83.0,6.0,114.0,32.0,178.0,3.0,7.0,0.0,31.0,19.0,63.0,1.0,0.0,165.0,0.0,57.0,31.0,3.0
07/18/2020,162.0,0.0,4.0,0.0,0.0,98.0,0.0,0.0,100.0,0.0,4.0,160.0,1.0,105.0,41.0,1.0,0.0,4084.0,11.0,40.0,1.0,0.0,15.0,0.0,1.0,18.0,5.0,1.0,494.0,11.0,0.0,587.0,96.0,2.0,328.0,478.0,52.0,83.0,6.0,114.0,32.0,178.0,3.0,7.0,0.0,31.0,19.0,63.0,1.0,0.0,165.0,0.0,57.0,31.0,3.0
07/19/2020,162.0,0.0,4.0,0.0,0.0,98.0,0.0,0.0,100.0,0.0,4.0,160.0,1.0,105.0,41.0,1.0,0.0,4095.0,11.0,40.0,1.0,0.0,15.0,0.0,1.0,18.0,5.0,1.0,494.0,11.0,0.0,587.0,96.0,2.0,328.0,478.0,52.0,83.0,6.0,114.0,32.0,178.0,3.0,7.0,0.0,31.0,20.0,63.0,1.0,0.0,165.0,0.0,57.0,32.0,3.0
07/20/2020,162.0,0.0,5.0,0.0,0.0,99.0,0.0,1.0,100.0,0.0,4.0,162.0,1.0,105.0,42.0,1.0,0.0,4104.0,13.0,40.0,1.0,0.0,22.0,0.0,1.0,19.0,5.0,1.0,493.0,11.0,0.0,588.0,96.0,2.0,329.0,478.0,52.0,94.0,6.0,114.0,32.0,179.0,3.0,7.0,0.0,34.0,20.0,71.0,1.0,0.0,167.0,0.0,58.0,34.0,3.0
07/21/2020,167.0,0.0,5.0,1.0,1.0,102.0,0.0,1.0,104.0,0.0,4.0,162.0,1.0,105.0,42.0,1.0,0.0,4154.0,13.0,40.0,1.0,3.0,22.0,0.0,1.0,21.0,7.0,1.0,513.0,12.0,0.0,589.0,96.0,2.0,333.0,487.0,53.0,95.0,7.0,114.0,32.0,179.0,3.0,7.0,0.0,35.0,22.0,73.0,1.0,0.0,168.0,0.0,62.0,34.0,3.0
07/22/2020,171.0,0.0,5.0,1.0,2.0,102.0,0.0,1.0,104.0,0.0,4.0,164.0,1.0,115.0,45.0,1.0,0.0,4213.0,16.0,40.0,1.0,3.0,26.0,0.0,1.0,21.0,7.0,1.0,521.0,12.0,0.0,617.0,96.0,2.0,337.0,505.0,53.0,98.0,7.0,114.0,32.0,181.0,3.0,7.0,0.0,35.0,22.0,77.0,1.0,0.0,168.0,0.0,63.0,35.0,3.0
07/23/2020,173.0,0.0,5.0,1.0,2.0,102.0,0.0,1.0,104.0,0.0,4.0,169.0,1.0,115.0,45.0,1.0,0.0,4262.0,18.0,40.0,1.0,4.0,27.0,0.0,1.0,22.0,7.0,1.0,543.0,13.0,0.0,637.0,98.0,2.0,358.0,512.0,55.0,107.0,8.0,114.0,32.0,182.0,4.0,7.0,0.0,35.0,22.0,79.0,1.0,0.0,168.0,0.0,63.0,37.0,3.0
07/24/2020,178.0,0.0,5.0,1.0,2.0,103.0,0.0,1.0,112.0,1.0,4.0,172.0,1.0,123.0,46.0,1.0,0.0,4300.0,19.0,40.0,1.0,5.0,27.0,0.0,1.0,22.0,8.0,1.0,556.0,13.0,0.0,637.0,103.0,2.0,372.0,524.0,56.0,110.0,8.0,117.0,32.0,184.0,4.0,8.0,0.0,35.0,24.0,86.0,1.0,0.0,168.0,0.0,67.0,37.0,3.0
07/25/2020,178.0,0.0,5.0,1.0,2.0,104.0,0.0,1.0,112.0,1.0,4.0,180.0,1.0,123.0,47.0,1.0,0.0,4351.0,19.0,54.0,1.0,6.0,27.0,0.0,1.0,22.0,8.0,1.0,562.0,14.0,0.0,637.0,108.0,2.0,376.0,533.0,56.0,110.0,8.0,117.0,32.0,185.0,4.0,8.0,0.0,35.0,24.0,87.0,1.0,0.0,168.0,0.0,67.0,37.0,3.0
07/26/2020,178.0,0.0,5.0,1.0,2.0,104.0,0.0,1.0,112.0,1.0,4.0,180.0,1.0,123.0,47.0,1.0,0.0,4360.0,19.0,54.0,2.0,6.0,27.0,0.0,1.0,23.0,8.0,1.0,564.0,14.0,0.0,637.0,108.0,2.0,383.0,533.0,56.0,110.0,8.0,117.0,32.0,185.0,4.0,8.0,0.0,35.0,24.0,90.0,1.0,0.0,168.0,0.0,67.0,37.0,3.0
07/27/2020,178.0,0.0,7.0,1.0,2.0,104.0,0.0,1.0,112.0,1.0,4.0,180.0,1.0,123.0,49.0,1.0,0.0,4375.0,21.0,54.0,2.0,6.0,29.0,0.0,1.0,23.0,8.0,1.0,566.0,15.0,0.0,671.0,114.0,2.0,384.0,533.0,56.0,118.0,9.0,117.0,32.0,185.0,4.0,8.0,0.0,36.0,24.0,95.0,1.0,0.0,172.0,2.0,70.0,37.0,3.0
07/28/2020,181.0,0.0,7.0,1.0,2.0,108.0,0.0,1.0,120.0,1.0,4.0,187.0,1.0,136.0,50.0,1.0,0.0,4426.0,23.0,54.0,2.0,6.0,29.0,0.0,1.0,24.0,8.0,1.0,581.0,15.0,0.0,672.0,121.0,3.0,395.0,547.0,56.0,133.0,11.0,118.0,32.0,186.0,4.0,8.0,0.0,36.0,31.0,98.0,1.0,0.0,173.0,2.0,71.0,39.0,3.0
07/29/2020,181.0,0.0,7.0,1.0,3.0,109.0,0.0,1.0,120.0,1.0,4.0,187.0,1.0,136.0,51.0,1.0,0.0,4516.0,28.0,61.0,2.0,6.0,35.0,0.0,1.0,26.0,8.0,1.0,587.0,15.0,0.0,682.0,126.0,4.0,395.0,552.0,57.0,146.0,12.0,118.0,32.0,188.0,4.0,8.0,0.0,37.0,31.0,103.0,1.0,0.0,173.0,2.0,73.0,41.0,4.0
07/30/2020,182.0,0.0,7.0,1.0,4.0,116.0,0.0,1.0,120.0,1.0,4.0,199.0,1.0,139.0,54.0,1.0,0.0,4552.0,28.0,64.0,2.0,9.0,39.0,0.0,1.0,26.0,8.0,1.0,604.0,15.0,0.0,688.0,127.0,4.0,403.0,558.0,58.0,151.0,14.0,118.0,32.0,191.0,4.0,8.0,0.0,37.0,32.0,104.0,1.0,0.0,173.0,2.0,74.0,41.0,4.0
07/31/2020,182.0,0.0,7.0,1.0,4.0,119.0,0.0,1.0,138.0,1.0,4.0,209.0,1.0,140.0,56.0,1.0,0.0,4621.0,30.0,64.0,2.0,9.0,50.0,0.0,1.0,26.0,8.0,1.0,618.0,15.0,0.0,695.0,133.0,4.0,409.0,561.0,59.0,168.0,15.0,119.0,60.0,192.0,4.0,9.0,0.0,37.0,36.0,104.0,1.0,0.0,178.0,2.0,76.0,41.0,4.0
08/01/2020,189.0,0.0,7.0,1.0,4.0,121.0,0.0,1.0,138.0,1.0,4.0,219.0,1.0,144.0,56.0,1.0,0.0,4669.0,30.0,70.0,2.0,9.0,50.0,0.0,1.0,30.0,8.0,1.0,649.0,15.0,0.0,695.0,142.0,4.0,417.0,565.0,61.0,168.0,15.0,119.0,60.0,192.0,4.0,9.0,0.0,37.0,37.0,110.0,1.0,0.0,178.0,2.0,76.0,42.0,4.0
08/02/2020,189.0,0.0,7.0,1.0,4.0,125.0,0.0,1.0,138.0,1.0,4.0,219.0,1.0,144.0,56.0,1.0,0.0,4692.0,30.0,70.0,2.0,9.0,50.0,0.0,1.0,30.0,8.0,1.0,651.0,16.0,0.0,695.0,142.0,4.0,417.0,565.0,61.0,168.0,15.0,119.0,60.0,192.0,4.0,9.0,0.0,37.0,39.0,112.0,1.0,0.0,178.0,2.0,76.0,42.0,4.0
08/03/2020,189.0,0.0,7.0,1.0,4.0,127.0,0.0,1.0,138.0,1.0,4.0,221.0,1.0,144.0,56.0,1.0,0.0,4701.0,32.0,70.0,2.0,9.0,50.0,0.0,1.0,30.0,8.0,1.0,651.0,17.0,0.0,737.0,145.0,4.0,418.0,565.0,61.0,180.0,16.0,119.0,61.0,192.0,4.0,9.0,0.0,37.0,39.0,126.0,1.0,0.0,189.0,2.0,76.0,42.0,4.0
08/04/2020,192.0,0.0,8.0,1.0,4.0,131.0,0.0,1.0,157.0,1.0,4.0,231.0,1.0,151.0,56.0,1.0,0.0,4758.0,32.0,70.0,2.0,9.0,51.0,0.0,1.0,34.0,9.0,1.0,653.0,18.0,0.0,738.0,148.0,4.0,477.0,568.0,61.0,180.0,16.0,120.0,64.0,193.0,4.0,9.0,0.0,38.0,39.0,135.0,1.0,0.0,193.0,2.0,77.0,42.0,4.0
08/05/2020,193.0,0.0,8.0,1.0,4.0,131.0,0.0,1.0,157.0,2.0,4.0,233.0,1.0,152.0,56.0,1.0,0.0,4825.0,32.0,76.0,2.0,10.0,60.0,0.0,1.0,34.0,9.0,1.0,665.0,19.0,0.0,752.0,153.0,4.0,487.0,578.0,62.0,187.0,16.0,120.0,67.0,197.0,4.0,9.0,0.0,38.0,42.0,145.0,1.0,0.0,193.0,2.0,79.0,42.0,4.0
08/06/2020,193.0,2.0,8.0,1.0,4.0,134.0,0.0,1.0,157.0,3.0,4.0,239.0,1.0,152.0,56.0,2.0,0.0,4869.0,36.0,77.0,2.0,10.0,62.0,0.0,1.0,35.0,9.0,1.0,697.0,20.0,0.0,770.0,155.0,4.0,490.0,583.0,63.0,192.0,16.0,120.0,68.0,197.0,4.0,9.0,0.0,39.0,44.0,151.0,1.0,0.0,196.0,2.0,82.0,42.0,4.0
08/07/2020,193.0,2.0,8.0,1.0,4.0,136.0,0.0,1.0,171.0,3.0,4.0,241.0,1.0,160.0,56.0,2.0,0.0,4918.0,39.0,77.0,2.0,10.0,64.0,0.0,1.0,35.0,9.0,1.0,704.0,20.0,0.0,799.0,161.0,4.0,497.0,586.0,64.0,211.0,16.0,120.0,69.0,204.0,4.0,9.0,0.0,40.0,47.0,161.0,1.0,0.0,196.0,2.0,89.0,43.0,4.0
08/08/2020,193.0,2.0,8.0,1.0,4.0,138.0,0.0,1.0,171.0,3.0,4.0,243.0,1.0,171.0,56.0,2.0,0.0,4967.0,39.0,78.0,2.0,10.0,64.0,0.0,1.0,35.0,10.0,1.0,720.0,20.0,0.0,799.0,161.0,4.0,502.0,593.0,67.0,211.0,17.0,120.0,69.0,205.0,6.0,9.0,0.0,40.0,47.0,162.0,1.0,0.0,196.0,2.0,89.0,43.0,4.0
08/09/2020,193.0,2.0,8.0,1.0,4.0,139.0,0.0,1.0,171.0,3.0,4.0,243.0,1.0,171.0,56.0,2.0,0.0,4977.0,39.0,78.0,2.0,10.0,64.0,0.0,1.0,35.0,10.0,1.0,726.0,21.0,0.0,799.0,161.0,4.0,546.0,594.0,67.0,211.0,17.0,120.0,69.0,206.0,6.0,9.0,0.0,40.0,47.0,163.0,1.0,0.0,196.0,2.0,89.0,44.0,4.0
08/10/2020,193.0,3.0,8.0,1.0,4.0,139.0,0.0,2.0,171.0,3.0,4.0,243.0,1.0,171.0,56.0,2.0,0.0,4996.0,39.0,78.0,2.0,10.0,70.0,0.0,1.0,35.0,11.0,1.0,726.0,22.0,0.0,820.0,177.0,4.0,546.0,594.0,67.0,223.0,17.0,120.0,72.0,206.0,6.0,10.0,0.0,41.0,50.0,169.0,1.0,0.0,196.0,2.0,92.0,44.0,4.0
08/11/2020,205.0,10.0,8.0,1.0,5.0,146.0,0.0,2.0,191.0,3.0,4.0,243.0,3.0,183.0,62.0,2.0,0.0,5057.0,39.0,81.0,2.0,10.0,74.0,0.0,1.0,37.0,11.0,1.0,734.0,24.0,0.0,824.0,179.0,4.0,549.0,602.0,67.0,235.0,17.0,122.0,73.0,208.0,6.0,10.0,0.0,41.0,51.0,177.0,1.0,0.0,198.0,2.0,93.0,45.0,4.0
08/12/2020,212.0,10.0,8.0,1.0,5.0,149.0,0.0,2.0,191.0,3.0,4.0,251.0,3.0,183.0,62.0,2.0,0.0,5109.0,44.0,81.0,2.0,10.0,74.0,0.0,1.0,39.0,11.0,1.0,745.0,26.0,0.0,853.0,186.0,4.0,555.0,608.0,67.0,239.0,17.0,122.0,73.0,208.0,6.0,10.0,0.0,41.0,51.0,182.0,1.0,0.0,205.0,2.0,93.0,45.0,4.0
08/13/2020,216.0,11.0,12.0,1.0,5.0,151.0,0.0,2.0,191.0,3.0,4.0,256.0,3.0,187.0,64.0,2.0,0.0,5171.0,46.0,81.0,2.0,10.0,89.0,0.0,1.0,40.0,11.0,1.0,769.0,27.0,0.0,879.0,194.0,4.0,558.0,615.0,67.0,245.0,18.0,122.0,75.0,209.0,6.0,10.0,0.0,41.0,51.0,187.0,1.0,0.0,205.0,2.0,94.0,45.0,4.0
08/14/2020,219.0,11.0,12.0,1.0,5.0,152.0,0.0,2.0,203.0,3.0,4.0,256.0,3.0,204.0,64.0,2.0,0.0,5214.0,47.0,82.0,2.0,10.0,89.0,0.0,1.0,41.0,11.0,2.0,789.0,27.0,0.0,881.0,199.0,4.0,561.0,622.0,69.0,261.0,18.0,126.0,77.0,209.0,6.0,10.0,0.0,41.0,51.0,195.0,1.0,0.0,205.0,2.0,95.0,46.0,4.0
08/15/2020,219.0,11.0,12.0,1.0,5.0,156.0,0.0,2.0,203.0,3.0,4.0,256.0,3.0,204.0,66.0,2.0,0.0,5245.0,47.0,82.0,2.0,10.0,89.0,0.0,1.0,46.0,11.0,2.0,809.0,28.0,0.0,881.0,199.0,4.0,568.0,626.0,69.0,261.0,19.0,126.0,77.0,210.0,7.0,10.0,0.0,41.0,54.0,198.0,1.0,0.0,205.0,2.0,95.0,46.0,4.0
08/16/2020,221.0,11.0,12.0,1.0,5.0,157.0,0.0,2.0,203.0,3.0,4.0,256.0,3.0,204.0,66.0,2.0,0.0,5254.0,47.0,82.0,2.0,10.0,89.0,0.0,1.0,46.0,11.0,2.0,810.0,28.0,0.0,881.0,199.0,4.0,568.0,626.0,69.0,261.0,19.0,126.0,77.0,210.0,7.0,10.0,0.0,41.0,57.0,198.0,1.0,0.0,205.0,2.0,95.0,46.0,4.0
08/17/2020,221.0,11.0,12.0,1.0,5.0,157.0,1.0,2.0,203.0,3.0,4.0,256.0,3.0,204.0,66.0,2.0,0.0,5273.0,47.0,82.0,2.0,10.0,93.0,0.0,1.0,46.0,11.0,2.0,810.0,28.0,0.0,912.0,218.0,4.0,568.0,626.0,70.0,269.0,19.0,126.0,80.0,210.0,7.0,11.0,0.0,41.0,57.0,198.0,1.0,0.0,206.0,2.0,96.0,46.0,4.0
08/18/2020,224.0,11.0,14.0,1.0,5.0,157.0,1.0,2.0,205.0,3.0,4.0,264.0,8.0,216.0,67.0,2.0,0.0,5335.0,47.0,83.0,2.0,12.0,95.0,0.0,1.0,46.0,13.0,2.0,815.0,28.0,0.0,913.0,219.0,4.0,616.0,633.0,70.0,280.0,19.0,127.0,81.0,214.0,7.0,11.0,0.0,43.0,57.0,203.0,1.0,0.0,206.0,2.0,97.0,46.0,4.0
08/19/2020,228.0,13.0,14.0,1.0,5.0,158.0,1.0,2.0,205.0,3.0,4.0,264.0,8.0,228.0,68.0,2.0,0.0,5392.0,47.0,83.0,2.0,13.0,97.0,0.0,2.0,47.0,13.0,2.0,833.0,30.0,0.0,917.0,230.0,5.0,621.0,638.0,72.0,287.0,19.0,127.0,82.0,217.0,7.0,11.0,0.0,44.0,65.0,212.0,1.0,0.0,208.0,2.0,98.0,47.0,4.0
08/20/2020,231.0,13.0,17.0,1.0,5.0,161.0,1.0,2.0,205.0,3.0,4.0,265.0,9.0,229.0,68.0,2.0,0.0,5446.0,49.0,83.0,2.0,14.0,99.0,0.0,2.0,49.0,13.0,3.0,833.0,30.0,0.0,922.0,230.0,7.0,625.0,644.0,72.0,288.0,20.0,127.0,84.0,218.0,7.0,11.0,0.0,44.0,70.0,223.0,1.0,0.0,208.0,2.0,101.0,47.0,4.0
08/21/2020,234.0,14.0,17.0,1.0,5.0,164.0,1.0,2.0,226.0,3.0,4.0,268.0,9.0,238.0,68.0,3.0,0.0,5491.0,49.0,84.0,2.0,16.0,99.0,0.0,2.0,51.0,13.0,3.0,882.0,30.0,0.0,927.0,234.0,7.0,629.0,652.0,72.0,294.0,21.0,128.0,87.0,223.0,7.0,11.0,0.0,44.0,70.0,226.0,1.0,0.0,210.0,2.0,102.0,47.0,4.0
08/22/2020,234.0,14.0,17.0,2.0,5.0,168.0,1.0,2.0,226.0,3.0,4.0,271.0,11.0,240.0,68.0,3.0,0.0,5537.0,49.0,85.0,2.0,16.0,99.0,0.0,2.0,52.0,13.0,3.0,896.0,31.0,0.0,927.0,234.0,7.0,691.0,660.0,74.0,294.0,21.0,128.0,87.0,225.0,7.0,11.0,0.0,44.0,72.0,228.0,1.0,0.0,210.0,2.0,102.0,47.0,4.0
08/23/2020,234.0,14.0,17.0,2.0,5.0,169.0,1.0,2.0,226.0,3.0,4.0,271.0,11.0,240.0,68.0,3.0,0.0,5545.0,49.0,85.0,2.0,16.0,99.0,0.0,2.0,52.0,13.0,3.0,897.0,31.0,0.0,927.0,234.0,7.0,691.0,660.0,77.0,294.0,21.0,128.0,87.0,225.0,7.0,11.0,0.0,44.0,72.0,229.0,1.0,0.0,210.0,2.0,102.0,47.0,4.0
08/24/2020,234.0,14.0,18.0,2.0,5.0,169.0,1.0,2.0,226.0,3.0,4.0,271.0,11.0,240.0,69.0,3.0,0.0,5558.0,50.0,85.0,2.0,16.0,106.0,0.0,2.0,52.0,13.0,3.0,897.0,31.0,0.0,972.0,246.0,7.0,692.0,660.0,77.0,297.0,21.0,128.0,88.0,225.0,7.0,11.0,0.0,46.0,73.0,232.0,1.0,0.0,216.0,2.0,103.0,47.0,4.0
08/25/2020,240.0,14.0,18.0,2.0,5.0,171.0,1.0,2.0,239.0,3.0,4.0,271.0,11.0,251.0,72.0,3.0,0.0,5605.0,51.0,94.0,2.0,16.0,110.0,0.0,2.0,53.0,13.0,5.0,912.0,32.0,0.0,978.0,252.0,7.0,695.0,665.0,77.0,297.0,21.0,130.0,89.0,234.0,7.0,11.0,0.0,46.0,75.0,237.0,1.0,0.0,216.0,2.0,105.0,49.0,5.0
08/26/2020,243.0,14.0,21.0,2.0,6.0,172.0,1.0,2.0,239.0,3.0,4.0,282.0,13.0,251.0,72.0,3.0,0.0,5663.0,53.0,95.0,2.0,16.0,112.0,0.0,2.0,53.0,13.0,5.0,918.0,32.0,0.0,984.0,259.0,7.0,709.0,668.0,80.0,297.0,21.0,130.0,90.0,234.0,7.0,11.0,0.0,46.0,75.0,240.0,1.0,0.0,224.0,2.0,107.0,49.0,6.0
08/27/2020,244.0,14.0,21.0,2.0,6.0,173.0,1.0,2.0,239.0,3.0,4.0,285.0,13.0,256.0,72.0,3.0,0.0,5701.0,53.0,95.0,2.0,17.0,114.0,0.0,2.0,53.0,13.0,5.0,947.0,32.0,0.0,997.0,265.0,7.0,715.0,673.0,82.0,305.0,21.0,130.0,91.0,241.0,7.0,12.0,0.0,46.0,78.0,245.0,1.0,0.0,229.0,2.0,110.0,51.0,6.0
08/28/2020,247.0,14.0,23.0,2.0,6.0,173.0,1.0,2.0,263.0,3.0,4.0,286.0,13.0,273.0,72.0,3.0,0.0,5732.0,54.0,94.0,2.0,17.0,115.0,0.0,2.0,55.0,13.0,5.0,956.0,32.0,0.0,1007.0,274.0,8.0,716.0,676.0,83.0,307.0,21.0,131.0,92.0,246.0,7.0,12.0,0.0,46.0,78.0,253.0,1.0,0.0,232.0,2.0,115.0,51.0,6.0
08/29/2020,247.0,14.0,23.0,2.0,6.0,173.0,1.0,2.0,263.0,3.0,4.0,292.0,13.0,286.0,72.0,3.0,0.0,5759.0,54.0,94.0,2.0,17.0,115.0,0.0,2.0,55.0,13.0,5.0,975.0,32.0,0.0,1007.0,274.0,8.0,716.0,679.0,83.0,307.0,21.0,131.0,92.0,246.0,7.0,12.0,0.0,46.0,78.0,255.0,1.0,0.0,232.0,2.0,115.0,51.0,6.0
08/30/2020,258.0,14.0,23.0,2.0,6.0,175.0,1.0,2.0,263.0,3.0,4.0,292.0,13.0,286.0,72.0,4.0,0.0,5769.0,54.0,95.0,2.0,17.0,115.0,0.0,2.0,56.0,13.0,5.0,979.0,32.0,0.0,1007.0,274.0,8.0,716.0,682.0,83.0,307.0,21.0,131.0,92.0,245.0,7.0,12.0,0.0,46.0,78.0,255.0,1.0,0.0,232.0,2.0,115.0,52.0,6.0
08/31/2020,257.0,14.0,23.0,2.0,6.0,175.0,1.0,2.0,263.0,3.0,4.0,292.0,13.0,286.0,72.0,4.0,0.0,5784.0,54.0,95.0,2.0,17.0,117.0,0.0,2.0,58.0,13.0,5.0,980.0,33.0,0.0,1019.0,293.0,8.0,716.0,682.0,83.0,328.0,21.0,131.0,93.0,245.0,7.0,12.0,0.0,47.0,80.0,258.0,1.0,0.0,233.0,2.0,116.0,52.0,6.0
09/01/2020,257.0,15.0,23.0,2.0,6.0,179.0,1.0,2.0,290.0,3.0,4.0,293.0,13.0,292.0,74.0,4.0,0.0,5829.0,55.0,96.0,2.0,17.0,118.0,0.0,2.0,58.0,13.0,5.0,988.0,33.0,0.0,1026.0,296.0,8.0,716.0,688.0,83.0,330.0,20.0,132.0,95.0,249.0,7.0,12.0,0.0,47.0,83.0,262.0,1.0,0.0,234.0,2.0,116.0,52.0,6.0
09/02/2020,274.0,15.0,23.0,2.0,6.0,183.0,1.0,2.0,290.0,3.0,4.0,295.0,14.0,292.0,75.0,5.0,0.0,5878.0,55.0,96.0,2.0,17.0,119.0,0.0,2.0,58.0,13.0,5.0,1007.0,34.0,0.0,1033.0,304.0,8.0,743.0,695.0,84.0,344.0,20.0,132.0,97.0,251.0,7.0,12.0,0.0,47.0,89.0,267.0,1.0,0.0,240.0,2.0,116.0,52.0,6.0
09/03/2020,295.0,15.0,23.0,2.0,6.0,183.0,1.0,2.0,290.0,3.0,4.0,295.0,14.0,296.0,76.0,5.0,0.0,5932.0,57.0,96.0,2.0,17.0,120.0,0.0,2.0,58.0,13.0,5.0,1018.0,34.0,0.0,1053.0,317.0,8.0,744.0,700.0,84.0,361.0,20.0,132.0,97.0,254.0,7.0,12.0,0.0,47.0,93.0,273.0,1.0,0.0,243.0,2.0,116.0,53.0,6.0
09/04/2020,296.0,15.0,23.0,2.0,6.0,186.0,1.0,2.0,312.0,3.0,4.0,295.0,14.0,296.0,76.0,5.0,0.0,5977.0,58.0,96.0,2.0,17.0,120.0,0.0,2.0,58.0,13.0,5.0,1042.0,35.0,0.0,1067.0,327.0,8.0,744.0,701.0,84.0,368.0,22.0,135.0,97.0,255.0,7.0,12.0,0.0,48.0,93.0,282.0,1.0,0.0,243.0,2.0,118.0,53.0,6.0
09/05/2020,299.0,15.0,23.0,2.0,6.0,186.0,1.0,2.0,312.0,3.0,4.0,295.0,13.0,296.0,76.0,5.0,0.0,6000.0,58.0,96.0,2.0,17.0,120.0,0.0,2.0,58.0,13.0,5.0,1051.0,35.0,0.0,1067.0,327.0,9.0,765.0,704.0,86.0,368.0,22.0,135.0,97.0,258.0,7.0,12.0,0.0,48.0,93.0,282.0,1.0,0.0,243.0,2.0,118.0,53.0,6.0
09/06/2020,299.0,16.0,23.0,2.0,6.0,186.0,1.0,2.0,312.0,3.0,4.0,295.0,13.0,296.0,76.0,5.0,0.0,6005.0,58.0,96.0,2.0,17.0,120.0,0.0,2.0,58.0,13.0,5.0,1053.0,36.0,0.0,1067.0,327.0,9.0,765.0,707.0,86.0,368.0,22.0,135.0,97.0,261.0,7.0,12.0,0.0,48.0,93.0,289.0,1.0,0.0,243.0,2.0,118.0,53.0,6.0
09/07/2020,300.0,15.0,23.0,2.0,6.0,187.0,1.0,2.0,312.0,3.0,4.0,295.0,13.0,296.0,76.0,5.0,0.0,6030.0,58.0,96.0,2.0,17.0,120.0,0.0,2.0,59.0,13.0,5.0,1053.0,36.0,0.0,1067.0,332.0,9.0,765.0,707.0,86.0,368.0,22.0,135.0,97.0,261.0,7.0,12.0,0.0,48.0,93.0,290.0,1.0,0.0,243.0,2.0,118.0,53.0,6.0
09/08/2020,303.0,15.0,28.0,2.0,6.0,187.0,1.0,2.0,326.0,3.0,4.0,295.0,13.0,296.0,76.0,5.0,0.0,6036.0,58.0,96.0,2.0,17.0,123.0,0.0,2.0,62.0,13.0,5.0,1056.0,36.0,0.0,1075.0,334.0,10.0,765.0,709.0,86.0,377.0,22.0,136.0,97.0,261.0,7.0,12.0,0.0,48.0,98.0,295.0,1.0,0.0,246.0,2.0,123.0,53.0,8.0
09/09/2020,303.0,16.0,28.0,2.0,6.0,187.0,1.0,2.0,326.0,3.0,4.0,300.0,13.0,297.0,76.0,5.0,0.0,6090.0,58.0,99.0,2.0,18.0,125.0,0.0,2.0,62.0,13.0,5.0,1065.0,36.0,0.0,1085.0,339.0,10.0,791.0,721.0,87.0,382.0,22.0,136.0,99.0,264.0,7.0,12.0,0.0,48.0,98.0,299.0,1.0,0.0,246.0,3.0,126.0,53.0,7.0
09/10/2020,303.0,16.0,28.0,2.0,6.0,188.0,1.0,2.0,326.0,3.0,4.0,302.0,13.0,307.0,76.0,6.0,0.0,6128.0,58.0,99.0,2.0,17.0,126.0,0.0,2.0,62.0,13.0,5.0,1069.0,38.0,0.0,1094.0,346.0,10.0,796.0,725.0,88.0,383.0,23.0,136.0,103.0,264.0,7.0,12.0,0.0,48.0,105.0,303.0,1.0,0.0,246.0,3.0,129.0,53.0,7.0
09/11/2020,320.0,16.0,28.0,10.0,6.0,189.0,1.0,2.0,337.0,3.0,5.0,307.0,14.0,322.0,77.0,6.0,0.0,6171.0,58.0,99.0,2.0,18.0,127.0,0.0,2.0,64.0,13.0,5.0,1081.0,38.0,0.0,1103.0,350.0,10.0,800.0,730.0,89.0,383.0,23.0,139.0,105.0,277.0,7.0,12.0,0.0,48.0,108.0,310.0,1.0,0.0,247.0,3.0,129.0,53.0,7.0
09/12/2020,320.0,16.0,28.0,10.0,6.0,191.0,1.0,2.0,337.0,3.0,5.0,307.0,14.0,326.0,77.0,7.0,0.0,6197.0,58.0,99.0,2.0,17.0,127.0,0.0,2.0,64.0,13.0,5.0,1093.0,39.0,0.0,1103.0,350.0,10.0,814.0,734.0,90.0,383.0,23.0,139.0,105.0,281.0,7.0,12.0,0.0,48.0,108.0,310.0,1.0,0.0,247.0,3.0,129.0,53.0,7.0
09/13/2020,332.0,16.0,28.0,10.0,6.0,192.0,1.0,2.0,337.0,3.0,5.0,307.0,14.0,332.0,77.0,7.0,0.0,6208.0,58.0,99.0,2.0,18.0,127.0,0.0,2.0,64.0,13.0,5.0,1093.0,39.0,0.0,1103.0,350.0,10.0,832.0,734.0,91.0,383.0,23.0,139.0,105.0,284.0,7.0,12.0,0.0,48.0,108.0,310.0,1.0,0.0,247.0,3.0,129.0,53.0,7.0
09/14/2020,332.0,16.0,28.0,10.0,6.0,192.0,1.0,3.0,337.0,3.0,6.0,307.0,14.0,332.0,77.0,7.0,0.0,6231.0,58.0,99.0,2.0,18.0,129.0,0.0,2.0,64.0,13.0,5.0,1093.0,39.0,0.0,1118.0,356.0,10.0,832.0,734.0,91.0,389.0,26.0,139.0,106.0,284.0,7.0,12.0,0.0,50.0,110.0,310.0,1.0,0.0,251.0,3.0,135.0,53.0,7.0
09/15/2020,356.0,16.0,31.0,13.0,6.0,194.0,1.0,4.0,348.0,3.0,6.0,308.0,14.0,333.0,77.0,7.0,0.0,6273.0,58.0,99.0,2.0,18.0,131.0,0.0,2.0,65.0,13.0,5.0,1105.0,39.0,0.0,1125.0,358.0,10.0,835.0,742.0,91.0,392.0,26.0,142.0,107.0,288.0,7.0,12.0,0.0,52.0,110.0,317.0,1.0,0.0,253.0,3.0,138.0,53.0,7.0
09/16/2020,356.0,16.0,33.0,13.0,6.0,197.0,1.0,4.0,348.0,3.0,6.0,308.0,14.0,340.0,77.0,7.0,0.0,6303.0,58.0,106.0,2.0,18.0,131.0,0.0,2.0,65.0,13.0,5.0,1111.0,40.0,0.0,1136.0,364.0,10.0,838.0,748.0,91.0,399.0,27.0,142.0,109.0,294.0,8.0,12.0,0.0,52.0,114.0,317.0,3.0,0.0,255.0,3.0,141.0,53.0,7.0
09/17/2020,365.0,16.0,33.0,13.0,6.0,198.0,1.0,4.0,348.0,3.0,6.0,309.0,14.0,340.0,77.0,7.0,0.0,6324.0,58.0,111.0,2.0,18.0,133.0,0.0,2.0,65.0,13.0,5.0,1115.0,41.0,0.0,1143.0,371.0,10.0,839.0,754.0,91.0,407.0,27.0,142.0,109.0,296.0,8.0,14.0,0.0,55.0,114.0,325.0,3.0,0.0,256.0,4.0,142.0,53.0,7.0
09/18/2020,370.0,16.0,35.0,14.0,6.0,199.0,1.0,4.0,355.0,3.0,6.0,311.0,14.0,350.0,77.0,10.0,0.0,6330.0,58.0,112.0,2.0,18.0,134.0,0.0,2.0,66.0,13.0,6.0,1123.0,41.0,0.0,1153.0,375.0,11.0,858.0,757.0,96.0,414.0,27.0,142.0,110.0,296.0,8.0,14.0,0.0,55.0,114.0,329.0,4.0,0.0,256.0,4.0,143.0,53.0,7.0
09/19/2020,374.0,16.0,35.0,14.0,6.0,199.0,1.0,4.0,355.0,3.0,6.0,313.0,14.0,354.0,77.0,10.0,0.0,6330.0,58.0,112.0,2.0,18.0,134.0,0.0,2.0,67.0,13.0,6.0,1127.0,41.0,0.0,1153.0,375.0,11.0,908.0,796.0,97.0,414.0,27.0,143.0,110.0,297.0,8.0,14.0,0.0,55.0,114.0,332.0,4.0,0.0,256.0,4.0,143.0,54.0,7.0
09/20/2020,374.0,16.0,35.0,14.0,6.0,201.0,1.0,4.0,355.0,3.0,6.0,313.0,14.0,354.0,77.0,10.0,0.0,6353.0,58.0,112.0,2.0,18.0,134.0,0.0,2.0,67.0,13.0,6.0,1128.0,41.0,0.0,1153.0,375.0,11.0,908.0,760.0,99.0,414.0,27.0,143.0,110.0,297.0,8.0,14.0,0.0,55.0,114.0,335.0,4.0,0.0,256.0,4.0,143.0,54.0,7.0
09/21/2020,374.0,16.0,40.0,14.0,6.0,201.0,1.0,4.0,355.0,3.0,6.0,313.0,14.0,354.0,77.0,10.0,0.0,6366.0,62.0,112.0,2.0,18.0,137.0,0.0,2.0,69.0,13.0,6.0,1128.0,41.0,0.0,1162.0,383.0,11.0,908.0,760.0,99.0,415.0,27.0,143.0,110.0,298.0,8.0,14.0,0.0,55.0,114.0,337.0,4.0,0.0,256.0,4.0,146.0,54.0,7.0
09/22/2020,390.0,16.0,40.0,14.0,6.0,202.0,1.0,4.0,362.0,3.0,6.0,313.0,14.0,357.0,77.0,11.0,0.0,6401.0,65.0,113.0,2.0,18.0,140.0,0.0,2.0,70.0,13.0,6.0,1150.0,42.0,0.0,1172.0,393.0,11.0,908.0,765.0,99.0,421.0,27.0,144.0,111.0,300.0,8.0,14.0,0.0,57.0,120.0,339.0,4.0,0.0,257.0,4.0,146.0,54.0,7.0
09/23/2020,395.0,16.0,43.0,14.0,6.0,204.0,1.0,4.0,362.0,3.0,6.0,316.0,14.0,360.0,77.0,11.0,0.0,6423.0,65.0,114.0,2.0,18.0,140.0,0.0,2.0,70.0,13.0,6.0,1176.0,43.0,0.0,1173.0,399.0,11.0,908.0,767.0,99.0,434.0,29.0,144.0,113.0,301.0,9.0,14.0,0.0,60.0,120.0,342.0,4.0,0.0,259.0,4.0,146.0,55.0,7.0
09/24/2020,397.0,16.0,43.0,14.0,6.0,204.0,1.0,4.0,362.0,3.0,7.0,316.0,15.0,361.0,77.0,11.0,0.0,6455.0,65.0,114.0,2.0,18.0,140.0,0.0,2.0,70.0,13.0,7.0,1182.0,44.0,0.0,1179.0,402.0,11.0,908.0,773.0,99.0,437.0,29.0,144.0,113.0,305.0,9.0,16.0,0.0,63.0,120.0,345.0,4.0,0.0,259.0,4.0,147.0,55.0,7.0
09/25/2020,404.0,16.0,44.0,14.0,6.0,205.0,1.0,4.0,382.0,3.0,7.0,316.0,15.0,367.0,77.0,11.0,0.0,6488.0,65.0,116.0,2.0,18.0,142.0,0.0,2.0,71.0,13.0,7.0,1204.0,44.0,0.0,1189.0,406.0,11.0,922.0,775.0,99.0,441.0,29.0,150.0,113.0,307.0,9.0,17.0,0.0,63.0,120.0,348.0,4.0,0.0,259.0,4.0,150.0,55.0,7.0
09/26/2020,406.0,16.0,44.0,14.0,6.0,205.0,1.0,4.0,382.0,3.0,7.0,316.0,15.0,369.0,80.0,11.0,0.0,6504.0,65.0,117.0,2.0,18.0,142.0,0.0,2.0,71.0,13.0,7.0,1214.0,45.0,0.0,1189.0,406.0,11.0,925.0,775.0,101.0,441.0,29.0,150.0,113.0,312.0,9.0,17.0,0.0,63.0,122.0,351.0,5.0,0.0,263.0,4.0,150.0,55.0,7.0
09/27/2020,406.0,16.0,44.0,14.0,6.0,206.0,1.0,4.0,382.0,3.0,7.0,316.0,15.0,369.0,80.0,11.0,0.0,6514.0,65.0,118.0,2.0,18.0,142.0,0.0,2.0,72.0,13.0,7.0,1216.0,45.0,0.0,1189.0,406.0,11.0,925.0,776.0,101.0,441.0,29.0,150.0,113.0,313.0,9.0,17.0,0.0,63.0,122.0,354.0,5.0,0.0,263.0,4.0,150.0,55.0,7.0
09/28/2020,406.0,16.0,44.0,14.0,6.0,206.0,1.0,4.0,382.0,3.0,8.0,316.0,15.0,369.0,80.0,11.0,0.0,6515.0,65.0,118.0,2.0,18.0,143.0,0.0,2.0,72.0,13.0,7.0,1216.0,45.0,0.0,1206.0,412.0,11.0,925.0,776.0,101.0,441.0,29.0,150.0,113.0,315.0,9.0,17.0,0.0,65.0,122.0,356.0,5.0,0.0,263.0,4.0,150.0,55.0,8.0
09/29/2020,408.0,16.0,44.0,14.0,6.0,207.0,1.0,4.0,390.0,3.0,8.0,316.0,15.0,369.0,80.0,11.0,0.0,6551.0,65.0,118.0,2.0,18.0,143.0,0.0,2.0,73.0,13.0,7.0,1249.0,45.0,0.0,1216.0,416.0,11.0,952.0,781.0,101.0,447.0,31.0,150.0,113.0,319.0,10.0,20.0,0.0,69.0,122.0,359.0,5.0,0.0,263.0,4.0,150.0,55.0,8.0
09/30/2020,412.0,16.0,45.0,14.0,6.0,209.0,1.0,4.0,390.0,3.0,8.0,319.0,15.0,370.0,80.0,11.0,0.0,6576.0,65.0,119.0,2.0,19.0,145.0,0.0,2.0,73.0,13.0,7.0,1268.0,48.0,0.0,1226.0,420.0,11.0,955.0,783.0,104.0,456.0,31.0,150.0,114.0,323.0,12.0,20.0,0.0,71.0,122.0,362.0,5.0,0.0,263.0,4.0,152.0,55.0,8.0
10/01/2020,420.0,16.0,45.0,14.0,6.0,209.0,1.0,4.0,390.0,3.0,8.0,322.0,15.0,371.0,80.0,11.0,0.0,6610.0,68.0,119.0,2.0,19.0,145.0,0.0,2.0,74.0,13.0,7.0,1275.0,48.0,0.0,1226.0,426.0,11.0,955.0,792.0,106.0,466.0,31.0,150.0,115.0,326.0,12.0,20.0,0.0,71.0,122.0,365.0,5.0,0.0,263.0,4.0,152.0,55.0,8.0
10/02/2020,420.0,16.0,45.0,14.0,6.0,211.0,1.0,4.0,399.0,3.0,8.0,322.0,15.0,381.0,80.0,11.0,0.0,6626.0,70.0,119.0,2.0,19.0,145.0,0.0,2.0,74.0,13.0,7.0,1281.0,49.0,0.0,1231.0,430.0,11.0,962.0,794.0,107.0,470.0,31.0,152.0,115.0,331.0,12.0,22.0,0.0,71.0,122.0,368.0,5.0,0.0,265.0,4.0,153.0,55.0,9.0
10/03/2020,426.0,16.0,45.0,14.0,6.0,211.0,1.0,4.0,399.0,3.0,8.0,325.0,15.0,386.0,80.0,11.0,0.0,6642.0,70.0,119.0,2.0,20.0,145.0,0.0,2.0,75.0,13.0,7.0,1286.0,49.0,0.0,1231.0,430.0,11.0,962.0,798.0,107.0,470.0,31.0,152.0,115.0,334.0,12.0,22.0,0.0,71.0,122.0,370.0,6.0,0.0,265.0,4.0,153.0,56.0,9.0
10/04/2020,426.0,16.0,45.0,14.0,6.0,212.0,1.0,4.0,399.0,3.0,8.0,325.0,15.0,386.0,82.0,11.0,0.0,6647.0,70.0,119.0,2.0,20.0,145.0,0.0,2.0,75.0,13.0,7.0,1286.0,49.0,0.0,1231.0,430.0,11.0,962.0,803.0,108.0,470.0,31.0,152.0,115.0,345.0,12.0,22.0,0.0,71.0,122.0,372.0,7.0,0.0,265.0,4.0,153.0,56.0,9.0
10/05/2020,425.0,16.0,45.0,14.0,6.0,213.0,1.0,4.0,399.0,3.0,8.0,325.0,15.0,386.0,82.0,11.0,0.0,6654.0,70.0,119.0,2.0,20.0,148.0,0.0,2.0,75.0,13.0,7.0,1287.0,49.0,0.0,1238.0,432.0,12.0,962.0,803.0,108.0,471.0,31.0,152.0,115.0,346.0,12.0,22.0,0.0,72.0,122.0,374.0,7.0,0.0,265.0,4.0,154.0,56.0,10.0
10/06/2020,427.0,16.0,45.0,14.0,6.0,213.0,1.0,4.0,406.0,3.0,8.0,325.0,15.0,386.0,82.0,12.0,0.0,6681.0,70.0,119.0,2.0,21.0,149.0,0.0,2.0,75.0,13.0,7.0,1289.0,51.0,0.0,1244.0,437.0,12.0,966.0,806.0,111.0,472.0,31.0,152.0,115.0,348.0,14.0,22.0,0.0,72.0,122.0,377.0,7.0,0.0,265.0,4.0,154.0,56.0,10.0
10/07/2020,440.0,16.0,45.0,14.0,6.0,218.0,1.0,4.0,406.0,3.0,8.0,326.0,15.0,387.0,82.0,12.0,0.0,6709.0,70.0,123.0,2.0,21.0,149.0,0.0,2.0,78.0,13.0,7.0,1292.0,51.0,0.0,1247.0,445.0,13.0,967.0,813.0,114.0,473.0,31.0,154.0,115.0,354.0,18.0,22.0,0.0,74.0,126.0,379.0,7.0,0.0,267.0,4.0,157.0,56.0,10.0
10/08/2020,440.0,16.0,45.0,14.0,6.0,224.0,1.0,4.0,406.0,3.0,8.0,328.0,15.0,387.0,82.0,12.0,0.0,6726.0,70.0,124.0,2.0,21.0,150.0,0.0,2.0,78.0,13.0,8.0,1306.0,51.0,0.0,1248.0,447.0,13.0,974.0,819.0,115.0,473.0,31.0,154.0,115.0,355.0,19.0,24.0,0.0,74.0,126.0,381.0,7.0,0.0,269.0,4.0,157.0,56.0,10.0
10/09/2020,440.0,16.0,48.0,16.0,6.0,227.0,1.0,4.0,406.0,3.0,8.0,328.0,15.0,392.0,82.0,12.0,0.0,6741.0,71.0,124.0,2.0,21.0,150.0,0.0,2.0,78.0,13.0,8.0,1316.0,51.0,0.0,1256.0,450.0,13.0,984.0,821.0,121.0,473.0,31.0,155.0,116.0,358.0,20.0,24.0,0.0,74.0,126.0,383.0,7.0,0.0,269.0,4.0,158.0,56.0,10.0
10/10/2020,441.0,16.0,48.0,16.0,6.0,228.0,1.0,4.0,406.0,3.0,8.0,328.0,15.0,394.0,82.0,13.0,0.0,6768.0,71.0,124.0,2.0,21.0,150.0,0.0,2.0,78.0,13.0,8.0,1340.0,51.0,0.0,1256.0,450.0,13.0,986.0,825.0,123.0,473.0,31.0,155.0,116.0,358.0,20.0,24.0,0.0,74.0,126.0,384.0,8.0,0.0,269.0,4.0,158.0,56.0,10.0
10/11/2020,441.0,16.0,48.0,16.0,6.0,230.0,1.0,4.0,406.0,3.0,8.0,328.0,15.0,395.0,82.0,13.0,0.0,6771.0,71.0,124.0,2.0,21.0,150.0,0.0,2.0,80.0,13.0,8.0,1341.0,51.0,0.0,1256.0,450.0,13.0,986.0,826.0,123.0,473.0,31.0,155.0,116.0,358.0,20.0,24.0,0.0,74.0,128.0,385.0,8.0,0.0,269.0,4.0,158.0,56.0,10.0
10/12/2020,436.0,16.0,48.0,16.0,6.0,230.0,1.0,4.0,406.0,3.0,8.0,329.0,15.0,395.0,82.0,13.0,1.0,6773.0,71.0,124.0,2.0,21.0,150.0,0.0,2.0,80.0,13.0,8.0,1341.0,51.0,0.0,1256.0,458.0,13.0,986.0,826.0,123.0,473.0,31.0,155.0,116.0,363.0,20.0,24.0,0.0,74.0,128.0,386.0,8.0,0.0,269.0,4.0,158.0,56.0,10.0
10/13/2020,431.0,16.0,48.0,16.0,6.0,230.0,1.0,4.0,424.0,3.0,8.0,329.0,15.0,397.0,82.0,13.0,1.0,6790.0,71.0,124.0,2.0,21.0,152.0,0.0,2.0,81.0,14.0,8.0,1341.0,51.0,0.0,1258.0,458.0,13.0,986.0,840.0,123.0,473.0,32.0,155.0,116.0,364.0,20.0,25.0,0.0,74.0,128.0,387.0,8.0,0.0,269.0,4.0,158.0,56.0,10.0
10/14/2020,442.0,16.0,50.0,16.0,6.0,231.0,1.0,4.0,424.0,3.0,8.0,334.0,15.0,406.0,82.0,14.0,1.0,6812.0,73.0,124.0,2.0,21.0,152.0,0.0,2.0,81.0,14.0,8.0,1360.0,51.0,0.0,1264.0,462.0,13.0,986.0,844.0,123.0,477.0,32.0,155.0,117.0,364.0,23.0,28.0,0.0,74.0,128.0,388.0,8.0,0.0,273.0,4.0,158.0,56.0,10.0
10/15/2020,442.0,16.0,50.0,16.0,6.0,233.0,1.0,4.0,424.0,3.0,8.0,334.0,15.0,406.0,83.0,14.0,1.0,6834.0,73.0,124.0,2.0,21.0,152.0,0.0,2.0,82.0,14.0,8.0,1391.0,52.0,0.0,1269.0,464.0,13.0,988.0,847.0,126.0,483.0,32.0,155.0,118.0,368.0,23.0,28.0,0.0,74.0,128.0,389.0,8.0,0.0,274.0,4.0,159.0,56.0,10.0
10/16/2020,439.0,16.0,50.0,17.0,6.0,234.0,1.0,4.0,429.0,3.0,8.0,334.0,15.0,408.0,83.0,14.0,1.0,6855.0,73.0,124.0,2.0,21.0,152.0,0.0,2.0,82.0,14.0,8.0,1401.0,52.0,0.0,1269.0,468.0,14.0,989.0,847.0,131.0,484.0,32.0,155.0,119.0,374.0,23.0,29.0,0.0,74.0,129.0,391.0,8.0,0.0,275.0,4.0,160.0,56.0,10.0
10/17/2020,442.0,16.0,50.0,17.0,6.0,234.0,1.0,4.0,429.0,3.0,8.0,334.0,15.0,410.0,83.0,15.0,1.0,6863.0,73.0,124.0,2.0,21.0,152.0,0.0,2.0,83.0,14.0,8.0,1409.0,52.0,0.0,1269.0,468.0,14.0,998.0,850.0,133.0,484.0,32.0,157.0,119.0,374.0,23.0,29.0,0.0,74.0,129.0,391.0,8.0,0.0,275.0,4.0,160.0,56.0,10.0
10/18/2020,442.0,16.0,50.0,17.0,6.0,234.0,1.0,4.0,429.0,3.0,8.0,334.0,15.0,410.0,83.0,15.0,1.0,6876.0,73.0,124.0,2.0,21.0,152.0,0.0,2.0,83.0,14.0,8.0,1409.0,52.0,0.0,1269.0,468.0,14.0,1021.0,853.0,133.0,484.0,32.0,157.0,119.0,374.0,23.0,29.0,0.0,74.0,129.0,391.0,8.0,0.0,275.0,4.0,160.0,56.0,10.0
10/19/2020,433.0,16.0,51.0,17.0,6.0,234.0,1.0,4.0,429.0,3.0,9.0,334.0,15.0,410.0,83.0,15.0,1.0,6877.0,73.0,124.0,2.0,21.0,152.0,0.0,2.0,83.0,14.0,8.0,1410.0,52.0,0.0,1272.0,471.0,14.0,1021.0,853.0,133.0,484.0,32.0,157.0,119.0,379.0,23.0,29.0,0.0,74.0,129.0,392.0,8.0,0.0,276.0,4.0,160.0,56.0,10.0
10/20/2020,433.0,16.0,51.0,17.0,6.0,236.0,1.0,4.0,430.0,3.0,9.0,334.0,15.0,413.0,83.0,15.0,1.0,6912.0,73.0,127.0,2.0,21.0,153.0,0.0,2.0,84.0,14.0,8.0,1412.0,55.0,0.0,1273.0,474.0,14.0,1028.0,857.0,133.0,484.0,32.0,157.0,119.0,383.0,24.0,29.0,0.0,74.0,134.0,393.0,8.0,0.0,279.0,4.0,160.0,56.0,10.0
10/21/2020,435.0,16.0,51.0,17.0,6.0,238.0,1.0,4.0,430.0,3.0,9.0,335.0,15.0,415.0,83.0,15.0,1.0,6944.0,73.0,127.0,2.0,21.0,154.0,0.0,2.0,86.0,14.0,8.0,1423.0,55.0,0.0,1275.0,480.0,14.0,1065.0,863.0,137.0,488.0,32.0,157.0,119.0,386.0,25.0,29.0,0.0,74.0,134.0,394.0,8.0,0.0,282.0,4.0,160.0,58.0,10.0
10/22/2020,456.0,16.0,52.0,17.0,6.0,240.0,1.0,4.0,430.0,3.0,9.0,335.0,15.0,416.0,83.0,15.0,1.0,6956.0,74.0,128.0,2.0,21.0,154.0,0.0,2.0,87.0,15.0,8.0,1434.0,57.0,0.0,1279.0,482.0,15.0,1070.0,866.0,138.0,488.0,32.0,157.0,120.0,386.0,25.0,30.0,0.0,74.0,134.0,395.0,8.0,0.0,284.0,4.0,162.0,58.0,10.0
10/23/2020,456.0,16.0,52.0,18.0,6.0,240.0,1.0,4.0,436.0,3.0,9.0,335.0,15.0,416.0,83.0,15.0,1.0,6974.0,74.0,128.0,2.0,21.0,155.0,0.0,2.0,89.0,15.0,8.0,1440.0,57.0,0.0,1279.0,484.0,15.0,1070.0,867.0,140.0,489.0,32.0,159.0,120.0,389.0,25.0,30.0,0.0,74.0,134.0,396.0,8.0,0.0,286.0,4.0,164.0,58.0,10.0
10/24/2020,460.0,16.0,52.0,18.0,6.0,241.0,1.0,4.0,436.0,3.0,9.0,335.0,15.0,416.0,83.0,15.0,1.0,6989.0,74.0,128.0,2.0,21.0,155.0,0.0,2.0,91.0,15.0,8.0,1444.0,57.0,0.0,1279.0,484.0,15.0,1072.0,868.0,140.0,489.0,32.0,159.0,120.0,389.0,25.0,30.0,0.0,74.0,134.0,396.0,8.0,0.0,286.0,4.0,164.0,58.0,10.0
10/25/2020,461.0,16.0,52.0,18.0,6.0,241.0,1.0,4.0,436.0,3.0,9.0,335.0,15.0,416.0,83.0,15.0,1.0,6993.0,74.0,128.0,2.0,21.0,155.0,0.0,2.0,91.0,15.0,8.0,1447.0,57.0,0.0,1279.0,484.0,15.0,1072.0,870.0,140.0,489.0,32.0,159.0,120.0,389.0,25.0,30.0,0.0,74.0,136.0,396.0,8.0,0.0,286.0,4.0,164.0,59.0,10.0
10/26/2020,461.0,16.0,52.0,18.0,6.0,242.0,1.0,4.0,436.0,3.0,10.0,335.0,15.0,416.0,83.0,15.0,1.0,7000.0,74.0,128.0,2.0,21.0,155.0,0.0,2.0,91.0,15.0,8.0,1447.0,57.0,0.0,1295.0,491.0,15.0,1072.0,870.0,140.0,489.0,32.0,159.0,122.0,389.0,25.0,30.0,0.0,76.0,136.0,397.0,8.0,0.0,288.0,4.0,165.0,59.0,10.0
10/27/2020,462.0,16.0,52.0,21.0,6.0,242.0,1.0,4.0,439.0,3.0,10.0,335.0,15.0,420.0,83.0,16.0,1.0,7027.0,74.0,129.0,2.0,21.0,155.0,0.0,2.0,91.0,16.0,8.0,1454.0,57.0,0.0,1303.0,496.0,15.0,1073.0,877.0,140.0,490.0,32.0,159.0,126.0,393.0,25.0,31.0,0.0,76.0,136.0,398.0,8.0,0.0,288.0,4.0,165.0,59.0,10.0
10/28/2020,462.0,16.0,53.0,21.0,6.0,243.0,1.0,4.0,439.0,3.0,10.0,335.0,15.0,420.0,83.0,16.0,1.0,7040.0,76.0,127.0,2.0,21.0,155.0,0.0,2.0,92.0,16.0,8.0,1467.0,57.0,0.0,1305.0,499.0,15.0,1073.0,881.0,145.0,492.0,32.0,159.0,126.0,403.0,25.0,31.0,0.0,76.0,136.0,399.0,9.0,0.0,291.0,5.0,166.0,60.0,10.0
10/29/2020,463.0,16.0,53.0,21.0,6.0,243.0,1.0,4.0,439.0,3.0,10.0,337.0,15.0,422.0,83.0,16.0,1.0,7044.0,76.0,127.0,2.0,21.0,155.0,0.0,2.0,95.0,16.0,8.0,1468.0,59.0,0.0,1306.0,500.0,15.0,1073.0,885.0,145.0,492.0,32.0,159.0,126.0,405.0,25.0,31.0,0.0,76.0,136.0,400.0,9.0,0.0,292.0,6.0,166.0,60.0,10.0
10/30/2020,463.0,16.0,53.0,21.0,6.0,246.0,1.0,4.0,443.0,3.0,10.0,337.0,15.0,423.0,83.0,17.0,1.0,7056.0,76.0,127.0,2.0,21.0,156.0,0.0,2.0,95.0,16.0,9.0,1475.0,59.0,0.0,1319.0,500.0,15.0,1074.0,888.0,147.0,494.0,32.0,161.0,128.0,407.0,26.0,31.0,0.0,76.0,136.0,401.0,9.0,0.0,293.0,6.0,166.0,60.0,10.0
10/31/2020,464.0,16.0,53.0,21.0,6.0,246.0,1.0,4.0,443.0,3.0,10.0,337.0,15.0,424.0,83.0,17.0,1.0,7071.0,76.0,127.0,2.0,21.0,156.0,0.0,2.0,96.0,16.0,9.0,1483.0,59.0,0.0,1319.0,500.0,15.0,1078.0,891.0,148.0,494.0,32.0,161.0,128.0,407.0,26.0,31.0,0.0,76.0,136.0,401.0,9.0,0.0,293.0,6.0,166.0,60.0,10.0
11/01/2020,464.0,16.0,53.0,21.0,6.0,246.0,1.0,4.0,443.0,3.0,10.0,337.0,15.0,424.0,83.0,18.0,1.0,7074.0,76.0,127.0,2.0,21.0,156.0,0.0,2.0,96.0,16.0,9.0,1484.0,59.0,0.0,1319.0,500.0,15.0,1078.0,891.0,148.0,494.0,32.0,161.0,128.0,407.0,26.0,31.0,0.0,76.0,136.0,401.0,14.0,0.0,293.0,6.0,166.0,60.0,10.0
11/02/2020,464.0,16.0,54.0,21.0,6.0,247.0,1.0,4.0,443.0,3.0,10.0,337.0,15.0,424.0,84.0,18.0,1.0,7076.0,76.0,127.0,2.0,21.0,158.0,0.0,2.0,96.0,16.0,9.0,1484.0,59.0,0.0,1322.0,502.0,15.0,1079.0,891.0,148.0,494.0,33.0,161.0,129.0,410.0,26.0,31.0,0.0,76.0,142.0,402.0,14.0,0.0,295.0,6.0,167.0,61.0,10.0
11/03/2020,466.0,16.0,54.0,21.0,6.0,247.0,1.0,4.0,447.0,3.0,10.0,337.0,15.0,425.0,84.0,17.0,1.0,7097.0,76.0,127.0,2.0,21.0,160.0,0.0,2.0,97.0,16.0,9.0,1484.0,60.0,0.0,1324.0,504.0,15.0,1079.0,901.0,149.0,494.0,33.0,161.0,129.0,413.0,26.0,32.0,0.0,76.0,142.0,403.0,14.0,0.0,295.0,6.0,167.0,61.0,10.0
11/04/2020,466.0,16.0,54.0,21.0,6.0,247.0,1.0,4.0,447.0,3.0,10.0,337.0,15.0,426.0,84.0,17.0,1.0,7117.0,76.0,127.0,2.0,21.0,161.0,0.0,2.0,99.0,16.0,9.0,1491.0,60.0,0.0,1329.0,506.0,15.0,1088.0,904.0,149.0,494.0,33.0,161.0,130.0,422.0,26.0,33.0,0.0,76.0,142.0,404.0,15.0,0.0,297.0,7.0,167.0,62.0,10.0
11/05/2020,465.0,16.0,54.0,21.0,6.0,248.0,1.0,4.0,447.0,3.0,10.0,339.0,15.0,428.0,84.0,17.0,1.0,7140.0,76.0,127.0,2.0,21.0,163.0,0.0,2.0,99.0,16.0,9.0,1494.0,60.0,0.0,1331.0,506.0,15.0,1092.0,904.0,149.0,494.0,33.0,161.0,130.0,425.0,26.0,33.0,0.0,76.0,146.0,405.0,15.0,0.0,297.0,7.0,169.0,62.0,10.0
11/06/2020,471.0,16.0,54.0,21.0,6.0,250.0,1.0,4.0,454.0,3.0,10.0,340.0,15.0,429.0,86.0,17.0,1.0,7157.0,76.0,127.0,2.0,21.0,164.0,0.0,2.0,99.0,16.0,9.0,1503.0,60.0,0.0,1333.0,508.0,15.0,1092.0,907.0,151.0,494.0,33.0,162.0,131.0,431.0,26.0,34.0,0.0,79.0,146.0,407.0,17.0,0.0,297.0,8.0,169.0,63.0,10.0
11/07/2020,475.0,16.0,54.0,21.0,6.0,250.0,1.0,4.0,454.0,3.0,10.0,340.0,15.0,429.0,87.0,17.0,1.0,7170.0,76.0,127.0,2.0,21.0,164.0,0.0,2.0,101.0,16.0,9.0,1506.0,60.0,0.0,1333.0,508.0,15.0,1093.0,908.0,151.0,494.0,33.0,162.0,131.0,431.0,26.0,34.0,0.0,79.0,146.0,407.0,17.0,0.0,297.0,8.0,169.0,63.0,10.0
11/08/2020,475.0,16.0,54.0,21.0,6.0,251.0,1.0,4.0,454.0,3.0,10.0,340.0,15.0,429.0,87.0,17.0,1.0,7172.0,76.0,127.0,2.0,21.0,164.0,0.0,2.0,101.0,16.0,9.0,1509.0,60.0,0.0,1333.0,508.0,15.0,1096.0,908.0,151.0,494.0,33.0,162.0,131.0,431.0,26.0,34.0,0.0,79.0,146.0,407.0,19.0,0.0,297.0,8.0,169.0,63.0,10.0
11/09/2020,475.0,16.0,56.0,21.0,6.0,253.0,1.0,4.0,454.0,3.0,10.0,340.0,15.0,429.0,87.0,17.0,1.0,7177.0,76.0,127.0,2.0,21.0,164.0,0.0,2.0,101.0,16.0,9.0,1509.0,60.0,0.0,1338.0,513.0,15.0,1096.0,938.0,151.0,497.0,33.0,162.0,131.0,434.0,26.0,34.0,0.0,79.0,146.0,408.0,19.0,0.0,299.0,8.0,171.0,63.0,10.0
11/10/2020,475.0,16.0,56.0,21.0,6.0,253.0,1.0,4.0,456.0,4.0,10.0,340.0,15.0,429.0,87.0,17.0,1.0,7200.0,76.0,127.0,2.0,22.0,164.0,0.0,2.0,102.0,16.0,9.0,1512.0,60.0,0.0,1352.0,514.0,15.0,1096.0,915.0,151.0,500.0,33.0,165.0,131.0,437.0,26.0,34.0,1.0,79.0,149.0,409.0,19.0,0.0,299.0,8.0,171.0,64.0,10.0
11/11/2020,483.0,16.0,56.0,21.0,6.0,253.0,1.0,4.0,456.0,5.0,10.0,340.0,15.0,429.0,87.0,17.0,1.0,7216.0,76.0,127.0,2.0,22.0,164.0,0.0,2.0,103.0,17.0,9.0,1514.0,60.0,0.0,1352.0,514.0,15.0,1096.0,915.0,153.0,500.0,33.0,165.0,131.0,441.0,26.0,34.0,1.0,79.0,149.0,410.0,19.0,0.0,299.0,8.0,171.0,64.0,10.0
11/12/2020,486.0,16.0,56.0,21.0,6.0,253.0,1.0,4.0,456.0,5.0,10.0,342.0,15.0,430.0,87.0,17.0,1.0,7221.0,76.0,127.0,2.0,22.0,166.0,0.0,2.0,103.0,17.0,9.0,1520.0,62.0,0.0,1355.0,517.0,15.0,1096.0,918.0,153.0,500.0,33.0,165.0,131.0,441.0,26.0,36.0,1.0,79.0,149.0,410.0,19.0,0.0,299.0,8.0,171.0,64.0,10.0
11/13/2020,486.0,16.0,56.0,21.0,6.0,252.0,1.0,4.0,460.0,5.0,10.0,347.0,15.0,432.0,87.0,17.0,1.0,7246.0,76.0,127.0,2.0,22.0,169.0,0.0,2.0,107.0,17.0,9.0,1522.0,63.0,0.0,1367.0,520.0,15.0,1097.0,921.0,153.0,501.0,33.0,168.0,131.0,445.0,26.0,36.0,1.0,79.0,149.0,411.0,19.0,0.0,300.0,8.0,172.0,66.0,10.0
11/14/2020,489.0,16.0,56.0,21.0,6.0,253.0,1.0,4.0,460.0,6.0,10.0,347.0,16.0,432.0,87.0,17.0,1.0,7266.0,76.0,127.0,2.0,22.0,169.0,0.0,2.0,108.0,17.0,9.0,1524.0,63.0,0.0,1367.0,520.0,15.0,1097.0,926.0,155.0,501.0,33.0,168.0,131.0,445.0,26.0,36.0,1.0,79.0,149.0,411.0,19.0,0.0,300.0,8.0,172.0,66.0,10.0
11/15/2020,490.0,16.0,56.0,21.0,6.0,253.0,1.0,4.0,460.0,6.0,10.0,347.0,16.0,432.0,87.0,17.0,1.0,7269.0,76.0,127.0,2.0,22.0,169.0,0.0,2.0,110.0,17.0,9.0,1526.0,63.0,0.0,1367.0,520.0,15.0,1097.0,926.0,156.0,501.0,33.0,168.0,131.0,445.0,26.0,36.0,1.0,79.0,149.0,411.0,19.0,0.0,300.0,8.0,172.0,68.0,10.0
11/16/2020,490.0,16.0,57.0,21.0,6.0,253.0,1.0,4.0,460.0,6.0,10.0,350.0,16.0,432.0,87.0,17.0,1.0,7275.0,76.0,127.0,2.0,22.0,172.0,0.0,2.0,110.0,17.0,9.0,1526.0,64.0,0.0,1374.0,527.0,15.0,1098.0,926.0,156.0,501.0,34.0,168.0,133.0,446.0,26.0,36.0,1.0,79.0,150.0,412.0,19.0,0.0,300.0,8.0,173.0,70.0,10.0
11/17/2020,493.0,16.0,57.0,21.0,6.0,253.0,1.0,4.0,463.0,6.0,10.0,350.0,16.0,432.0,87.0,18.0,1.0,7299.0,76.0,128.0,2.0,22.0,174.0,0.0,2.0,111.0,17.0,9.0,1526.0,64.0,0.0,1374.0,533.0,15.0,1098.0,933.0,156.0,504.0,34.0,168.0,133.0,448.0,26.0,36.0,1.0,80.0,150.0,413.0,19.0,0.0,301.0,8.0,173.0,70.0,10.0
11/18/2020,494.0,16.0,58.0,21.0,6.0,255.0,1.0,4.0,463.0,6.0,9.0,352.0,16.0,437.0,87.0,18.0,2.0,7335.0,79.0,128.0,2.0,22.0,175.0,0.0,2.0,111.0,17.0,9.0,1528.0,65.0,0.0,1383.0,536.0,15.0,1118.0,945.0,156.0,505.0,34.0,168.0,133.0,454.0,27.0,36.0,1.0,80.0,150.0,413.0,19.0,0.0,301.0,8.0,173.0,71.0,10.0
11/19/2020,495.0,16.0,58.0,21.0,6.0,256.0,1.0,4.0,463.0,6.0,9.0,352.0,16.0,437.0,86.0,18.0,2.0,7363.0,79.0,128.0,2.0,22.0,175.0,0.0,3.0,111.0,17.0,9.0,1537.0,66.0,0.0,1396.0,544.0,15.0,1124.0,952.0,156.0,505.0,35.0,168.0,133.0,460.0,27.0,37.0,1.0,80.0,150.0,415.0,19.0,0.0,303.0,8.0,174.0,72.0,10.0
11/20/2020,499.0,16.0,59.0,21.0,6.0,257.0,1.0,4.0,471.0,6.0,9.0,352.0,16.0,440.0,86.0,18.0,2.0,7396.0,80.0,128.0,2.0,22.0,176.0,0.0,3.0,113.0,17.0,9.0,1540.0,67.0,0.0,1400.0,546.0,15.0,1125.0,960.0,156.0,504.0,35.0,169.0,133.0,464.0,27.0,42.0,1.0,80.0,155.0,416.0,23.0,0.0,303.0,8.0,174.0,74.0,10.0
11/21/2020,499.0,16.0,59.0,21.0,6.0,258.0,1.0,4.0,471.0,6.0,9.0,352.0,16.0,445.0,86.0,18.0,2.0,7429.0,80.0,128.0,2.0,22.0,176.0,0.0,3.0,113.0,17.0,9.0,1551.0,67.0,0.0,1400.0,546.0,15.0,1127.0,966.0,158.0,503.0,35.0,169.0,133.0,464.0,27.0,42.0,1.0,80.0,155.0,416.0,23.0,0.0,303.0,8.0,174.0,75.0,10.0
11/22/2020,499.0,16.0,59.0,21.0,6.0,258.0,1.0,4.0,471.0,6.0,9.0,352.0,16.0,445.0,86.0,18.0,2.0,7438.0,80.0,128.0,2.0,22.0,176.0,0.0,3.0,114.0,17.0,9.0,1554.0,67.0,0.0,1400.0,546.0,15.0,1129.0,968.0,158.0,503.0,35.0,169.0,133.0,464.0,27.0,42.0,1.0,80.0,155.0,416.0,23.0,0.0,303.0,8.0,174.0,75.0,10.0
11/23/2020,499.0,16.0,59.0,21.0,6.0,258.0,1.0,4.0,471.0,6.0,9.0,354.0,16.0,445.0,87.0,18.0,2.0,7446.0,80.0,128.0,2.0,22.0,179.0,0.0,3.0,115.0,17.0,9.0,1554.0,67.0,0.0,1413.0,550.0,15.0,1129.0,968.0,158.0,504.0,35.0,169.0,133.0,465.0,28.0,42.0,2.0,81.0,155.0,418.0,23.0,0.0,304.0,8.0,175.0,75.0,10.0
11/24/2020,499.0,16.0,59.0,22.0,6.0,258.0,1.0,4.0,477.0,7.0,9.0,354.0,16.0,447.0,87.0,19.0,2.0,7497.0,83.0,128.0,2.0,22.0,179.0,0.0,3.0,116.0,17.0,9.0,1556.0,68.0,0.0,1417.0,557.0,16.0,1129.0,984.0,158.0,504.0,35.0,170.0,135.0,468.0,28.0,43.0,2.0,81.0,155.0,420.0,23.0,0.0,305.0,8.0,175.0,74.0,10.0
11/25/2020,502.0,16.0,59.0,22.0,6.0,260.0,1.0,4.0,477.0,7.0,9.0,355.0,16.0,448.0,87.0,19.0,2.0,7543.0,85.0,129.0,2.0,22.0,179.0,0.0,3.0,116.0,17.0,9.0,1559.0,68.0,0.0,1434.0,566.0,16.0,1129.0,988.0,160.0,504.0,35.0,170.0,135.0,471.0,28.0,47.0,2.0,81.0,157.0,422.0,25.0,0.0,308.0,8.0,175.0,74.0,10.0
11/26/2020,502.0,16.0,59.0,22.0,6.0,261.0,1.0,4.0,477.0,8.0,9.0,355.0,16.0,448.0,87.0,19.0,2.0,7580.0,85.0,129.0,2.0,22.0,179.0,0.0,3.0,116.0,17.0,9.0,1559.0,68.0,0.0,1434.0,566.0,16.0,1129.0,988.0,160.0,502.0,35.0,170.0,135.0,477.0,28.0,47.0,2.0,81.0,157.0,422.0,25.0,0.0,308.0,8.0,175.0,74.0,10.0
11/27/2020,505.0,16.0,59.0,22.0,6.0,261.0,1.0,4.0,481.0,8.0,9.0,355.0,16.0,448.0,87.0,19.0,2.0,7604.0,85.0,129.0,2.0,23.0,179.0,0.0,3.0,116.0,17.0,9.0,1577.0,68.0,0.0,1437.0,576.0,16.0,1129.0,996.0,160.0,502.0,36.0,170.0,135.0,477.0,28.0,47.0,2.0,81.0,157.0,424.0,25.0,0.0,308.0,8.0,175.0,75.0,10.0
11/28/2020,511.0,16.0,59.0,22.0,6.0,261.0,1.0,4.0,481.0,8.0,9.0,355.0,16.0,448.0,87.0,19.0,2.0,7623.0,85.0,129.0,2.0,23.0,179.0,0.0,3.0,121.0,17.0,9.0,1577.0,68.0,0.0,1437.0,576.0,16.0,1129.0,997.0,160.0,502.0,36.0,170.0,135.0,477.0,28.0,47.0,2.0,81.0,157.0,424.0,25.0,0.0,308.0,8.0,175.0,75.0,10.0
11/29/2020,512.0,16.0,59.0,22.0,6.0,261.0,1.0,4.0,481.0,8.0,9.0,355.0,16.0,448.0,87.0,19.0,2.0,7639.0,85.0,129.0,2.0,23.0,179.0,0.0,3.0,122.0,17.0,9.0,1577.0,68.0,0.0,1437.0,576.0,16.0,1129.0,997.0,160.0,502.0,36.0,170.0,135.0,477.0,28.0,47.0,2.0,81.0,157.0,424.0,25.0,0.0,308.0,8.0,175.0,76.0,10.0
11/30/2020,512.0,16.0,60.0,22.0,6.0,261.0,1.0,4.0,481.0,8.0,9.0,355.0,16.0,448.0,87.0,19.0,2.0,7655.0,85.0,129.0,2.0,23.0,181.0,0.0,3.0,122.0,17.0,9.0,1577.0,70.0,0.0,1442.0,581.0,16.0,1129.0,997.0,160.0,509.0,38.0,170.0,136.0,477.0,28.0,47.0,3.0,81.0,157.0,426.0,25.0,0.0,312.0,8.0,183.0,77.0,10.0
12/01/2020,514.0,16.0,60.0,22.0,6.0,261.0,1.0,4.0,488.0,10.0,9.0,355.0,16.0,449.0,89.0,20.0,2.0,7700.0,86.0,129.0,3.0,23.0,182.0,0.0,3.0,123.0,18.0,10.0,1577.0,71.0,0.0,1443.0,586.0,17.0,1129.0,1019.0,160.0,510.0,38.0,170.0,137.0,483.0,29.0,50.0,3.0,81.0,160.0,428.0,25.0,0.0,312.0,9.0,185.0,77.0,10.0
12/02/2020,520.0,16.0,60.0,22.0,6.0,261.0,1.0,4.0,488.0,10.0,9.0,355.0,16.0,451.0,89.0,20.0,2.0,7740.0,86.0,129.0,3.0,23.0,185.0,0.0,3.0,124.0,18.0,10.0,1578.0,71.0,0.0,1444.0,591.0,17.0,1136.0,1035.0,160.0,519.0,38.0,170.0,138.0,487.0,33.0,50.0,4.0,81.0,160.0,430.0,26.0,0.0,314.0,11.0,185.0,81.0,11.0
12/03/2020,522.0,16.0,60.0,22.0,6.0,262.0,1.0,4.0,488.0,11.0,9.0,357.0,16.0,452.0,89.0,21.0,2.0,7782.0,90.0,129.0,3.0,23.0,186.0,0.0,3.0,128.0,18.0,15.0,1586.0,72.0,0.0,1457.0,603.0,17.0,1154.0,1040.0,161.0,522.0,38.0,170.0,138.0,496.0,37.0,52.0,4.0,81.0,160.0,433.0,26.0,0.0,315.0,11.0,187.0,81.0,11.0
12/04/2020,522.0,16.0,60.0,22.0,6.0,262.0,1.0,5.0,506.0,11.0,9.0,359.0,16.0,455.0,91.0,21.0,2.0,7842.0,90.0,130.0,3.0,23.0,191.0,0.0,3.0,130.0,18.0,16.0,1603.0,74.0,0.0,1472.0,614.0,18.0,1175.0,1047.0,162.0,522.0,42.0,176.0,138.0,504.0,40.0,53.0,5.0,85.0,160.0,436.0,26.0,0.0,317.0,12.0,188.0,81.0,11.0
12/05/2020,522.0,16.0,60.0,22.0,6.0,267.0,1.0,5.0,506.0,11.0,9.0,359.0,16.0,456.0,93.0,21.0,2.0,7886.0,90.0,131.0,3.0,23.0,191.0,0.0,3.0,130.0,19.0,16.0,1618.0,74.0,0.0,1472.0,614.0,18.0,1175.0,1055.0,164.0,522.0,42.0,176.0,138.0,504.0,40.0,53.0,5.0,85.0,160.0,439.0,26.0,0.0,317.0,12.0,188.0,84.0,11.0
12/06/2020,522.0,17.0,60.0,22.0,6.0,267.0,1.0,8.0,506.0,11.0,9.0,359.0,16.0,456.0,95.0,21.0,2.0,7909.0,90.0,131.0,3.0,23.0,191.0,0.0,3.0,134.0,19.0,16.0,1633.0,74.0,0.0,1472.0,614.0,18.0,1175.0,1062.0,164.0,522.0,42.0,176.0,138.0,504.0,40.0,53.0,5.0,85.0,160.0,442.0,28.0,0.0,317.0,13.0,188.0,84.0,11.0
12/07/2020,522.0,17.0,62.0,22.0,7.0,267.0,1.0,8.0,506.0,11.0,9.0,359.0,16.0,456.0,95.0,21.0,2.0,7936.0,90.0,132.0,3.0,24.0,194.0,0.0,3.0,136.0,20.0,17.0,1633.0,81.0,0.0,1488.0,620.0,19.0,1188.0,1062.0,164.0,530.0,42.0,176.0,138.0,512.0,44.0,53.0,7.0,85.0,160.0,446.0,28.0,0.0,317.0,14.0,189.0,84.0,11.0
12/08/2020,525.0,17.0,62.0,22.0,7.0,267.0,1.0,8.0,514.0,11.0,9.0,359.0,16.0,457.0,95.0,21.0,2.0,8000.0,107.0,132.0,4.0,24.0,198.0,0.0,3.0,136.0,21.0,19.0,1633.0,81.0,0.0,1513.0,635.0,19.0,1207.0,1062.0,164.0,530.0,42.0,177.0,139.0,513.0,47.0,54.0,7.0,90.0,160.0,450.0,28.0,1.0,319.0,14.0,195.0,84.0,11.0
12/09/2020,526.0,17.0,64.0,22.0,7.0,270.0,1.0,8.0,514.0,11.0,10.0,366.0,16.0,463.0,97.0,21.0,5.0,8075.0,107.0,132.0,4.0,24.0,201.0,0.0,3.0,146.0,22.0,19.0,1633.0,85.0,0.0,1539.0,646.0,19.0,1208.0,1103.0,164.0,532.0,45.0,177.0,139.0,516.0,47.0,54.0,7.0,90.0,162.0,454.0,29.0,1.0,323.0,15.0,197.0,89.0,11.0
12/10/2020,533.0,18.0,64.0,22.0,7.0,273.0,1.0,8.0,514.0,11.0,10.0,370.0,16.0,463.0,97.0,22.0,5.0,8149.0,107.0,132.0,4.0,24.0,202.0,0.0,3.0,148.0,23.0,21.0,1640.0,89.0,0.0,1551.0,659.0,19.0,1209.0,1114.0,165.0,535.0,45.0,177.0,140.0,520.0,50.0,58.0,7.0,91.0,162.0,458.0,30.0,1.0,326.0,16.0,197.0,89.0,10.0
12/11/2020,538.0,18.0,67.0,22.0,8.0,279.0,1.0,8.0,542.0,12.0,10.0,372.0,17.0,467.0,98.0,22.0,5.0,8199.0,107.0,132.0,4.0,24.0,207.0,0.0,3.0,153.0,23.0,21.0,1662.0,92.0,0.0,1573.0,670.0,19.0,1209.0,1137.0,167.0,535.0,46.0,179.0,140.0,527.0,53.0,58.0,7.0,91.0,162.0,463.0,30.0,1.0,327.0,17.0,198.0,89.0,10.0
12/12/2020,542.0,19.0,67.0,22.0,8.0,279.0,1.0,8.0,542.0,12.0,10.0,372.0,17.0,467.0,98.0,22.0,5.0,8269.0,107.0,132.0,4.0,24.0,207.0,0.0,3.0,154.0,23.0,21.0,1680.0,92.0,0.0,1573.0,670.0,19.0,1215.0,1137.0,167.0,534.0,46.0,179.0,140.0,527.0,53.0,58.0,7.0,91.0,162.0,468.0,30.0,1.0,327.0,17.0,198.0,89.0,10.0
12/13/2020,542.0,19.0,67.0,22.0,8.0,279.0,1.0,8.0,542.0,12.0,10.0,372.0,17.0,469.0,98.0,22.0,5.0,8298.0,107.0,132.0,4.0,24.0,207.0,0.0,3.0,156.0,23.0,21.0,1694.0,92.0,0.0,1573.0,670.0,19.0,1223.0,1162.0,167.0,534.0,46.0,179.0,140.0,527.0,53.0,58.0,7.0,91.0,162.0,473.0,30.0,1.0,327.0,17.0,198.0,89.0,10.0
12/14/2020,546.0,19.0,67.0,22.0,8.0,279.0,1.0,8.0,542.0,12.0,12.0,375.0,17.0,469.0,100.0,22.0,6.0,8345.0,107.0,134.0,4.0,24.0,207.0,0.0,3.0,158.0,23.0,30.0,1694.0,93.0,0.0,1586.0,689.0,21.0,1241.0,1162.0,167.0,535.0,46.0,179.0,140.0,530.0,55.0,59.0,8.0,91.0,164.0,478.0,30.0,1.0,330.0,19.0,199.0,89.0,13.0
12/15/2020,558.0,19.0,67.0,22.0,8.0,279.0,2.0,8.0,557.0,12.0,13.0,379.0,18.0,470.0,100.0,22.0,6.0,8431.0,107.0,134.0,4.0,24.0,207.0,0.0,3.0,165.0,24.0,32.0,1695.0,94.0,0.0,1628.0,699.0,22.0,1241.0,1194.0,167.0,537.0,52.0,183.0,142.0,554.0,60.0,63.0,8.0,91.0,166.0,483.0,30.0,1.0,332.0,19.0,201.0,98.0,14.0
12/16/2020,563.0,19.0,74.0,22.0,8.0,290.0,2.0,8.0,557.0,12.0,14.0,387.0,18.0,470.0,101.0,22.0,6.0,8568.0,111.0,136.0,4.0,24.0,207.0,0.0,3.0,167.0,24.0,34.0,1718.0,97.0,0.0,1666.0,711.0,22.0,1304.0,1217.0,172.0,549.0,54.0,183.0,145.0,562.0,64.0,64.0,8.0,93.0,166.0,490.0,31.0,2.0,339.0,19.0,204.0,98.0,14.0
12/17/2020,563.0,19.0,75.0,22.0,8.0,290.0,2.0,8.0,557.0,12.0,15.0,393.0,19.0,476.0,101.0,21.0,7.0,8664.0,111.0,136.0,4.0,25.0,207.0,0.0,3.0,167.0,24.0,38.0,1731.0,98.0,0.0,1708.0,727.0,23.0,1323.0,1239.0,172.0,556.0,56.0,183.0,145.0,567.0,64.0,65.0,8.0,93.0,171.0,499.0,31.0,2.0,346.0,19.0,207.0,99.0,14.0
12/18/2020,574.0,21.0,78.0,22.0,8.0,297.0,2.0,8.0,617.0,12.0,15.0,393.0,19.0,479.0,101.0,21.0,7.0,8757.0,111.0,136.0,4.0,25.0,216.0,0.0,3.0,170.0,24.0,39.0,1734.0,103.0,0.0,1744.0,741.0,23.0,1323.0,1253.0,173.0,561.0,59.0,198.0,147.0,584.0,70.0,66.0,8.0,93.0,171.0,509.0,31.0,2.0,353.0,19.0,210.0,104.0,15.0
12/19/2020,585.0,21.0,78.0,22.0,8.0,298.0,2.0,8.0,617.0,12.0,15.0,393.0,19.0,481.0,103.0,21.0,7.0,8817.0,111.0,136.0,4.0,25.0,216.0,0.0,3.0,177.0,24.0,39.0,1760.0,103.0,0.0,1744.0,741.0,23.0,1327.0,1280.0,176.0,561.0,59.0,198.0,147.0,584.0,70.0,66.0,8.0,93.0,174.0,517.0,32.0,2.0,353.0,19.0,210.0,104.0,15.0
12/20/2020,587.0,23.0,78.0,22.0,8.0,298.0,2.0,8.0,617.0,12.0,15.0,393.0,19.0,481.0,104.0,21.0,7.0,8875.0,111.0,136.0,4.0,25.0,216.0,0.0,3.0,177.0,24.0,39.0,1775.0,103.0,0.0,1744.0,741.0,23.0,1327.0,1280.0,176.0,561.0,59.0,198.0,147.0,584.0,70.0,66.0,8.0,93.0,174.0,523.0,32.0,2.0,353.0,20.0,210.0,104.0,15.0
12/21/2020,588.0,23.0,83.0,22.0,8.0,298.0,2.0,8.0,617.0,12.0,16.0,395.0,19.0,481.0,104.0,21.0,7.0,8931.0,111.0,136.0,4.0,25.0,223.0,0.0,3.0,178.0,24.0,42.0,1777.0,104.0,0.0,1753.0,774.0,23.0,1375.0,1283.0,176.0,588.0,60.0,198.0,148.0,608.0,73.0,68.0,8.0,94.0,174.0,533.0,32.0,2.0,354.0,20.0,210.0,104.0,15.0
12/22/2020,609.0,23.0,83.0,22.0,8.0,298.0,2.0,10.0,617.0,12.0,16.0,399.0,19.0,482.0,105.0,22.0,8.0,9016.0,111.0,136.0,4.0,25.0,225.0,0.0,4.0,180.0,25.0,42.0,1779.0,109.0,0.0,1789.0,786.0,24.0,1387.0,1311.0,176.0,592.0,65.0,203.0,150.0,616.0,73.0,68.0,8.0,94.0,177.0,544.0,32.0,2.0,360.0,20.0,216.0,108.0,16.0
12/23/2020,616.0,23.0,83.0,22.0,8.0,308.0,2.0,12.0,646.0,12.0,17.0,401.0,20.0,485.0,108.0,22.0,8.0,9153.0,116.0,136.0,4.0,25.0,232.0,0.0,4.0,182.0,26.0,44.0,1781.0,110.0,0.0,1805.0,797.0,26.0,1407.0,1350.0,178.0,603.0,66.0,203.0,151.0,633.0,76.0,70.0,8.0,95.0,180.0,556.0,32.0,2.0,373.0,21.0,224.0,108.0,17.0
12/24/2020,619.0,23.0,83.0,22.0,8.0,308.0,2.0,13.0,646.0,14.0,17.0,405.0,20.0,485.0,110.0,22.0,8.0,9299.0,116.0,136.0,4.0,25.0,232.0,0.0,4.0,185.0,27.0,44.0,1782.0,120.0,0.0,1829.0,809.0,26.0,1420.0,1382.0,178.0,618.0,67.0,212.0,151.0,644.0,76.0,70.0,8.0,95.0,180.0,565.0,33.0,2.0,373.0,21.0,233.0,110.0,17.0
12/25/2020,619.0,23.0,83.0,22.0,8.0,321.0,2.0,13.0,646.0,14.0,17.0,405.0,20.0,485.0,110.0,23.0,8.0,9299.0,116.0,136.0,4.0,25.0,232.0,0.0,4.0,185.0,27.0,44.0,1782.0,120.0,1.0,1829.0,809.0,26.0,1420.0,1382.0,181.0,618.0,67.0,212.0,151.0,644.0,76.0,70.0,8.0,95.0,181.0,565.0,34.0,2.0,373.0,21.0,233.0,110.0,17.0
12/26/2020,625.0,23.0,83.0,22.0,8.0,321.0,2.0,13.0,646.0,14.0,18.0,405.0,20.0,485.0,110.0,23.0,8.0,9438.0,116.0,136.0,4.0,25.0,232.0,0.0,4.0,186.0,27.0,44.0,1845.0,120.0,1.0,1829.0,809.0,26.0,1429.0,1402.0,181.0,618.0,67.0,212.0,153.0,653.0,76.0,70.0,8.0,95.0,182.0,572.0,34.0,2.0,373.0,21.0,233.0,109.0,17.0
12/27/2020,625.0,23.0,83.0,22.0,8.0,321.0,2.0,13.0,646.0,14.0,18.0,405.0,20.0,486.0,110.0,23.0,8.0,9482.0,116.0,136.0,4.0,26.0,232.0,0.0,4.0,186.0,27.0,44.0,1846.0,120.0,1.0,1829.0,809.0,26.0,1437.0,1402.0,182.0,618.0,67.0,212.0,153.0,653.0,76.0,70.0,8.0,95.0,182.0,578.0,34.0,2.0,373.0,21.0,233.0,109.0,17.0
12/28/2020,625.0,23.0,88.0,22.0,8.0,323.0,2.0,13.0,646.0,14.0,20.0,405.0,20.0,502.0,110.0,23.0,8.0,9555.0,116.0,138.0,4.0,26.0,248.0,0.0,4.0,189.0,27.0,49.0,1846.0,125.0,1.0,1870.0,827.0,28.0,1437.0,1404.0,182.0,625.0,70.0,212.0,153.0,653.0,83.0,70.0,9.0,95.0,182.0,586.0,34.0,2.0,386.0,21.0,244.0,109.0,18.0
12/29/2020,625.0,23.0,90.0,22.0,8.0,323.0,2.0,18.0,646.0,14.0,20.0,410.0,20.0,504.0,110.0,23.0,8.0,9782.0,116.0,138.0,4.0,26.0,248.0,0.0,4.0,190.0,27.0,50.0,1847.0,125.0,1.0,1943.0,833.0,28.0,1438.0,1435.0,182.0,628.0,74.0,217.0,156.0,674.0,83.0,73.0,10.0,98.0,184.0,596.0,34.0,3.0,389.0,21.0,255.0,109.0,18.0
12/30/2020,625.0,23.0,96.0,22.0,8.0,331.0,2.0,21.0,646.0,14.0,22.0,413.0,20.0,510.0,110.0,23.0,8.0,10056.0,117.0,139.0,4.0,26.0,252.0,1.0,4.0,190.0,27.0,50.0,1874.0,125.0,1.0,1951.0,844.0,28.0,1442.0,1472.0,184.0,628.0,82.0,217.0,157.0,674.0,83.0,73.0,11.0,98.0,184.0,608.0,34.0,4.0,399.0,21.0,260.0,109.0,18.0
12/31/2020,657.0,24.0,96.0,22.0,8.0,335.0,2.0,22.0,646.0,14.0,22.0,419.0,20.0,512.0,110.0,23.0,9.0,10345.0,117.0,139.0,4.0,26.0,260.0,1.0,4.0,193.0,28.0,50.0,1875.0,125.0,1.0,1985.0,857.0,29.0,1445.0,1534.0,186.0,651.0,82.0,227.0,160.0,710.0,83.0,78.0,11.0,98.0,192.0,616.0,36.0,4.0,406.0,21.0,263.0,111.0,19.0
01/01/2021,657.0,24.0,96.0,22.0,8.0,347.0,2.0,24.0,646.0,14.0,22.0,419.0,20.0,512.0,110.0,24.0,10.0,10552.0,117.0,139.0,4.0,26.0,260.0,1.0,4.0,196.0,29.0,50.0,1875.0,125.0,4.0,1985.0,857.0,29.0,1445.0,1534.0,189.0,651.0,82.0,227.0,160.0,748.0,83.0,78.0,11.0,98.0,192.0,616.0,36.0,4.0,406.0,21.0,263.0,111.0,19.0
01/02/2021,656.0,24.0,96.0,22.0,8.0,347.0,2.0,24.0,711.0,14.0,22.0,419.0,20.0,512.0,110.0,24.0,10.0,10682.0,117.0,139.0,4.0,30.0,260.0,1.0,4.0,196.0,29.0,50.0,1901.0,125.0,4.0,1985.0,857.0,29.0,1445.0,1592.0,194.0,651.0,82.0,227.0,160.0,748.0,83.0,78.0,11.0,98.0,196.0,624.0,37.0,4.0,406.0,21.0,263.0,117.0,19.0
01/03/2021,656.0,24.0,96.0,22.0,8.0,347.0,2.0,24.0,711.0,14.0,22.0,419.0,20.0,512.0,110.0,24.0,10.0,10773.0,117.0,139.0,4.0,30.0,260.0,1.0,4.0,196.0,29.0,50.0,1901.0,125.0,4.0,1985.0,857.0,29.0,1447.0,1592.0,194.0,651.0,82.0,227.0,160.0,748.0,83.0,78.0,11.0,98.0,196.0,624.0,37.0,4.0,406.0,21.0,263.0,117.0,19.0
01/04/2021,656.0,24.0,96.0,22.0,9.0,347.0,2.0,24.0,711.0,14.0,22.0,419.0,20.0,518.0,110.0,24.0,10.0,10850.0,117.0,139.0,4.0,31.0,264.0,1.0,4.0,196.0,29.0,50.0,1926.0,125.0,4.0,2096.0,898.0,34.0,1449.0,1598.0,194.0,667.0,88.0,227.0,166.0,748.0,83.0,78.0,11.0,100.0,196.0,631.0,37.0,4.0,419.0,22.0,289.0,117.0,21.0
01/05/2021,681.0,24.0,100.0,22.0,9.0,348.0,2.0,24.0,711.0,16.0,23.0,433.0,22.0,518.0,110.0,24.0,10.0,11071.0,126.0,140.0,4.0,31.0,266.0,1.0,4.0,216.0,30.0,50.0,1926.0,132.0,4.0,2098.0,917.0,34.0,1450.0,1654.0,198.0,672.0,90.0,234.0,173.0,772.0,93.0,79.0,11.0,102.0,204.0,638.0,37.0,4.0,421.0,22.0,297.0,123.0,23.0
01/06/2021,697.0,24.0,100.0,22.0,9.0,353.0,2.0,27.0,711.0,16.0,23.0,436.0,22.0,521.0,110.0,25.0,10.0,11328.0,126.0,143.0,4.0,31.0,269.0,1.0,4.0,220.0,32.0,50.0,1943.0,132.0,4.0,2151.0,941.0,34.0,1454.0,1691.0,203.0,683.0,95.0,234.0,181.0,800.0,97.0,89.0,11.0,102.0,213.0,649.0,38.0,4.0,433.0,22.0,305.0,125.0,24.0
01/07/2021,713.0,26.0,102.0,22.0,9.0,371.0,2.0,31.0,711.0,16.0,23.0,443.0,27.0,523.0,110.0,25.0,11.0,11545.0,126.0,143.0,4.0,31.0,275.0,1.0,4.0,229.0,33.0,50.0,1972.0,142.0,5.0,2189.0,955.0,35.0,1454.0,1738.0,205.0,696.0,95.0,234.0,185.0,816.0,104.0,95.0,12.0,102.0,214.0,657.0,39.0,4.0,442.0,23.0,313.0,126.0,25.0
01/08/2021,729.0,26.0,102.0,22.0,9.0,376.0,2.0,33.0,711.0,16.0,23.0,445.0,27.0,539.0,110.0,25.0,11.0,11863.0,126.0,143.0,4.0,31.0,279.0,1.0,4.0,232.0,35.0,50.0,1998.0,159.0,5.0,2218.0,977.0,36.0,1486.0,1771.0,218.0,712.0,101.0,255.0,185.0,844.0,104.0,99.0,12.0,102.0,218.0,665.0,40.0,4.0,455.0,33.0,334.0,127.0,25.0
01/09/2021,732.0,26.0,111.0,22.0,9.0,389.0,2.0,33.0,711.0,18.0,23.0,445.0,27.0,542.0,110.0,26.0,11.0,12084.0,126.0,143.0,4.0,31.0,279.0,3.0,4.0,242.0,36.0,50.0,2041.0,159.0,5.0,2218.0,977.0,36.0,1520.0,1824.0,233.0,712.0,101.0,255.0,197.0,884.0,104.0,99.0,12.0,102.0,218.0,675.0,40.0,4.0,455.0,33.0,334.0,127.0,25.0
