HOSPI_Covid19,6001,6005,6007,6009,6011,6013,6015,6017,6019,6021,6023,6025,6027,6029,6031,6033,6035,6037,6039,6041,6043,6045,6047,6049,6051,6053,6055,6057,6059,6061,6063,6065,6067,6069,6071,6073,6075,6077,6079,6081,6083,6085,6087,6089,6093,6095,6097,6099,6103,6105,6107,6109,6111,6113,6115
ID,186,188,189,190,191,192,193,194,195,196,197,198,199,200,201,202,203,204,205,206,207,208,209,210,211,212,213,214,215,216,217,218,219,220,221,222,223,224,225,226,227,228,229,230,232,233,234,235,237,238,239,240,241,242,243
FIPS,6001,6005,6007,6009,6011,6013,6015,6017,6019,6021,6023,6025,6027,6029,6031,6033,6035,6037,6039,6041,6043,6045,6047,6049,6051,6053,6055,6057,6059,6061,6063,6065,6067,6069,6071,6073,6075,6077,6079,6081,6083,6085,6087,6089,6093,6095,6097,6099,6103,6105,6107,6109,6111,6113,6115
State,CA,CA,CA,CA,CA,CA,CA,CA,CA,CA,CA,CA,CA,CA,CA,CA,CA,CA,CA,CA,CA,CA,CA,CA,CA,CA,CA,CA,CA,CA,CA,CA,CA,CA,CA,CA,CA,CA,CA,CA,CA,CA,CA,CA,CA,CA,CA,CA,CA,CA,CA,CA,CA,CA,CA
County,Alameda County,Amador County,Butte County,Calaveras County,Colusa County,Contra Costa County,Del Norte County,El Dorado County,Fresno County,Glenn County,Humboldt County,Imperial County,Inyo County,Kern County,Kings County,Lake County,Lassen County,Los Angeles County,Madera County,Marin County,Mariposa County,Mendocino County,Merced County,Modoc County,Mono County,Monterey County,Napa County,Nevada County,Orange County,Placer County,Plumas County,Riverside County,Sacramento County,San Benito County,San Bernardino County,San Diego County,San Francisco County,San Joaquin County,San Luis Obispo County,San Mateo County,Santa Barbara County,Santa Clara County,Santa Cruz County,Shasta County,Siskiyou County,Solano County,Sonoma County,Stanislaus County,Tehama County,Trinity County,Tulare County,Tuolumne County,Ventura County,Yolo County,Yuba County
Full,"Alameda County, CA","Amador County, CA","Butte County, CA","Calaveras County, CA","Colusa County, CA","Contra Costa County, CA","Del Norte County, CA","El Dorado County, CA","Fresno County, CA","Glenn County, CA","Humboldt County, CA","Imperial County, CA","Inyo County, CA","Kern County, CA","Kings County, CA","Lake County, CA","Lassen County, CA","Los Angeles County, CA","Madera County, CA","Marin County, CA","Mariposa County, CA","Mendocino County, CA","Merced County, CA","Modoc County, CA","Mono County, CA","Monterey County, CA","Napa County, CA","Nevada County, CA","Orange County, CA","Placer County, CA","Plumas County, CA","Riverside County, CA","Sacramento County, CA","San Benito County, CA","San Bernardino County, CA","San Diego County, CA","San Francisco County, CA","San Joaquin County, CA","San Luis Obispo County, CA","San Mateo County, CA","Santa Barbara County, CA","Santa Clara County, CA","Santa Cruz County, CA","Shasta County, CA","Siskiyou County, CA","Solano County, CA","Sonoma County, CA","Stanislaus County, CA","Tehama County, CA","Trinity County, CA","Tulare County, CA","Tuolumne County, CA","Ventura County, CA","Yolo County, CA","Yuba County, CA"
01/01/2020,0,0,0,0,0,0,0,0,0,0,0,0,0,0,0,0,0,0,0,0,0,0,0,0,0,0,0,0,0,0,0,0,0,0,0,0,0,0,0,0,0,0,0,0,0,0,0,0,0,0,0,0,0,0,0
01/02/2020,0,0,0,0,0,0,0,0,0,0,0,0,0,0,0,0,0,0,0,0,0,0,0,0,0,0,0,0,0,0,0,0,0,0,0,0,0,0,0,0,0,0,0,0,0,0,0,0,0,0,0,0,0,0,0
01/03/2020,0,0,0,0,0,0,0,0,0,0,0,0,0,0,0,0,0,0,0,0,0,0,0,0,0,0,0,0,0,0,0,0,0,0,0,0,0,0,0,0,0,0,0,0,0,0,0,0,0,0,0,0,0,0,0
01/04/2020,0,0,0,0,0,0,0,0,0,0,0,0,0,0,0,0,0,0,0,0,0,0,0,0,0,0,0,0,0,0,0,0,0,0,0,0,0,0,0,0,0,0,0,0,0,0,0,0,0,0,0,0,0,0,0
01/05/2020,0,0,0,0,0,0,0,0,0,0,0,0,0,0,0,0,0,0,0,0,0,0,0,0,0,0,0,0,0,0,0,0,0,0,0,0,0,0,0,0,0,0,0,0,0,0,0,0,0,0,0,0,0,0,0
01/06/2020,0,0,0,0,0,0,0,0,0,0,0,0,0,0,0,0,0,0,0,0,0,0,0,0,0,0,0,0,0,0,0,0,0,0,0,0,0,0,0,0,0,0,0,0,0,0,0,0,0,0,0,0,0,0,0
01/07/2020,0,0,0,0,0,0,0,0,0,0,0,0,0,0,0,0,0,0,0,0,0,0,0,0,0,0,0,0,0,0,0,0,0,0,0,0,0,0,0,0,0,0,0,0,0,0,0,0,0,0,0,0,0,0,0
01/08/2020,0,0,0,0,0,0,0,0,0,0,0,0,0,0,0,0,0,0,0,0,0,0,0,0,0,0,0,0,0,0,0,0,0,0,0,0,0,0,0,0,0,0,0,0,0,0,0,0,0,0,0,0,0,0,0
01/09/2020,0,0,0,0,0,0,0,0,0,0,0,0,0,0,0,0,0,0,0,0,0,0,0,0,0,0,0,0,0,0,0,0,0,0,0,0,0,0,0,0,0,0,0,0,0,0,0,0,0,0,0,0,0,0,0
01/10/2020,0,0,0,0,0,0,0,0,0,0,0,0,0,0,0,0,0,0,0,0,0,0,0,0,0,0,0,0,0,0,0,0,0,0,0,0,0,0,0,0,0,0,0,0,0,0,0,0,0,0,0,0,0,0,0
01/11/2020,0,0,0,0,0,0,0,0,0,0,0,0,0,0,0,0,0,0,0,0,0,0,0,0,0,0,0,0,0,0,0,0,0,0,0,0,0,0,0,0,0,0,0,0,0,0,0,0,0,0,0,0,0,0,0
01/12/2020,0,0,0,0,0,0,0,0,0,0,0,0,0,0,0,0,0,0,0,0,0,0,0,0,0,0,0,0,0,0,0,0,0,0,0,0,0,0,0,0,0,0,0,0,0,0,0,0,0,0,0,0,0,0,0
01/13/2020,0,0,0,0,0,0,0,0,0,0,0,0,0,0,0,0,0,0,0,0,0,0,0,0,0,0,0,0,0,0,0,0,0,0,0,0,0,0,0,0,0,0,0,0,0,0,0,0,0,0,0,0,0,0,0
01/14/2020,0,0,0,0,0,0,0,0,0,0,0,0,0,0,0,0,0,0,0,0,0,0,0,0,0,0,0,0,0,0,0,0,0,0,0,0,0,0,0,0,0,0,0,0,0,0,0,0,0,0,0,0,0,0,0
01/15/2020,0,0,0,0,0,0,0,0,0,0,0,0,0,0,0,0,0,0,0,0,0,0,0,0,0,0,0,0,0,0,0,0,0,0,0,0,0,0,0,0,0,0,0,0,0,0,0,0,0,0,0,0,0,0,0
01/16/2020,0,0,0,0,0,0,0,0,0,0,0,0,0,0,0,0,0,0,0,0,0,0,0,0,0,0,0,0,0,0,0,0,0,0,0,0,0,0,0,0,0,0,0,0,0,0,0,0,0,0,0,0,0,0,0
01/17/2020,0,0,0,0,0,0,0,0,0,0,0,0,0,0,0,0,0,0,0,0,0,0,0,0,0,0,0,0,0,0,0,0,0,0,0,0,0,0,0,0,0,0,0,0,0,0,0,0,0,0,0,0,0,0,0
01/18/2020,0,0,0,0,0,0,0,0,0,0,0,0,0,0,0,0,0,0,0,0,0,0,0,0,0,0,0,0,0,0,0,0,0,0,0,0,0,0,0,0,0,0,0,0,0,0,0,0,0,0,0,0,0,0,0
01/19/2020,0,0,0,0,0,0,0,0,0,0,0,0,0,0,0,0,0,0,0,0,0,0,0,0,0,0,0,0,0,0,0,0,0,0,0,0,0,0,0,0,0,0,0,0,0,0,0,0,0,0,0,0,0,0,0
01/20/2020,0,0,0,0,0,0,0,0,0,0,0,0,0,0,0,0,0,0,0,0,0,0,0,0,0,0,0,0,0,0,0,0,0,0,0,0,0,0,0,0,0,0,0,0,0,0,0,0,0,0,0,0,0,0,0
01/21/2020,0,0,0,0,0,0,0,0,0,0,0,0,0,0,0,0,0,0,0,0,0,0,0,0,0,0,0,0,0,0,0,0,0,0,0,0,0,0,0,0,0,0,0,0,0,0,0,0,0,0,0,0,0,0,0
01/22/2020,0,0,0,0,0,0,0,0,0,0,0,0,0,0,0,0,0,0,0,0,0,0,0,0,0,0,0,0,0.0,0,0,0,0,0,0,0,0,0,0,0,0,0,0,0,0,0,0,0,0,0,0,0,0,0,0
01/23/2020,0,0,0,0,0,0,0,0,0,0,0,0,0,0,0,0,0,0,0,0,0,0,0,0,0,0,0,0,0.0,0,0,0,0,0,0,0,0,0,0,0,0,0,0,0,0,0,0,0,0,0,0,0,0,0,0
01/24/2020,0,0,0,0,0,0,0,0,0,0,0,0,0,0,0,0,0,0,0,0,0,0,0,0,0,0,0,0,0.0,0,0,0,0,0,0,0,0,0,0,0,0,0,0,0,0,0,0,0,0,0,0,0,0,0,0
01/25/2020,0,0,0,0,0,0,0,0,0,0,0,0,0,0,0,0,0,0,0,0,0,0,0,0,0,0,0,0,0.0,0,0,0,0,0,0,0,0,0,0,0,0,0,0,0,0,0,0,0,0,0,0,0,0,0,0
01/26/2020,0,0,0,0,0,0,0,0,0,0,0,0,0,0,0,0,0,0.0,0,0,0,0,0,0,0,0,0,0,0.0,0,0,0,0,0,0,0,0,0,0,0,0,0,0,0,0,0,0,0,0,0,0,0,0,0,0
01/27/2020,0,0,0,0,0,0,0,0,0,0,0,0,0,0,0,0,0,0.0,0,0,0,0,0,0,0,0,0,0,0.0,0,0,0,0,0,0,0,0,0,0,0,0,0,0,0,0,0,0,0,0,0,0,0,0,0,0
01/28/2020,0,0,0,0,0,0,0,0,0,0,0,0,0,0,0,0,0,0.0,0,0,0,0,0,0,0,0,0,0,0.0,0,0,0,0,0,0,0,0,0,0,0,0,0,0,0,0,0,0,0,0,0,0,0,0,0,0
01/29/2020,0,0,0,0,0,0,0,0,0,0,0,0,0,0,0,0,0,0.0,0,0,0,0,0,0,0,0,0,0,0.0,0,0,0,0,0,0,0,0,0,0,0,0,0,0,0,0,0,0,0,0,0,0,0,0,0,0
01/30/2020,0,0,0,0,0,0,0,0,0,0,0,0,0,0,0,0,0,0.0,0,0,0,0,0,0,0,0,0,0,0.0,0,0,0,0,0,0,0,0,0,0,0,0,0,0,0,0,0,0,0,0,0,0,0,0,0,0
01/31/2020,0,0,0,0,0,0,0,0,0,0,0,0,0,0,0,0,0,0.0,0,0,0,0,0,0,0,0,0,0,0.0,0,0,0,0,0,0,0,0,0,0,0,0,0.0,0,0,0,0,0,0,0,0,0,0,0,0,0
02/01/2020,0,0,0,0,0,0,0,0,0,0,0,0,0,0,0,0,0,0.0,0,0,0,0,0,0,0,0,0,0,0.0,0,0,0,0,0,0,0,0,0,0,0,0,0.0,0,0,0,0,0,0,0,0,0,0,0,0,0
02/02/2020,0,0,0,0,0,0,0,0,0,0,0,0,0,0,0,0,0,0.0,0,0,0,0,0,0,0,0,0,0,0.0,0,0,0,0,0,0,0,0.0,0,0,0,0,0.0,0,0,0,0,0,0,0,0,0,0,0,0,0
02/03/2020,0,0,0,0,0,0,0,0,0,0,0,0,0,0,0,0,0,0.0,0,0,0,0,0,0,0,0,0,0,0.0,0,0,0,0,0,0,0,0.0,0,0,0,0,0.0,0,0,0,0,0,0,0,0,0,0,0,0,0
02/04/2020,0,0,0,0,0,0,0,0,0,0,0,0,0,0,0,0,0,0.0,0,0,0,0,0,0,0,0,0,0,0.0,0,0,0,0,0,0,0,0.0,0,0,0,0,0.0,0,0,0,0,0,0,0,0,0,0,0,0,0
02/05/2020,0,0,0,0,0,0,0,0,0,0,0,0,0,0,0,0,0,0.0,0,0,0,0,0,0,0,0,0,0,0.0,0,0,0,0,0,0,0,0.0,0,0,0,0,0.0,0,0,0,0,0,0,0,0,0,0,0,0,0
02/06/2020,0,0,0,0,0,0,0,0,0,0,0,0,0,0,0,0,0,0.0,0,0,0,0,0,0,0,0,0,0,0.0,0,0,0,0,0,0,0,0.0,0,0,0,0,0.0,0,0,0,0,0,0,0,0,0,0,0,0,0
02/07/2020,0,0,0,0,0,0,0,0,0,0,0,0,0,0,0,0,0,0.0,0,0,0,0,0,0,0,0,0,0,0.0,0,0,0,0,0,0,0,0.0,0,0,0,0,0.0,0,0,0,0,0,0,0,0,0,0,0,0,0
02/08/2020,0,0,0,0,0,0,0,0,0,0,0,0,0,0,0,0,0,0.0,0,0,0,0,0,0,0,0,0,0,0.0,0,0,0,0,0,0,0,0.0,0,0,0,0,0.0,0,0,0,0,0,0,0,0,0,0,0,0,0
02/09/2020,0,0,0,0,0,0,0,0,0,0,0,0,0,0,0,0,0,0.0,0,0,0,0,0,0,0,0,0,0,0.0,0,0,0,0,0,0,0,0.0,0,0,0,0,0.0,0,0,0,0,0,0,0,0,0,0,0,0,0
02/10/2020,0,0,0,0,0,0,0,0,0,0,0,0,0,0,0,0,0,0.0,0,0,0,0,0,0,0,0,0,0,0.0,0,0,0,0,0,0,0.0,0.0,0,0,0,0,0.0,0,0,0,0,0,0,0,0,0,0,0,0,0
02/11/2020,0,0,0,0,0,0,0,0,0,0,0,0,0,0,0,0,0,0.0,0,0,0,0,0,0,0,0,0,0,0.0,0,0,0,0,0,0,0.0,0.0,0,0,0,0,0.0,0,0,0,0,0,0,0,0,0,0,0,0,0
02/12/2020,0,0,0,0,0,0,0,0,0,0,0,0,0,0,0,0,0,0.0,0,0,0,0,0,0,0,0,0,0,0.0,0,0,0,0,0,0,0.0,0.0,0,0,0,0,0.0,0,0,0,0,0,0,0,0,0,0,0,0,0
02/13/2020,0,0,0,0,0,0,0,0,0,0,0,0,0,0,0,0,0,0.0,0,0,0,0,0,0,0,0,0,0,0.0,0,0,0,0,0,0,0.0,0.0,0,0,0,0,0.0,0,0,0,0,0,0,0,0,0,0,0,0,0
02/14/2020,0,0,0,0,0,0,0,0,0,0,0,0,0,0,0,0,0,0.0,0,0,0,0,0,0,0,0,0,0,0.0,0,0,0,0,0,0,0.0,0.0,0,0,0,0,0.0,0,0,0,0,0,0,0,0,0,0,0,0,0
02/15/2020,0,0,0,0,0,0,0,0,0,0,0,0,0,0,0,0,0,0.0,0,0,0,0,0,0,0,0,0,0,0.0,0,0,0,0,0,0,0.0,0.0,0,0,0,0,0.0,0,0,0,0,0,0,0,0,0,0,0,0,0
02/16/2020,0,0,0,0,0,0,0,0,0,0,0,0,0,0,0,0,0,0.0,0,0,0,0,0,0,0,0,0,0,0.0,0,0,0,0,0,0,0.0,0.0,0,0,0,0,0.0,0,0,0,0,0,0,0,0,0,0,0,0,0
02/17/2020,0,0,0,0,0,0,0,0,0,0,0,0,0,0,0,0,0,0.0,0,0,0,0,0,0,0,0,0,0,0.0,0,0,0,0,0,0,0.0,0.0,0,0,0,0,0.0,0,0,0,0,0,0,0,0,0,0,0,0,0
02/18/2020,0,0,0,0,0,0,0,0,0,0,0,0,0,0,0,0,0,0.0,0,0,0,0,0,0,0,0,0,0,0.0,0,0,0,0,0,0,0.0,0.0,0,0,0,0,0.0,0,0,0,0,0,0,0,0,0,0,0,0,0
02/19/2020,0,0,0,0,0,0,0,0,0,0,0,0,0,0,0,0,0,0.0,0,0,0,0,0,0,0,0,0,0,0.0,0,0,0,0,0,0,0.0,0.0,0,0,0,0,0.0,0,0,0,0,0,0,0,0,0,0,0,0,0
02/20/2020,0,0,0,0,0,0,0,0,0,0,0.0,0,0,0,0,0,0,0.0,0,0,0,0,0,0,0,0,0,0,0.0,0,0,0,0,0,0,0.0,0.0,0,0,0,0,0.0,0,0,0,0,0,0,0,0,0,0,0,0,0
02/21/2020,0,0,0,0,0,0,0,0,0,0,0.0,0,0,0,0,0,0,0.0,0,0,0,0,0,0,0,0,0,0,0.0,0,0,0,0.0,0,0,0.0,0.0,0,0,0,0,0.0,0,0,0,0,0,0,0,0,0,0,0,0,0
02/22/2020,0,0,0,0,0,0,0,0,0,0,0.0,0,0,0,0,0,0,0.0,0,0,0,0,0,0,0,0,0,0,0.0,0,0,0,0.0,0,0,0.0,0.0,0,0,0,0,0.0,0,0,0,0,0,0,0,0,0,0,0,0,0
02/23/2020,0,0,0,0,0,0,0,0,0,0,0.0,0,0,0,0,0,0,0.0,0,0,0,0,0,0,0,0,0,0,0.0,0,0,0,0.0,0,0,0.0,0.0,0,0,0,0,0.0,0,0,0,0,0,0,0,0,0,0,0,0,0
02/24/2020,0,0,0,0,0,0,0,0,0,0,0.0,0,0,0,0,0,0,0.0,0,0,0,0,0,0,0,0,0,0,0.0,0,0,0,0.0,0,0,0.0,0.0,0,0,0,0,0.0,0,0,0,0.0,0,0,0,0,0,0,0,0,0
02/25/2020,0,0,0,0,0,0,0,0,0,0,0.0,0,0,0,0,0,0,0.0,0,0,0,0,0,0,0,0,0,0,0.0,0,0,0,0.0,0,0,0.0,0.0,0,0,0,0,0.0,0,0,0,0.0,0,0,0,0,0,0,0,0,0
02/26/2020,0,0,0,0,0,0,0,0,0,0,0.0,0,0,0,0,0,0,0.0,0,0.0,0,0,0,0,0,0,0.0,0,0.0,0,0,0,0.0,0,0,0.0,0.0,0,0,0,0,0.0,0,0,0,0.0,0.0,0,0,0,0,0,0,0,0
02/27/2020,0,0,0,0,0,0,0,0,0,0,0.0,0,0,0,0,0,0,0.0,0,0.0,0,0,0,0,0,0,0.0,0,0.0,0,0,0,0.0,0,0,0.0,0.0,0,0,0,0,0.0,0,0,0,0.0,0.0,0,0,0,0,0,0,0,0
02/28/2020,0,0,0,0,0,0,0,0,0,0,0.0,0,0,0,0,0,0,0.0,0,0.0,0,0,0,0,0,0,0.0,0,0.0,0,0,0,0.0,0,0,0.0,0.0,0,0,0,0,0.0,0,0,0,0.0,0.0,0,0,0,0,0,0,0,0
02/29/2020,0,0,0,0,0,0,0,0,0,0,0.0,0,0,0,0,0,0,0.0,0,0.0,0,0,0,0,0,0,0.0,0,0.0,0,0,0,0.0,0,0,0.0,0.0,0,0,0,0,0.0,0,0,0,0.0,0.0,0,0,0,0,0,0,0,0
03/01/2020,0.0,0,0,0,0,0,0,0,0,0,0.0,0,0,0,0,0,0,0.0,0,0.0,0,0,0,0,0,0,0.0,0,0.0,0,0,0,0.0,0,0,0.0,0.0,0,0,0,0,0.0,0,0,0,0.0,0.0,0,0,0,0,0,0,0,0
03/02/2020,0.0,0,0,0,0,0,0,0,0,0,0.0,0,0,0,0,0,0,0.0,0,0.0,0,0,0,0,0,0,0.0,0,0.0,0.0,0,0,0.0,0,0,0.0,0.0,0,0,0.0,0,0.0,0,0,0,0.0,0.0,0,0,0,0,0,0,0,0
03/03/2020,0.0,0,0,0,0,0.0,0,0,0,0,0.0,0,0,0,0,0,0,0.0,0,0.0,0,0,0,0,0,0,0.0,0,0.0,0.0,0,0,0.0,0,0,0.0,0.0,0,0,0.0,0,0.0,0,0,0,0.0,0.0,0,0,0,0,0,0,0,0
03/04/2020,0.0,0,0,0,0,0.0,0,0,0,0,0.0,0,0,0,0,0,0,0.0,0,0.0,0,0,0,0,0,0,0.0,0,0.0,0.0,0,0,0.0,0,0,0.0,0.0,0,0,0.0,0,0.0,0,0,0,0.0,0.0,0,0,0,0,0,0,0,0
03/05/2020,0.0,0,0,0,0,0.0,0,0,0,0,0.0,0,0,0,0,0,0,0.0,0,0.0,0,0,0,0,0,0,0.0,0,0.0,0.0,0,0,0.0,0,0,0.0,0.0,0,0,0.0,0,0.0,0,0,0,0.0,0.0,0,0,0,0,0,0,0,0
03/06/2020,0.0,0,0,0,0,0.0,0,0,0,0,0.0,0,0,0,0,0,0,0.0,0,0.0,0,0,0,0,0,0,0.0,0,0.0,0.0,0,0,0.0,0,0,0.0,0.0,0,0,0.0,0,0.0,0,0,0,0.0,0.0,0,0,0,0,0,0,0.0,0
03/07/2020,0.0,0,0,0,0,0.0,0,0,0.0,0,0.0,0,0,0,0,0,0,0.0,0.0,0.0,0,0,0,0,0,0,0.0,0,0.0,0.0,0,0.0,0.0,0,0,0.0,0.0,0,0,0.0,0,0.0,0.0,0,0,0.0,0.0,0,0,0,0,0,0,0.0,0
03/08/2020,0.0,0,0,0,0,0.0,0,0,0.0,0,0.0,0,0,0,0,0,0,0.0,0.0,0.0,0,0,0,0,0,0,0.0,0,0.0,0.0,0,0.0,0.0,0,0,0.0,0.0,0,0,0.0,0,0.0,0.0,0,0,0.0,0.0,0,0,0,0,0,0,0.0,0
03/09/2020,0.0,0,0,0,0,0.0,0,0,0.0,0,0.0,0,0,0,0,0,0,0.0,0.0,0.0,0,0,0,0,0,0,0.0,0,0.0,0.0,0,0.0,0.0,0,0,0.0,0.0,0,0,0.0,0,0.0,0.0,0.0,0,0.0,0.0,0,0,0,0,0,0,0.0,0
03/10/2020,0.0,0,0,0,0,0.0,0,0,0.0,0,0.0,0,0,0,0,0,0,0.0,0.0,0.0,0,0,0,0,0,0,0.0,0,0.0,0.0,0,0.0,0.0,0,0,0.0,0.0,0.0,0,0.0,0,0.0,0.0,0.0,0,0.0,0.0,0,0,0,0,0,0.0,0.0,0
03/11/2020,0.0,0,0,0,0,0.0,0,0,0.0,0,0.0,0,0,0,0,0,0,0.0,0.0,0.0,0,0,0,0,0,0,0.0,0,0.0,0.0,0,0.0,0.0,0,0,0.0,0.0,0.0,0,0.0,0,0.0,0.0,0.0,0,0.0,0.0,0.0,0,0,0,0,0.0,0.0,0
03/12/2020,0.0,0,0,0,0,0.0,0,0,0.0,0,0.0,0,0,0,0,0,0,0.0,0.0,0.0,0,0,0,0,0,0,0.0,0,0.0,0.0,0,0.0,0.0,0,0,0.0,0.0,0.0,0,0.0,0,0.0,0.0,0.0,0,0.0,0.0,0.0,0,0,0.0,0,0.0,0.0,0
03/13/2020,0.0,0,0,0,0,0.0,0,0,0.0,0,0.0,0,0,0,0,0,0,0.0,0.0,0.0,0,0,0,0,0,0,0.0,0,0.0,0.0,0,0.0,0.0,0.0,0,0.0,0.0,0.0,0,0.0,0,0.0,0.0,0.0,0,0.0,0.0,0.0,0,0,0.0,0,0.0,0.0,0
03/14/2020,0.0,0,0,0,0,0.0,0,0,0.0,0,0.0,0,0,0,0,0,0,0.0,0.0,0.0,0,0,0,0,0,0,0.0,0,0.0,0.0,0,0.0,0.0,0.0,0,0.0,0.0,0.0,0.0,0.0,0,0.0,0.0,0.0,0,0.0,0.0,0.0,0,0,0.0,0,0.0,0.0,0
03/15/2020,0.0,0,0,0,0,0.0,0,0,0.0,0,0.0,0,0,0,0,0,0,0.0,0.0,0.0,0,0,0,0,0,0,0.0,0,0.0,0.0,0,0.0,0.0,0.0,0.0,0.0,0.0,0.0,0.0,0.0,0.0,0.0,0.0,0.0,0,0.0,0.0,0.0,0,0,0.0,0,0.0,0.0,0
03/16/2020,0.0,0,0,0,0,0.0,0,0,0.0,0,0.0,0,0,0,0,0,0,0.0,0.0,0.0,0,0,0,0,0,0,0.0,0.0,0.0,0.0,0,0.0,0.0,0.0,0.0,0.0,0.0,0.0,0.0,0.0,0.0,0.0,0.0,0.0,0,0.0,0.0,0.0,0,0,0.0,0,0.0,0.0,0
03/17/2020,0.0,0,0,0,0,0.0,0,0,0.0,0,0.0,0,0,0.0,0,0,0,0.0,0.0,0.0,0,0,0,0,0,0.0,0.0,0.0,0.0,0.0,0,0.0,0.0,0.0,0.0,0.0,0.0,0.0,0.0,0.0,0.0,0.0,0.0,0.0,0,0.0,0.0,0.0,0,0,0.0,0,0.0,0.0,0
03/18/2020,0.0,0,0,0,0,0.0,0,0,0.0,0,0.0,0,0,0.0,0,0,0,0.0,0.0,0.0,0,0.0,0,0,0,0.0,0.0,0.0,0.0,0.0,0,0.0,0.0,0.0,0.0,0.0,0.0,0.0,0.0,0.0,0.0,0.0,0.0,0.0,0,0.0,0.0,0.0,0,0,0.0,0,0.0,0.0,0
03/19/2020,0.0,0,0,0,0,0.0,0,0,0.0,0,0.0,0,0,0.0,0,0,0,0.0,0.0,0.0,0,0.0,0,0,0,0.0,0.0,0.0,0.0,0.0,0,0.0,0.0,0.0,0.0,0.0,0.0,0.0,0.0,0.0,0.0,0.0,0.0,0.0,0,0.0,0.0,0.0,0,0,0.0,0,0.0,0.0,0
03/20/2020,0.0,0.0,0,0,0,0.0,0,0,0.0,0,0.0,0.0,0,0.0,0,0,0,0.0,0.0,0.0,0,0.0,0,0,0,0.0,0.0,0.0,0.0,0.0,0,0.0,0.0,0.0,0.0,0.0,0.0,0.0,0.0,0.0,0.0,0.0,0.0,0.0,0,0.0,0.0,0.0,0,0,0.0,0,0.0,0.0,0
03/21/2020,0.0,0.0,0.0,0,0,0.0,0,0.0,0.0,0,0.0,0.0,0,0.0,0,0,0,0.0,0.0,0.0,0,0.0,0,0,0,0.0,0.0,0.0,0.0,0.0,0,0.0,0.0,0.0,0.0,0.0,0.0,0.0,0.0,0.0,0.0,0.0,0.0,0.0,0.0,0.0,0.0,0.0,0,0,0.0,0,0.0,0.0,0.0
03/22/2020,0.0,0.0,0.0,0,0,0.0,0,0.0,0.0,0,0.0,0.0,0,0.0,0,0,0,0.0,0.0,0.0,0,0.0,0,0,0,0.0,0.0,0.0,0.0,0.0,0,0.0,0.0,0.0,0.0,0.0,0.0,0.0,0.0,0.0,0.0,0.0,0.0,0.0,0.0,0.0,0.0,0.0,0,0,0.0,0,0.0,0.0,0.0
03/23/2020,0.0,0.0,0.0,0,0,0.0,0,0.0,0.0,0,0.0,0.0,0,0.0,0,0,0,0.0,0.0,0.0,0,0.0,0,0,0,0.0,0.0,0.0,0.0,0.0,0,0.0,0.0,0.0,0.0,0.0,0.0,0.0,0.0,0.0,0.0,0.0,0.0,0.0,0.0,0.0,0.0,0.0,0,0,0.0,0,0.0,0.0,0.0
03/24/2020,0.0,0.0,0.0,0.0,0,0.0,0,0.0,0.0,0,0.0,0.0,0,0.0,0,0,0,0.0,0.0,0.0,0,0.0,0.0,0,0.0,0.0,0.0,0.0,0.0,0.0,0,0.0,0.0,0.0,0.0,0.0,0.0,0.0,0.0,0.0,0.0,0.0,0.0,0.0,0.0,0.0,0.0,0.0,0,0,0.0,0,0.0,0.0,0.0
03/25/2020,0.0,0.0,0.0,0.0,0,0.0,0,0.0,0.0,0,0.0,0.0,0.0,0.0,0,0,0,0.0,0.0,0.0,0,0.0,0.0,0,0.0,0.0,0.0,0.0,0.0,0.0,0,0.0,0.0,0.0,0.0,0.0,0.0,0.0,0.0,0.0,0.0,0.0,0.0,0.0,0.0,0.0,0.0,0.0,0,0,0.0,0,0.0,0.0,0.0
03/26/2020,0.0,0.0,0.0,0.0,0,0.0,0,0.0,0.0,0,0.0,0.0,0.0,0.0,0,0,0,0.0,0.0,0.0,0,0.0,0.0,0,0.0,0.0,0.0,0.0,0.0,0.0,0,0.0,0.0,0.0,0.0,0.0,0.0,0.0,0.0,0.0,0.0,0.0,0.0,0.0,0.0,0.0,0.0,0.0,0,0,0.0,0,0.0,0.0,0.0
03/27/2020,0.0,0.0,0.0,0.0,0.0,0.0,0,0.0,0.0,0,0.0,0.0,0.0,0.0,0.0,0,0,0.0,0.0,0.0,0,0.0,0.0,0,0.0,0.0,0.0,0.0,0.0,0.0,0,0.0,0.0,0.0,0.0,0.0,0.0,0.0,0.0,0.0,0.0,0.0,0.0,0.0,0.0,0.0,0.0,0.0,0,0,0.0,0,0.0,0.0,0.0
03/28/2020,0.0,0.0,0.0,0.0,0.0,0.0,0,0.0,0.0,0.0,0.0,0.0,0.0,0.0,0.0,0,0,0.0,0.0,0.0,0,0.0,0.0,0,0.0,0.0,0.0,0.0,0.0,0.0,0,0.0,0.0,0.0,0.0,0.0,0.0,0.0,0.0,0.0,0.0,0.0,0.0,0.0,0.0,0.0,0.0,0.0,0,0,0.0,0,0.0,0.0,0.0
03/29/2020,0.0,0.0,0.0,0.0,0.0,0.0,0.0,0.0,0.0,0.0,0.0,0.0,0.0,0.0,0.0,0.0,0.0,0.0,0.0,0.0,0,0.0,0.0,0.0,0.0,0.0,0.0,0.0,0.0,0.0,0.0,0.0,0.0,0.0,0.0,0.0,0.0,0.0,0.0,0.0,0.0,0.0,0.0,0.0,0.0,0.0,0.0,0.0,0.0,0.0,0.0,0.0,0.0,0.0,0.0
03/30/2020,0.0,0.0,0.0,0.0,0.0,0.0,0.0,0.0,0.0,0.0,0.0,0.0,0.0,0.0,0.0,0.0,0.0,0.0,0.0,0.0,0,0.0,0.0,0.0,0.0,0.0,0.0,0.0,0.0,0.0,0.0,0.0,0.0,0.0,0.0,0.0,0.0,0.0,0.0,0.0,0.0,0.0,0.0,0.0,0.0,0.0,0.0,0.0,0.0,0.0,0.0,0.0,0.0,0.0,0.0
03/31/2020,0.0,0.0,0.0,0.0,0.0,0.0,0.0,0.0,0.0,0.0,0.0,0.0,0.0,0.0,0.0,0.0,0.0,0.0,0.0,0.0,0,0.0,0.0,0.0,0.0,0.0,0.0,0.0,0.0,0.0,0.0,0.0,0.0,0.0,0.0,0.0,0.0,0.0,0.0,0.0,0.0,0.0,0.0,0.0,0.0,0.0,0.0,0.0,0.0,0.0,0.0,0.0,0.0,0.0,0.0
04/01/2020,128.0,3.0,38.0,1.0,1.0,73.0,5.0,22.0,120.0,0.0,10.0,19.0,96.0,60.0,8.0,2.0,7.0,2071.0,4.0,28.0,0.0,2.0,18.0,1.0,0.0,29.0,4.0,90.0,338.0,53.0,0.0,267.0,191.0,2.0,291.0,508.0,133.0,60.0,18.0,92.0,46.0,245.0,14.0,5.0,5.0,32.0,23.0,64.0,1.0,0.0,16.0,0.0,118.0,6.0,26.0
04/02/2020,133.0,3.0,30.0,1.0,1.0,70.0,3.0,27.0,91.0,0.0,9.0,20.0,110.0,104.0,8.0,1.0,7.0,2088.0,8.0,23.0,1.0,1.0,9.0,0.0,20.0,28.0,5.0,96.0,354.0,47.0,0.0,317.0,163.0,2.0,311.0,0.0,135.0,84.0,10.0,102.0,70.0,264.0,8.0,6.0,3.0,23.0,26.0,73.0,1.0,0.0,30.0,0.0,138.0,5.0,27.0
04/03/2020,138.0,0.0,22.0,1.0,1.0,70.0,2.0,24.0,96.0,0.0,8.0,16.0,110.0,108.0,3.0,2.0,3.0,2201.0,5.0,22.0,2.0,5.0,9.0,0.0,20.0,34.0,10.0,6.0,313.0,44.0,0.0,287.0,153.0,2.0,322.0,479.0,151.0,79.0,9.0,104.0,56.0,247.0,12.0,11.0,3.0,37.0,30.0,73.0,0.0,0.0,21.0,0.0,138.0,9.0,14.0
04/04/2020,155.0,0.0,17.0,1.0,1.0,77.0,2.0,24.0,107.0,0.0,5.0,19.0,114.0,87.0,10.0,4.0,0.0,2197.0,4.0,21.0,2.0,3.0,19.0,0.0,22.0,41.0,9.0,8.0,356.0,37.0,0.0,312.0,145.0,5.0,392.0,395.0,145.0,73.0,10.0,85.0,62.0,238.0,10.0,12.0,2.0,35.0,23.0,75.0,1.0,0.0,28.0,1.0,148.0,9.0,18.0
04/05/2020,159.0,0.0,18.0,0.0,1.0,64.0,1.0,22.0,97.0,0.0,5.0,18.0,115.0,50.0,4.0,4.0,0.0,2176.0,1.0,20.0,2.0,3.0,25.0,0.0,22.0,31.0,9.0,6.0,365.0,36.0,0.0,336.0,142.0,3.0,386.0,399.0,147.0,70.0,13.0,84.0,57.0,235.0,17.0,19.0,2.0,32.0,27.0,55.0,1.0,0.0,24.0,0.0,149.0,9.0,15.0
04/06/2020,149.0,0.0,16.0,0.0,0.0,58.0,3.0,17.0,99.0,0.0,15.0,23.0,123.0,60.0,6.0,8.0,0.0,2236.0,2.0,16.0,3.0,2.0,6.0,0.0,22.0,31.0,7.0,6.0,316.0,32.0,0.0,322.0,155.0,6.0,333.0,411.0,151.0,63.0,5.0,88.0,60.0,230.0,14.0,9.0,0.0,36.0,24.0,56.0,0.0,0.0,36.0,0.0,128.0,4.0,20.0
04/07/2020,160.0,0.0,15.0,1.0,0.0,69.0,3.0,18.0,102.0,0.0,9.0,23.0,130.0,119.0,7.0,0.0,1.0,2601.0,3.0,11.0,3.0,2.0,6.0,1.0,22.0,43.0,5.0,5.0,287.0,37.0,1.0,336.0,165.0,6.0,324.0,327.0,204.0,64.0,7.0,76.0,49.0,234.0,8.0,13.0,1.0,38.0,34.0,68.0,1.0,0.0,31.0,0.0,90.0,5.0,27.0
04/08/2020,153.0,0.0,16.0,2.0,0.0,85.0,2.0,19.0,85.0,0.0,5.0,23.0,137.0,88.0,10.0,0.0,1.0,2408.0,6.0,8.0,0.0,0.0,2.0,0.0,27.0,42.0,7.0,9.0,334.0,33.0,1.0,294.0,157.0,2.0,433.0,328.0,206.0,51.0,15.0,86.0,60.0,190.0,13.0,9.0,3.0,34.0,28.0,65.0,2.0,0.0,23.0,0.0,91.0,9.0,26.0
04/09/2020,156.0,0.0,15.0,0.0,0.0,101.0,2.0,20.0,66.0,0.0,8.0,24.0,144.0,62.0,12.0,0.0,2.0,2126.0,3.0,12.0,0.0,0.0,8.0,0.0,33.0,43.0,7.0,6.0,263.0,30.0,1.0,360.0,134.0,3.0,405.0,351.0,152.0,47.0,12.0,72.0,58.0,223.0,18.0,12.0,2.0,23.0,26.0,58.0,1.0,0.0,21.0,0.0,87.0,6.0,21.0
04/10/2020,164.0,0.0,16.0,0.0,0.0,72.0,3.0,18.0,68.0,0.0,0.0,26.0,144.0,71.0,8.0,1.0,2.0,2053.0,5.0,32.0,0.0,1.0,2.0,0.0,3.0,39.0,7.0,6.0,268.0,27.0,0.0,347.0,115.0,3.0,451.0,354.0,131.0,43.0,5.0,68.0,55.0,195.0,15.0,12.0,0.0,27.0,22.0,44.0,1.0,0.0,21.0,0.0,95.0,5.0,10.0
04/11/2020,178.0,0.0,6.0,1.0,0.0,77.0,2.0,19.0,91.0,0.0,7.0,25.0,150.0,84.0,10.0,0.0,4.0,2267.0,5.0,29.0,0.0,1.0,2.0,0.0,3.0,35.0,0.0,6.0,253.0,39.0,0.0,359.0,113.0,4.0,366.0,357.0,133.0,37.0,12.0,69.0,56.0,207.0,18.0,8.0,0.0,29.0,22.0,42.0,0.0,0.0,15.0,2.0,80.0,7.0,4.0
04/12/2020,192.0,0.0,2.0,2.0,0.0,78.0,2.0,20.0,69.0,0.0,6.0,31.0,150.0,59.0,8.0,0.0,4.0,2148.0,5.0,26.0,0.0,0.0,3.0,0.0,3.0,32.0,0.0,4.0,246.0,34.0,0.0,387.0,115.0,0.0,329.0,352.0,136.0,46.0,10.0,77.0,49.0,196.0,19.0,7.0,0.0,32.0,14.0,38.0,3.0,0.0,19.0,0.0,86.0,8.0,1.0
04/13/2020,166.0,0.0,9.0,1.0,0.0,88.0,1.0,20.0,79.0,0.0,10.0,27.0,160.0,71.0,1.0,2.0,4.0,2294.0,4.0,22.0,3.0,8.0,4.0,0.0,1.0,41.0,1.0,4.0,230.0,27.0,1.0,369.0,109.0,2.0,322.0,350.0,137.0,42.0,7.0,76.0,49.0,217.0,12.0,3.0,2.0,26.0,17.0,43.0,0.0,0.0,17.0,0.0,77.0,4.0,3.0
04/14/2020,198.0,0.0,7.0,1.0,0.0,88.0,5.0,23.0,69.0,0.0,9.0,33.0,166.0,58.0,8.0,3.0,6.0,2200.0,4.0,25.0,3.0,0.0,4.0,1.0,1.0,31.0,0.0,7.0,258.0,32.0,1.0,352.0,116.0,2.0,315.0,352.0,140.0,32.0,18.0,67.0,50.0,191.0,8.0,5.0,0.0,37.0,12.0,43.0,0.0,0.0,20.0,0.0,59.0,3.0,2.0
04/15/2020,180.0,0.0,6.0,0.0,0.0,79.0,0.0,5.0,58.0,0.0,7.0,34.0,178.0,52.0,8.0,6.0,6.0,2256.0,7.0,14.0,4.0,0.0,0.0,0.0,0.0,31.0,0.0,7.0,259.0,24.0,0.0,362.0,126.0,1.0,258.0,348.0,171.0,42.0,8.0,71.0,44.0,186.0,6.0,2.0,2.0,23.0,16.0,36.0,0.0,0.0,21.0,0.0,82.0,3.0,2.0
04/16/2020,155.0,0.0,11.0,1.0,1.0,96.0,3.0,5.0,66.0,0.0,6.0,28.0,3.0,60.0,8.0,1.0,5.0,2.0,7.0,12.0,1.0,0.0,2.0,2.0,0.0,42.0,0.0,6.0,269.0,30.0,0.0,366.0,118.0,1.0,288.0,19.0,119.0,37.0,14.0,72.0,41.0,182.0,7.0,1.0,2.0,24.0,13.0,37.0,1.0,0.0,27.0,0.0,76.0,3.0,2.0
04/17/2020,176.0,0.0,10.0,2.0,1.0,80.0,4.0,6.0,60.0,0.0,4.0,34.0,3.0,52.0,7.0,6.0,5.0,41.0,5.0,6.0,1.0,0.0,4.0,1.0,0.0,47.0,1.0,6.0,284.0,29.0,1.0,359.0,109.0,1.0,288.0,343.0,115.0,46.0,14.0,67.0,42.0,200.0,5.0,1.0,3.0,21.0,8.0,32.0,0.0,0.0,28.0,0.0,56.0,4.0,5.0
04/18/2020,155.0,0.0,5.0,0.0,0.0,79.0,2.0,8.0,67.0,0.0,4.0,33.0,2.0,47.0,8.0,0.0,1.0,2287.0,7.0,4.0,0.0,0.0,3.0,1.0,0.0,47.0,0.0,9.0,277.0,28.0,1.0,341.0,111.0,0.0,269.0,320.0,103.0,50.0,15.0,61.0,40.0,189.0,4.0,2.0,1.0,20.0,6.0,37.0,0.0,0.0,27.0,0.0,53.0,4.0,3.0
04/19/2020,147.0,0.0,4.0,0.0,1.0,74.0,0.0,11.0,67.0,0.0,3.0,33.0,1.0,54.0,8.0,2.0,1.0,2288.0,7.0,10.0,0.0,0.0,2.0,0.0,0.0,31.0,3.0,5.0,292.0,23.0,0.0,349.0,0.0,0.0,255.0,320.0,107.0,39.0,9.0,59.0,36.0,175.0,5.0,1.0,1.0,21.0,10.0,29.0,0.0,0.0,27.0,0.0,52.0,6.0,2.0
04/20/2020,55.0,0.0,3.0,1.0,1.0,65.0,2.0,4.0,65.0,0.0,6.0,34.0,1.0,45.0,8.0,2.0,1.0,25.0,6.0,10.0,1.0,0.0,1.0,0.0,0.0,31.0,3.0,6.0,0.0,15.0,0.0,9.0,101.0,0.0,0.0,46.0,106.0,53.0,5.0,72.0,39.0,191.0,4.0,0.0,1.0,21.0,14.0,31.0,0.0,0.0,24.0,0.0,47.0,6.0,1.0
04/21/2020,144.0,0.0,1.0,0.0,1.0,77.0,1.0,3.0,70.0,0.0,5.0,35.0,1.0,43.0,8.0,2.0,1.0,2471.0,5.0,9.0,1.0,1.0,3.0,1.0,0.0,11.0,2.0,5.0,308.0,22.0,0.0,370.0,93.0,1.0,357.0,305.0,121.0,51.0,6.0,67.0,34.0,178.0,5.0,1.0,1.0,23.0,19.0,31.0,0.0,0.0,27.0,0.0,56.0,7.0,0.0
04/22/2020,145.0,1.0,0.0,0.0,1.0,84.0,2.0,5.0,79.0,0.0,8.0,34.0,1.0,57.0,9.0,3.0,1.0,2448.0,3.0,15.0,0.0,0.0,6.0,0.0,0.0,9.0,3.0,1.0,283.0,25.0,0.0,333.0,70.0,0.0,345.0,318.0,92.0,57.0,8.0,67.0,34.0,176.0,7.0,1.0,1.0,28.0,19.0,33.0,0.0,0.0,27.0,1.0,57.0,4.0,0.0
04/23/2020,171.0,1.0,0.0,1.0,1.0,82.0,6.0,8.0,78.0,0.0,7.0,27.0,1.0,41.0,9.0,1.0,0.0,2458.0,3.0,17.0,1.0,1.0,2.0,0.0,0.0,12.0,2.0,4.0,313.0,25.0,0.0,340.0,88.0,0.0,240.0,318.0,104.0,65.0,5.0,72.0,40.0,165.0,6.0,1.0,1.0,26.0,20.0,31.0,0.0,0.0,31.0,0.0,49.0,4.0,2.0
04/24/2020,142.0,1.0,4.0,2.0,1.0,83.0,4.0,7.0,78.0,0.0,5.0,34.0,4.0,47.0,9.0,1.0,0.0,2406.0,4.0,13.0,0.0,1.0,5.0,0.0,0.0,13.0,1.0,5.0,313.0,22.0,0.0,343.0,90.0,0.0,253.0,335.0,94.0,49.0,9.0,65.0,32.0,163.0,5.0,1.0,0.0,26.0,23.0,27.0,1.0,0.0,33.0,0.0,87.0,4.0,2.0
04/25/2020,136.0,1.0,3.0,1.0,2.0,78.0,4.0,8.0,86.0,0.0,3.0,32.0,3.0,47.0,6.0,2.0,0.0,2417.0,2.0,15.0,0.0,0.0,3.0,0.0,0.0,14.0,2.0,4.0,310.0,34.0,0.0,356.0,99.0,0.0,248.0,364.0,91.0,47.0,5.0,74.0,35.0,172.0,8.0,1.0,1.0,26.0,12.0,44.0,1.0,0.0,26.0,0.0,98.0,5.0,2.0
04/26/2020,127.0,0.0,0.0,0.0,2.0,69.0,2.0,9.0,81.0,0.0,0.0,38.0,0.0,44.0,9.0,1.0,0.0,2462.0,1.0,10.0,0.0,0.0,4.0,0.0,0.0,10.0,1.0,3.0,289.0,25.0,0.0,367.0,88.0,0.0,229.0,363.0,100.0,43.0,4.0,63.0,37.0,182.0,5.0,1.0,0.0,22.0,10.0,47.0,0.0,0.0,26.0,0.0,100.0,2.0,2.0
04/27/2020,128.0,0.0,0.0,1.0,2.0,68.0,5.0,8.0,91.0,0.0,3.0,34.0,0.0,50.0,11.0,1.0,0.0,2549.0,0.0,8.0,1.0,1.0,4.0,0.0,0.0,6.0,1.0,2.0,302.0,22.0,0.0,338.0,88.0,0.0,237.0,336.0,101.0,47.0,9.0,80.0,39.0,164.0,3.0,2.0,1.0,24.0,13.0,66.0,0.0,0.0,329.0,1.0,103.0,1.0,3.0
04/28/2020,140.0,0.0,1.0,1.0,1.0,70.0,5.0,8.0,83.0,0.0,6.0,33.0,0.0,45.0,11.0,2.0,0.0,2543.0,1.0,8.0,1.0,0.0,8.0,1.0,0.0,9.0,1.0,3.0,287.0,26.0,0.0,327.0,76.0,0.0,279.0,381.0,104.0,40.0,6.0,63.0,43.0,150.0,2.0,3.0,2.0,28.0,14.0,61.0,0.0,0.0,34.0,0.0,102.0,0.0,2.0
04/29/2020,139.0,0.0,2.0,0.0,1.0,74.0,3.0,4.0,86.0,0.0,6.0,34.0,0.0,49.0,11.0,2.0,0.0,2550.0,1.0,6.0,1.0,0.0,9.0,0.0,0.0,7.0,1.0,3.0,302.0,33.0,0.0,336.0,78.0,0.0,280.0,355.0,104.0,41.0,5.0,70.0,42.0,144.0,2.0,2.0,3.0,28.0,19.0,61.0,0.0,0.0,30.0,0.0,57.0,0.0,0.0
04/30/2020,126.0,0.0,0.0,0.0,1.0,67.0,4.0,6.0,78.0,0.0,7.0,32.0,0.0,54.0,10.0,2.0,0.0,2364.0,3.0,3.0,2.0,0.0,5.0,0.0,0.0,12.0,1.0,1.0,282.0,32.0,0.0,352.0,72.0,1.0,258.0,364.0,96.0,41.0,6.0,63.0,35.0,141.0,3.0,2.0,2.0,23.0,12.0,62.0,0.0,0.0,30.0,0.0,51.0,0.0,0.0
05/01/2020,135.0,0.0,1.0,1.0,1.0,58.0,0.0,2.0,72.0,0.0,5.0,39.0,0.0,48.0,11.0,2.0,0.0,2395.0,0.0,5.0,2.0,0.0,5.0,0.0,0.0,8.0,2.0,1.0,319.0,20.0,0.0,362.0,64.0,1.0,263.0,350.0,100.0,33.0,7.0,60.0,38.0,140.0,4.0,1.0,2.0,21.0,19.0,54.0,0.0,0.0,30.0,0.0,41.0,0.0,0.0
05/02/2020,132.0,0.0,0.0,1.0,1.0,65.0,0.0,2.0,81.0,0.0,5.0,39.0,0.0,43.0,10.0,0.0,0.0,2380.0,0.0,11.0,0.0,0.0,8.0,0.0,0.0,11.0,1.0,2.0,322.0,28.0,0.0,337.0,58.0,1.0,260.0,357.0,108.0,33.0,13.0,61.0,36.0,131.0,3.0,0.0,0.0,29.0,17.0,66.0,0.0,0.0,30.0,0.0,52.0,0.0,0.0
05/03/2020,135.0,0.0,2.0,1.0,1.0,64.0,0.0,2.0,88.0,0.0,3.0,44.0,1.0,42.0,10.0,3.0,0.0,2299.0,0.0,6.0,0.0,0.0,9.0,0.0,0.0,8.0,0.0,1.0,308.0,19.0,2.0,349.0,57.0,0.0,254.0,352.0,101.0,35.0,9.0,61.0,34.0,132.0,3.0,0.0,0.0,25.0,16.0,48.0,0.0,0.0,28.0,0.0,63.0,0.0,1.0
05/04/2020,135.0,0.0,1.0,1.0,0.0,51.0,0.0,3.0,86.0,0.0,3.0,56.0,1.0,48.0,10.0,4.0,0.0,2371.0,1.0,8.0,0.0,0.0,12.0,0.0,0.0,5.0,0.0,1.0,294.0,17.0,2.0,323.0,50.0,0.0,259.0,354.0,94.0,33.0,11.0,59.0,39.0,123.0,3.0,0.0,0.0,37.0,16.0,45.0,0.0,0.0,22.0,0.0,43.0,0.0,1.0
05/05/2020,147.0,0.0,0.0,0.0,0.0,69.0,0.0,4.0,99.0,0.0,13.0,58.0,0.0,42.0,12.0,2.0,0.0,2370.0,0.0,14.0,1.0,0.0,10.0,0.0,0.0,5.0,2.0,0.0,279.0,24.0,2.0,333.0,50.0,0.0,260.0,363.0,103.0,47.0,5.0,58.0,35.0,113.0,3.0,0.0,0.0,29.0,16.0,40.0,0.0,0.0,24.0,0.0,48.0,0.0,1.0
05/06/2020,136.0,0.0,0.0,0.0,0.0,67.0,0.0,4.0,94.0,0.0,7.0,63.0,0.0,41.0,13.0,3.0,1.0,2292.0,0.0,17.0,1.0,0.0,9.0,0.0,1.0,6.0,2.0,0.0,279.0,30.0,2.0,296.0,67.0,0.0,236.0,379.0,88.0,46.0,4.0,61.0,36.0,111.0,3.0,0.0,0.0,30.0,17.0,38.0,0.0,0.0,28.0,0.0,51.0,1.0,0.0
05/07/2020,136.0,0.0,2.0,0.0,1.0,65.0,1.0,2.0,88.0,0.0,6.0,59.0,0.0,36.0,14.0,0.0,0.0,2323.0,1.0,13.0,1.0,0.0,8.0,0.0,0.0,5.0,2.0,0.0,299.0,31.0,0.0,270.0,51.0,0.0,226.0,387.0,93.0,38.0,6.0,51.0,39.0,107.0,4.0,0.0,3.0,25.0,13.0,39.0,0.0,0.0,11.0,0.0,58.0,0.0,0.0
05/08/2020,136.0,0.0,2.0,0.0,2.0,82.0,1.0,4.0,81.0,0.0,6.0,70.0,1.0,39.0,15.0,1.0,1.0,2276.0,1.0,7.0,1.0,0.0,8.0,0.0,0.0,9.0,1.0,0.0,299.0,26.0,0.0,277.0,51.0,0.0,220.0,407.0,103.0,47.0,4.0,56.0,36.0,95.0,4.0,0.0,3.0,33.0,17.0,36.0,0.0,0.0,26.0,0.0,54.0,0.0,0.0
05/09/2020,139.0,0.0,3.0,2.0,0.0,68.0,0.0,4.0,98.0,0.0,6.0,70.0,0.0,51.0,18.0,0.0,1.0,2221.0,1.0,13.0,1.0,0.0,11.0,0.0,0.0,10.0,2.0,0.0,300.0,37.0,1.0,310.0,53.0,0.0,231.0,396.0,97.0,44.0,6.0,58.0,32.0,102.0,3.0,0.0,0.0,35.0,15.0,29.0,0.0,0.0,30.0,0.0,57.0,0.0,0.0
05/10/2020,123.0,0.0,3.0,0.0,0.0,61.0,0.0,2.0,98.0,0.0,6.0,64.0,0.0,51.0,17.0,1.0,1.0,2270.0,2.0,17.0,0.0,0.0,6.0,0.0,0.0,9.0,2.0,1.0,308.0,27.0,1.0,316.0,55.0,0.0,227.0,390.0,91.0,43.0,5.0,52.0,30.0,111.0,3.0,0.0,0.0,36.0,12.0,27.0,0.0,0.0,29.0,0.0,52.0,0.0,0.0
05/11/2020,131.0,0.0,3.0,1.0,0.0,54.0,0.0,3.0,93.0,0.0,8.0,62.0,1.0,43.0,17.0,0.0,1.0,2310.0,1.0,15.0,0.0,0.0,9.0,0.0,0.0,9.0,1.0,1.0,320.0,24.0,1.0,290.0,51.0,1.0,218.0,400.0,91.0,30.0,5.0,49.0,32.0,100.0,1.0,0.0,0.0,28.0,14.0,35.0,0.0,0.0,35.0,1.0,54.0,0.0,1.0
05/12/2020,130.0,0.0,5.0,0.0,1.0,66.0,0.0,2.0,110.0,0.0,8.0,63.0,0.0,52.0,20.0,1.0,0.0,2248.0,0.0,21.0,1.0,0.0,11.0,0.0,0.0,7.0,1.0,0.0,348.0,27.0,0.0,306.0,48.0,1.0,197.0,385.0,90.0,34.0,8.0,63.0,29.0,84.0,1.0,0.0,0.0,29.0,28.0,34.0,0.0,0.0,34.0,0.0,51.0,0.0,1.0
05/13/2020,140.0,0.0,5.0,0.0,1.0,60.0,0.0,2.0,129.0,0.0,8.0,65.0,0.0,40.0,20.0,0.0,0.0,2351.0,0.0,19.0,1.0,0.0,11.0,0.0,0.0,9.0,1.0,0.0,342.0,30.0,0.0,265.0,50.0,1.0,223.0,380.0,89.0,27.0,10.0,69.0,29.0,91.0,1.0,0.0,1.0,34.0,25.0,31.0,0.0,0.0,40.0,0.0,54.0,1.0,0.0
05/14/2020,138.0,0.0,3.0,0.0,0.0,67.0,0.0,3.0,116.0,0.0,12.0,71.0,0.0,44.0,18.0,0.0,0.0,2207.0,0.0,12.0,1.0,0.0,9.0,0.0,0.0,7.0,1.0,0.0,327.0,23.0,0.0,275.0,52.0,1.0,229.0,399.0,94.0,36.0,5.0,44.0,30.0,91.0,1.0,0.0,1.0,40.0,28.0,38.0,1.0,0.0,37.0,0.0,58.0,0.0,0.0
05/15/2020,148.0,0.0,4.0,1.0,0.0,56.0,0.0,0.0,91.0,0.0,9.0,71.0,0.0,52.0,22.0,0.0,0.0,2201.0,1.0,10.0,0.0,0.0,8.0,0.0,0.0,7.0,1.0,0.0,310.0,29.0,0.0,256.0,55.0,1.0,194.0,392.0,89.0,45.0,5.0,54.0,32.0,75.0,1.0,0.0,0.0,40.0,39.0,38.0,1.0,0.0,39.0,0.0,47.0,0.0,0.0
05/16/2020,145.0,0.0,3.0,0.0,0.0,50.0,0.0,4.0,97.0,0.0,7.0,61.0,0.0,51.0,22.0,0.0,0.0,2086.0,0.0,11.0,0.0,0.0,7.0,0.0,0.0,9.0,4.0,0.0,325.0,28.0,0.0,266.0,46.0,1.0,201.0,370.0,74.0,30.0,6.0,54.0,34.0,90.0,1.0,0.0,1.0,40.0,36.0,39.0,0.0,0.0,41.0,0.0,50.0,1.0,0.0
05/17/2020,146.0,0.0,2.0,0.0,0.0,55.0,0.0,4.0,106.0,0.0,5.0,71.0,0.0,48.0,25.0,0.0,0.0,2107.0,0.0,12.0,1.0,1.0,9.0,1.0,0.0,10.0,3.0,0.0,355.0,27.0,0.0,277.0,56.0,1.0,210.0,380.0,71.0,28.0,5.0,55.0,31.0,82.0,1.0,0.0,1.0,47.0,31.0,41.0,0.0,0.0,41.0,0.0,44.0,0.0,1.0
05/18/2020,138.0,1.0,3.0,0.0,1.0,70.0,0.0,4.0,105.0,0.0,5.0,74.0,0.0,48.0,25.0,2.0,1.0,2051.0,2.0,12.0,2.0,1.0,6.0,1.0,0.0,9.0,1.0,0.0,341.0,35.0,0.0,281.0,71.0,1.0,221.0,378.0,79.0,32.0,3.0,60.0,27.0,79.0,2.0,0.0,0.0,43.0,23.0,38.0,1.0,0.0,36.0,0.0,49.0,0.0,1.0
05/19/2020,191.0,0.0,1.0,0.0,1.0,88.0,0.0,2.0,107.0,0.0,7.0,78.0,0.0,53.0,24.0,1.0,1.0,2136.0,1.0,24.0,3.0,1.0,8.0,1.0,0.0,11.0,1.0,0.0,366.0,48.0,0.0,292.0,101.0,1.0,210.0,387.0,74.0,33.0,3.0,71.0,28.0,100.0,1.0,0.0,0.0,47.0,28.0,48.0,0.0,0.0,42.0,0.0,60.0,0.0,1.0
05/20/2020,215.0,0.0,5.0,0.0,0.0,82.0,0.0,2.0,97.0,0.0,12.0,83.0,0.0,56.0,26.0,2.0,1.0,2067.0,4.0,29.0,2.0,1.0,9.0,1.0,0.0,10.0,1.0,0.0,388.0,56.0,0.0,290.0,103.0,1.0,216.0,404.0,79.0,38.0,8.0,74.0,27.0,96.0,3.0,0.0,0.0,55.0,36.0,48.0,0.0,0.0,45.0,0.0,62.0,0.0,1.0
05/21/2020,239.0,0.0,9.0,1.0,0.0,83.0,0.0,2.0,118.0,0.0,16.0,78.0,0.0,54.0,25.0,0.0,1.0,2105.0,0.0,33.0,0.0,1.0,6.0,1.0,0.0,9.0,1.0,0.0,364.0,66.0,0.0,285.0,107.0,1.0,224.0,378.0,80.0,31.0,7.0,70.0,30.0,99.0,5.0,0.0,0.0,53.0,35.0,52.0,0.0,0.0,40.0,0.0,49.0,3.0,1.0
05/22/2020,160.0,1.0,8.0,0.0,0.0,41.0,0.0,4.0,94.0,0.0,17.0,77.0,0.0,53.0,28.0,2.0,1.0,2055.0,1.0,6.0,0.0,1.0,7.0,1.0,0.0,10.0,8.0,0.0,358.0,26.0,0.0,310.0,23.0,1.0,226.0,381.0,72.0,35.0,3.0,52.0,24.0,55.0,5.0,1.0,2.0,34.0,21.0,34.0,0.0,0.0,39.0,0.0,64.0,0.0,1.0
05/23/2020,158.0,0.0,5.0,0.0,0.0,48.0,0.0,6.0,103.0,0.0,17.0,77.0,0.0,58.0,28.0,1.0,0.0,2006.0,0.0,6.0,0.0,5.0,11.0,1.0,0.0,8.0,2.0,0.0,372.0,25.0,0.0,288.0,24.0,1.0,234.0,386.0,73.0,31.0,2.0,50.0,24.0,54.0,5.0,1.0,2.0,32.0,22.0,38.0,0.0,0.0,41.0,0.0,54.0,0.0,1.0
05/24/2020,149.0,0.0,5.0,1.0,0.0,42.0,0.0,5.0,106.0,0.0,7.0,81.0,0.0,57.0,28.0,4.0,0.0,1990.0,1.0,6.0,0.0,5.0,12.0,1.0,0.0,8.0,1.0,0.0,388.0,26.0,0.0,268.0,26.0,1.0,242.0,370.0,88.0,36.0,3.0,52.0,27.0,54.0,5.0,0.0,2.0,37.0,22.0,37.0,0.0,0.0,44.0,0.0,68.0,0.0,1.0
05/25/2020,156.0,0.0,7.0,1.0,0.0,48.0,1.0,4.0,104.0,0.0,10.0,75.0,0.0,59.0,29.0,1.0,0.0,2041.0,2.0,7.0,1.0,2.0,10.0,1.0,0.0,10.0,1.0,0.0,394.0,25.0,0.0,281.0,26.0,1.0,254.0,385.0,81.0,36.0,2.0,57.0,27.0,52.0,7.0,0.0,2.0,41.0,27.0,29.0,0.0,0.0,42.0,0.0,63.0,1.0,1.0
05/26/2020,169.0,0.0,5.0,0.0,0.0,49.0,1.0,2.0,98.0,0.0,10.0,77.0,0.0,66.0,27.0,1.0,1.0,2087.0,5.0,5.0,2.0,4.0,9.0,1.0,0.0,12.0,2.0,4.0,418.0,27.0,0.0,309.0,18.0,1.0,279.0,383.0,87.0,43.0,4.0,54.0,23.0,53.0,5.0,1.0,0.0,35.0,25.0,32.0,1.0,3.0,41.0,1.0,62.0,1.0,1.0
05/27/2020,164.0,0.0,7.0,0.0,0.0,41.0,0.0,3.0,115.0,0.0,9.0,84.0,0.0,68.0,24.0,0.0,1.0,2090.0,4.0,2.0,2.0,4.0,8.0,0.0,0.0,11.0,2.0,4.0,418.0,20.0,0.0,313.0,29.0,1.0,260.0,408.0,82.0,37.0,6.0,41.0,27.0,52.0,3.0,0.0,3.0,34.0,31.0,25.0,0.0,2.0,41.0,0.0,52.0,0.0,1.0
05/28/2020,153.0,1.0,6.0,1.0,0.0,51.0,0.0,6.0,107.0,0.0,9.0,68.0,0.0,66.0,25.0,1.0,1.0,2054.0,1.0,10.0,2.0,3.0,8.0,0.0,0.0,11.0,2.0,3.0,397.0,23.0,0.0,301.0,41.0,0.0,243.0,383.0,91.0,40.0,2.0,49.0,26.0,40.0,3.0,0.0,0.0,35.0,38.0,23.0,0.0,3.0,39.0,0.0,47.0,0.0,1.0
05/29/2020,179.0,0.0,6.0,2.0,0.0,50.0,0.0,6.0,107.0,0.0,13.0,64.0,0.0,70.0,28.0,1.0,1.0,1972.0,0.0,10.0,2.0,2.0,13.0,0.0,0.0,11.0,0.0,2.0,324.0,23.0,1.0,270.0,37.0,0.0,229.0,358.0,65.0,41.0,8.0,45.0,27.0,48.0,12.0,0.0,1.0,31.0,44.0,24.0,0.0,0.0,40.0,0.0,47.0,0.0,1.0
05/30/2020,146.0,0.0,6.0,2.0,0.0,46.0,0.0,7.0,118.0,0.0,17.0,81.0,0.0,76.0,28.0,0.0,1.0,1934.0,3.0,8.0,2.0,2.0,14.0,0.0,0.0,11.0,4.0,1.0,422.0,22.0,1.0,269.0,37.0,0.0,225.0,397.0,64.0,42.0,5.0,57.0,26.0,46.0,12.0,1.0,0.0,29.0,61.0,22.0,0.0,0.0,39.0,0.0,46.0,0.0,1.0
05/31/2020,132.0,0.0,5.0,1.0,1.0,43.0,1.0,7.0,120.0,0.0,10.0,80.0,0.0,75.0,30.0,1.0,1.0,1908.0,4.0,8.0,0.0,1.0,11.0,0.0,0.0,9.0,2.0,0.0,407.0,18.0,1.0,294.0,34.0,0.0,209.0,398.0,69.0,45.0,4.0,56.0,26.0,38.0,13.0,1.0,0.0,29.0,49.0,33.0,0.0,1.0,36.0,0.0,46.0,0.0,1.0
06/01/2020,148.0,0.0,4.0,1.0,1.0,30.0,0.0,6.0,122.0,0.0,10.0,71.0,0.0,77.0,28.0,2.0,1.0,2018.0,3.0,5.0,0.0,1.0,8.0,0.0,0.0,9.0,2.0,1.0,405.0,17.0,0.0,307.0,32.0,0.0,217.0,397.0,74.0,48.0,6.0,46.0,29.0,40.0,4.0,1.0,3.0,37.0,67.0,33.0,0.0,1.0,35.0,0.0,45.0,0.0,1.0
06/02/2020,160.0,0.0,6.0,1.0,1.0,56.0,0.0,8.0,101.0,0.0,9.0,67.0,0.0,82.0,32.0,2.0,1.0,2027.0,10.0,11.0,0.0,1.0,6.0,0.0,0.0,12.0,2.0,1.0,398.0,27.0,0.0,305.0,42.0,0.0,226.0,369.0,71.0,52.0,4.0,59.0,28.0,49.0,5.0,1.0,3.0,32.0,72.0,36.0,0.0,2.0,34.0,0.0,46.0,0.0,1.0
06/03/2020,169.0,0.0,4.0,1.0,0.0,67.0,0.0,7.0,97.0,0.0,6.0,73.0,0.0,75.0,32.0,1.0,1.0,1990.0,0.0,11.0,0.0,1.0,4.0,0.0,0.0,12.0,2.0,0.0,376.0,34.0,0.0,322.0,52.0,0.0,232.0,370.0,71.0,60.0,3.0,66.0,25.0,57.0,3.0,1.0,1.0,23.0,79.0,41.0,0.0,2.0,39.0,0.0,43.0,0.0,2.0
06/04/2020,174.0,0.0,4.0,0.0,0.0,88.0,0.0,6.0,101.0,0.0,2.0,77.0,0.0,76.0,33.0,4.0,1.0,2048.0,2.0,10.0,0.0,1.0,7.0,0.0,0.0,14.0,3.0,0.0,410.0,46.0,0.0,317.0,61.0,0.0,238.0,379.0,62.0,55.0,2.0,53.0,38.0,75.0,5.0,2.0,1.0,31.0,58.0,45.0,0.0,1.0,41.0,1.0,50.0,0.0,3.0
06/05/2020,150.0,0.0,2.0,0.0,0.0,63.0,0.0,5.0,97.0,0.0,1.0,82.0,0.0,78.0,31.0,1.0,0.0,1998.0,5.0,11.0,0.0,1.0,5.0,0.0,0.0,15.0,3.0,2.0,395.0,32.0,0.0,326.0,72.0,0.0,243.0,368.0,64.0,59.0,6.0,54.0,37.0,75.0,5.0,0.0,1.0,33.0,72.0,39.0,0.0,0.0,41.0,1.0,50.0,0.0,3.0
06/06/2020,155.0,0.0,1.0,0.0,0.0,61.0,0.0,5.0,111.0,0.0,6.0,83.0,0.0,112.0,27.0,2.0,0.0,1981.0,8.0,9.0,0.0,1.0,5.0,0.0,0.0,13.0,4.0,2.0,376.0,34.0,0.0,309.0,61.0,0.0,254.0,361.0,65.0,64.0,7.0,58.0,33.0,73.0,4.0,0.0,1.0,28.0,75.0,35.0,0.0,0.0,35.0,0.0,61.0,0.0,5.0
06/07/2020,166.0,1.0,1.0,1.0,0.0,67.0,1.0,6.0,100.0,0.0,5.0,88.0,0.0,107.0,28.0,0.0,0.0,2011.0,11.0,7.0,0.0,1.0,7.0,0.0,0.0,13.0,3.0,1.0,399.0,34.0,0.0,296.0,59.0,0.0,221.0,359.0,48.0,63.0,5.0,57.0,23.0,69.0,4.0,0.0,0.0,30.0,71.0,37.0,0.0,0.0,28.0,0.0,71.0,2.0,5.0
06/08/2020,152.0,0.0,4.0,0.0,1.0,55.0,0.0,6.0,107.0,0.0,7.0,87.0,1.0,113.0,25.0,0.0,0.0,2053.0,9.0,2.0,0.0,1.0,8.0,0.0,0.0,12.0,7.0,2.0,391.0,22.0,0.0,328.0,61.0,0.0,251.0,371.0,43.0,70.0,3.0,39.0,28.0,61.0,2.0,1.0,0.0,28.0,79.0,39.0,0.0,3.0,36.0,0.0,69.0,1.0,5.0
06/09/2020,146.0,0.0,6.0,0.0,0.0,61.0,0.0,3.0,104.0,1.0,9.0,85.0,1.0,105.0,30.0,1.0,0.0,2111.0,11.0,10.0,0.0,1.0,4.0,0.0,0.0,13.0,6.0,3.0,384.0,22.0,0.0,333.0,52.0,0.0,276.0,373.0,49.0,76.0,5.0,44.0,32.0,59.0,4.0,1.0,1.0,42.0,75.0,42.0,0.0,2.0,44.0,0.0,87.0,1.0,4.0
06/10/2020,134.0,0.0,30.0,0.0,0.0,43.0,0.0,1.0,102.0,1.0,15.0,79.0,1.0,112.0,31.0,2.0,0.0,1953.0,11.0,11.0,0.0,1.0,7.0,0.0,0.0,16.0,6.0,2.0,384.0,23.0,0.0,333.0,62.0,0.0,247.0,362.0,50.0,83.0,5.0,40.0,31.0,62.0,6.0,1.0,0.0,33.0,62.0,41.0,0.0,1.0,43.0,1.0,100.0,0.0,6.0
06/11/2020,124.0,0.0,42.0,0.0,0.0,51.0,1.0,1.0,99.0,1.0,9.0,87.0,1.0,109.0,31.0,0.0,0.0,1973.0,11.0,10.0,0.0,0.0,5.0,0.0,1.0,17.0,3.0,2.0,392.0,18.0,0.0,306.0,62.0,0.0,271.0,352.0,51.0,67.0,5.0,33.0,37.0,57.0,6.0,2.0,0.0,31.0,27.0,47.0,0.0,0.0,41.0,0.0,90.0,1.0,6.0
06/12/2020,126.0,0.0,5.0,0.0,0.0,42.0,0.0,3.0,102.0,1.0,14.0,82.0,1.0,111.0,34.0,2.0,0.0,1870.0,9.0,11.0,0.0,0.0,6.0,0.0,0.0,15.0,8.0,0.0,428.0,15.0,0.0,319.0,67.0,0.0,283.0,316.0,52.0,68.0,5.0,32.0,34.0,60.0,10.0,1.0,1.0,27.0,42.0,68.0,1.0,0.0,25.0,0.0,109.0,0.0,6.0
06/13/2020,114.0,0.0,3.0,0.0,0.0,47.0,0.0,3.0,98.0,1.0,14.0,86.0,1.0,107.0,34.0,1.0,0.0,1768.0,8.0,12.0,0.0,0.0,4.0,0.0,0.0,18.0,5.0,0.0,406.0,13.0,0.0,336.0,51.0,0.0,285.0,342.0,50.0,71.0,8.0,27.0,42.0,49.0,9.0,1.0,1.0,22.0,11.0,62.0,0.0,1.0,36.0,0.0,94.0,0.0,6.0
06/14/2020,124.0,0.0,3.0,0.0,0.0,42.0,0.0,4.0,93.0,1.0,4.0,90.0,0.0,103.0,40.0,1.0,0.0,1797.0,5.0,11.0,0.0,0.0,4.0,0.0,0.0,15.0,3.0,1.0,421.0,13.0,0.0,320.0,51.0,0.0,295.0,366.0,49.0,74.0,12.0,29.0,41.0,54.0,9.0,0.0,1.0,21.0,34.0,56.0,0.0,0.0,40.0,0.0,89.0,0.0,7.0
06/15/2020,129.0,1.0,5.0,0.0,0.0,33.0,0.0,2.0,86.0,1.0,5.0,82.0,0.0,107.0,39.0,0.0,0.0,1956.0,7.0,9.0,0.0,1.0,3.0,0.0,0.0,16.0,6.0,2.0,425.0,13.0,0.0,335.0,48.0,0.0,295.0,360.0,45.0,59.0,4.0,22.0,49.0,54.0,5.0,0.0,0.0,23.0,36.0,61.0,0.0,0.0,49.0,0.0,83.0,0.0,6.0
06/16/2020,133.0,1.0,3.0,0.0,1.0,40.0,0.0,1.0,103.0,1.0,8.0,85.0,0.0,110.0,47.0,2.0,0.0,1947.0,8.0,9.0,0.0,0.0,8.0,0.0,0.0,17.0,10.0,1.0,429.0,18.0,0.0,341.0,57.0,0.0,293.0,343.0,42.0,61.0,13.0,28.0,50.0,48.0,4.0,0.0,1.0,25.0,18.0,64.0,0.0,0.0,53.0,0.0,92.0,1.0,6.0
06/17/2020,137.0,1.0,3.0,0.0,0.0,32.0,0.0,2.0,103.0,1.0,3.0,89.0,0.0,123.0,49.0,1.0,0.0,1958.0,7.0,8.0,0.0,0.0,10.0,0.0,0.0,17.0,9.0,2.0,425.0,16.0,0.0,379.0,52.0,0.0,297.0,343.0,44.0,61.0,7.0,20.0,48.0,55.0,7.0,0.0,4.0,19.0,19.0,74.0,0.0,2.0,49.0,0.0,101.0,2.0,5.0
06/18/2020,130.0,2.0,4.0,1.0,0.0,43.0,0.0,3.0,98.0,1.0,3.0,73.0,0.0,103.0,50.0,2.0,0.0,1900.0,16.0,6.0,0.0,0.0,17.0,0.0,0.0,21.0,7.0,3.0,422.0,19.0,0.0,421.0,47.0,0.0,313.0,351.0,45.0,76.0,8.0,24.0,48.0,49.0,4.0,1.0,1.0,29.0,16.0,93.0,0.0,2.0,51.0,0.0,77.0,3.0,4.0
06/19/2020,137.0,0.0,5.0,1.0,0.0,41.0,0.0,3.0,101.0,0.0,1.0,80.0,0.0,103.0,50.0,0.0,0.0,1920.0,11.0,5.0,0.0,4.0,10.0,0.0,0.0,19.0,11.0,5.0,410.0,22.0,0.0,386.0,54.0,0.0,318.0,359.0,39.0,74.0,7.0,20.0,50.0,60.0,8.0,1.0,1.0,24.0,8.0,93.0,0.0,4.0,50.0,0.0,81.0,2.0,4.0
06/20/2020,121.0,0.0,3.0,2.0,0.0,51.0,0.0,2.0,115.0,0.0,1.0,89.0,0.0,116.0,44.0,0.0,0.0,1969.0,10.0,5.0,0.0,0.0,10.0,0.0,0.0,19.0,10.0,6.0,446.0,21.0,0.0,366.0,53.0,0.0,330.0,330.0,56.0,87.0,9.0,21.0,57.0,55.0,7.0,1.0,1.0,32.0,5.0,97.0,0.0,4.0,49.0,0.0,73.0,3.0,3.0
06/21/2020,119.0,1.0,6.0,1.0,1.0,51.0,0.0,2.0,104.0,0.0,1.0,95.0,0.0,125.0,45.0,1.0,0.0,2001.0,7.0,11.0,0.0,0.0,12.0,0.0,0.0,18.0,8.0,7.0,446.0,20.0,0.0,405.0,61.0,0.0,344.0,326.0,44.0,102.0,6.0,27.0,54.0,61.0,9.0,3.0,1.0,29.0,7.0,91.0,0.0,3.0,54.0,0.0,88.0,4.0,3.0
06/22/2020,112.0,0.0,9.0,0.0,1.0,51.0,0.0,1.0,122.0,0.0,1.0,95.0,0.0,129.0,47.0,0.0,0.0,2090.0,7.0,13.0,0.0,0.0,9.0,0.0,0.0,21.0,10.0,6.0,466.0,20.0,0.0,423.0,54.0,0.0,385.0,346.0,47.0,141.0,7.0,23.0,58.0,64.0,10.0,2.0,1.0,26.0,7.0,92.0,0.0,2.0,57.0,0.0,105.0,1.0,4.0
06/23/2020,128.0,0.0,7.0,1.0,1.0,52.0,1.0,3.0,139.0,0.0,2.0,93.0,0.0,133.0,51.0,1.0,0.0,2259.0,7.0,14.0,0.0,0.0,12.0,0.0,0.0,23.0,14.0,5.0,485.0,13.0,0.0,434.0,65.0,0.0,441.0,370.0,53.0,109.0,7.0,27.0,61.0,72.0,9.0,3.0,1.0,26.0,14.0,98.0,0.0,1.0,61.0,1.0,94.0,1.0,7.0
06/24/2020,130.0,0.0,7.0,0.0,1.0,58.0,1.0,1.0,139.0,0.0,3.0,82.0,1.0,132.0,54.0,1.0,0.0,2283.0,13.0,16.0,0.0,0.0,17.0,0.0,0.0,25.0,7.0,3.0,543.0,16.0,0.0,437.0,77.0,0.0,432.0,383.0,55.0,122.0,11.0,29.0,57.0,78.0,9.0,3.0,1.0,28.0,8.0,102.0,0.0,2.0,59.0,0.0,86.0,5.0,5.0
06/25/2020,140.0,0.0,6.0,2.0,1.0,60.0,1.0,1.0,147.0,0.0,3.0,77.0,0.0,137.0,57.0,2.0,0.0,2237.0,13.0,16.0,0.0,0.0,14.0,0.0,0.0,24.0,5.0,4.0,546.0,16.0,0.0,460.0,97.0,0.0,436.0,425.0,54.0,137.0,8.0,27.0,59.0,82.0,13.0,5.0,1.0,29.0,11.0,114.0,0.0,2.0,59.0,1.0,98.0,6.0,6.0
06/26/2020,133.0,0.0,6.0,2.0,1.0,65.0,1.0,1.0,157.0,1.0,5.0,74.0,0.0,147.0,58.0,1.0,0.0,2296.0,13.0,21.0,0.0,0.0,15.0,1.0,0.0,19.0,7.0,6.0,560.0,13.0,0.0,474.0,83.0,0.0,446.0,427.0,68.0,152.0,8.0,21.0,59.0,82.0,14.0,6.0,0.0,33.0,12.0,122.0,0.0,1.0,66.0,1.0,100.0,6.0,6.0
06/27/2020,139.0,0.0,5.0,1.0,2.0,63.0,1.0,2.0,164.0,1.0,4.0,79.0,0.0,176.0,55.0,3.0,0.0,2316.0,22.0,14.0,0.0,0.0,15.0,0.0,0.0,21.0,8.0,4.0,595.0,14.0,0.0,485.0,94.0,0.0,432.0,437.0,72.0,154.0,11.0,27.0,65.0,95.0,15.0,5.0,0.0,36.0,13.0,129.0,0.0,1.0,61.0,2.0,106.0,6.0,6.0
06/28/2020,141.0,0.0,5.0,2.0,0.0,50.0,2.0,4.0,166.0,1.0,4.0,74.0,0.0,155.0,54.0,2.0,0.0,2465.0,16.0,19.0,0.0,0.0,19.0,0.0,0.0,26.0,10.0,4.0,595.0,18.0,0.0,482.0,106.0,0.0,459.0,458.0,69.0,160.0,10.0,32.0,69.0,105.0,19.0,10.0,0.0,35.0,12.0,136.0,0.0,4.0,71.0,1.0,98.0,4.0,7.0
06/29/2020,146.0,1.0,7.0,2.0,0.0,61.0,1.0,2.0,170.0,0.0,3.0,72.0,0.0,160.0,56.0,2.0,0.0,2511.0,15.0,29.0,0.0,0.0,18.0,0.0,0.0,35.0,10.0,7.0,624.0,22.0,0.0,507.0,130.0,0.0,478.0,493.0,79.0,159.0,15.0,41.0,70.0,105.0,16.0,12.0,0.0,44.0,12.0,142.0,0.0,5.0,80.0,1.0,111.0,4.0,8.0
06/30/2020,157.0,2.0,6.0,3.0,3.0,61.0,1.0,4.0,171.0,0.0,4.0,74.0,0.0,175.0,41.0,5.0,0.0,2538.0,10.0,29.0,0.0,0.0,16.0,0.0,0.0,41.0,9.0,7.0,662.0,24.0,0.0,531.0,127.0,1.0,491.0,453.0,80.0,196.0,12.0,47.0,70.0,93.0,16.0,12.0,0.0,46.0,15.0,170.0,0.0,0.0,79.0,1.0,119.0,5.0,5.0
07/01/2020,170.0,2.0,9.0,2.0,2.0,71.0,1.0,6.0,149.0,0.0,4.0,81.0,0.0,178.0,41.0,3.0,0.0,2580.0,22.0,32.0,0.0,0.0,26.0,2.0,0.0,43.0,8.0,6.0,705.0,33.0,0.0,547.0,136.0,1.0,516.0,462.0,85.0,163.0,14.0,55.0,66.0,100.0,10.0,8.0,0.0,57.0,17.0,182.0,0.0,0.0,83.0,3.0,117.0,5.0,9.0
07/02/2020,193.0,1.0,12.0,3.0,2.0,76.0,1.0,5.0,145.0,1.0,1.0,89.0,0.0,206.0,39.0,4.0,1.0,2612.0,18.0,30.0,0.0,0.0,23.0,0.0,0.0,37.0,9.0,6.0,716.0,39.0,0.0,576.0,149.0,1.0,529.0,459.0,82.0,193.0,15.0,56.0,70.0,107.0,13.0,8.0,0.0,48.0,15.0,209.0,0.0,0.0,79.0,4.0,122.0,9.0,11.0
07/03/2020,208.0,1.0,9.0,0.0,0.0,75.0,1.0,4.0,154.0,1.0,1.0,85.0,0.0,203.0,40.0,3.0,1.0,2643.0,19.0,31.0,0.0,0.0,26.0,0.0,0.0,36.0,8.0,5.0,744.0,45.0,0.0,571.0,144.0,1.0,539.0,435.0,85.0,206.0,11.0,60.0,75.0,100.0,17.0,9.0,0.0,47.0,18.0,210.0,0.0,0.0,78.0,1.0,123.0,9.0,10.0
07/04/2020,190.0,1.0,8.0,1.0,0.0,81.0,1.0,4.0,162.0,1.0,1.0,91.0,0.0,220.0,48.0,4.0,1.0,2574.0,27.0,30.0,0.0,1.0,24.0,0.0,0.0,39.0,7.0,7.0,772.0,46.0,0.0,600.0,167.0,1.0,557.0,445.0,82.0,194.0,12.0,50.0,76.0,101.0,15.0,9.0,0.0,45.0,26.0,222.0,0.0,0.0,80.0,1.0,104.0,9.0,12.0
07/05/2020,183.0,1.0,10.0,2.0,0.0,88.0,1.0,2.0,163.0,1.0,2.0,93.0,1.0,222.0,47.0,4.0,1.0,2645.0,21.0,40.0,0.0,0.0,24.0,0.0,0.0,40.0,7.0,9.0,792.0,41.0,0.0,614.0,169.0,0.0,565.0,441.0,84.0,188.0,17.0,53.0,73.0,110.0,19.0,7.0,1.0,47.0,30.0,213.0,0.0,0.0,80.0,0.0,103.0,8.0,16.0
07/06/2020,187.0,1.0,13.0,3.0,0.0,84.0,1.0,2.0,162.0,1.0,3.0,91.0,1.0,223.0,52.0,6.0,1.0,2670.0,32.0,39.0,0.0,0.0,24.0,0.0,0.0,37.0,7.0,6.0,839.0,41.0,1.0,658.0,172.0,0.0,574.0,456.0,80.0,242.0,13.0,55.0,80.0,104.0,13.0,6.0,0.0,43.0,33.0,206.0,0.0,0.0,86.0,1.0,120.0,9.0,21.0
07/07/2020,190.0,2.0,15.0,0.0,1.0,86.0,1.0,3.0,177.0,1.0,3.0,93.0,1.0,223.0,54.0,1.0,0.0,2829.0,28.0,44.0,0.0,0.0,23.0,0.0,0.0,39.0,8.0,2.0,817.0,55.0,1.0,651.0,173.0,1.0,579.0,479.0,88.0,209.0,19.0,60.0,89.0,114.0,16.0,5.0,0.0,44.0,33.0,215.0,0.0,0.0,85.0,2.0,116.0,8.0,22.0
07/08/2020,188.0,1.0,14.0,0.0,1.0,107.0,0.0,3.0,206.0,1.0,0.0,85.0,1.0,227.0,52.0,3.0,1.0,2817.0,33.0,43.0,0.0,0.0,22.0,0.0,0.0,44.0,8.0,2.0,815.0,56.0,0.0,664.0,177.0,2.0,599.0,483.0,88.0,244.0,18.0,60.0,86.0,125.0,18.0,7.0,0.0,45.0,35.0,215.0,0.0,0.0,80.0,3.0,111.0,11.0,20.0
07/09/2020,185.0,1.0,16.0,0.0,0.0,112.0,0.0,3.0,229.0,0.0,1.0,77.0,1.0,227.0,57.0,2.0,1.0,2849.0,30.0,38.0,0.0,0.0,33.0,0.0,0.0,47.0,9.0,3.0,800.0,48.0,0.0,690.0,181.0,3.0,600.0,489.0,94.0,244.0,15.0,58.0,82.0,135.0,16.0,6.0,0.0,47.0,30.0,228.0,0.0,0.0,74.0,0.0,103.0,15.0,17.0
07/10/2020,183.0,2.0,16.0,0.0,0.0,107.0,0.0,2.0,235.0,0.0,1.0,74.0,0.0,250.0,58.0,3.0,1.0,2777.0,41.0,36.0,0.0,2.0,38.0,0.0,0.0,48.0,7.0,2.0,785.0,49.0,0.0,681.0,176.0,4.0,642.0,490.0,97.0,244.0,17.0,62.0,81.0,142.0,17.0,6.0,2.0,46.0,36.0,231.0,0.0,0.0,71.0,2.0,105.0,15.0,20.0
07/11/2020,188.0,0.0,16.0,0.0,2.0,103.0,0.0,2.0,239.0,1.0,1.0,76.0,0.0,273.0,65.0,4.0,3.0,2769.0,36.0,35.0,0.0,2.0,34.0,0.0,0.0,42.0,8.0,2.0,786.0,61.0,0.0,647.0,180.0,3.0,652.0,466.0,97.0,232.0,11.0,59.0,81.0,141.0,17.0,5.0,1.0,52.0,33.0,218.0,1.0,0.0,77.0,1.0,100.0,11.0,21.0
07/12/2020,187.0,0.0,17.0,2.0,4.0,105.0,0.0,3.0,241.0,1.0,2.0,73.0,0.0,255.0,64.0,4.0,2.0,2773.0,35.0,30.0,0.0,2.0,38.0,0.0,0.0,43.0,8.0,1.0,758.0,63.0,0.0,635.0,200.0,2.0,669.0,467.0,94.0,237.0,13.0,65.0,84.0,149.0,17.0,3.0,2.0,51.0,34.0,230.0,2.0,0.0,89.0,2.0,109.0,11.0,19.0
07/13/2020,200.0,1.0,17.0,3.0,4.0,110.0,1.0,2.0,252.0,0.0,1.0,81.0,0.0,253.0,62.0,6.0,1.0,2805.0,38.0,29.0,0.0,0.0,34.0,1.0,0.0,51.0,11.0,3.0,795.0,67.0,0.0,662.0,201.0,2.0,680.0,458.0,109.0,247.0,14.0,82.0,88.0,166.0,20.0,4.0,2.0,55.0,38.0,240.0,1.0,0.0,92.0,1.0,124.0,12.0,19.0
07/14/2020,204.0,2.0,18.0,4.0,3.0,112.0,1.0,2.0,270.0,0.0,1.0,85.0,0.0,254.0,69.0,2.0,1.0,2899.0,40.0,34.0,0.0,0.0,37.0,0.0,0.0,50.0,8.0,2.0,809.0,72.0,0.0,716.0,195.0,2.0,676.0,482.0,105.0,236.0,10.0,77.0,91.0,169.0,20.0,5.0,4.0,52.0,41.0,238.0,1.0,0.0,89.0,3.0,120.0,22.0,20.0
07/15/2020,202.0,2.0,19.0,3.0,4.0,117.0,0.0,3.0,274.0,0.0,3.0,90.0,0.0,250.0,74.0,1.0,1.0,2851.0,32.0,30.0,0.0,2.0,36.0,1.0,0.0,52.0,9.0,7.0,813.0,69.0,0.0,682.0,204.0,1.0,656.0,500.0,108.0,274.0,11.0,77.0,86.0,183.0,13.0,5.0,3.0,50.0,43.0,235.0,1.0,0.0,92.0,2.0,151.0,21.0,20.0
07/16/2020,211.0,3.0,19.0,0.0,2.0,120.0,0.0,5.0,281.0,1.0,4.0,95.0,0.0,273.0,80.0,4.0,1.0,2907.0,24.0,29.0,0.0,5.0,36.0,0.0,0.0,54.0,8.0,1.0,801.0,81.0,0.0,675.0,218.0,1.0,676.0,498.0,107.0,233.0,12.0,80.0,84.0,183.0,12.0,3.0,3.0,56.0,46.0,253.0,1.0,0.0,93.0,3.0,135.0,14.0,19.0
07/17/2020,206.0,2.0,17.0,0.0,2.0,116.0,0.0,6.0,284.0,1.0,3.0,99.0,1.0,282.0,81.0,4.0,0.0,2876.0,40.0,33.0,0.0,10.0,33.0,0.0,1.0,46.0,5.0,2.0,784.0,76.0,0.0,694.0,222.0,2.0,680.0,509.0,105.0,232.0,20.0,80.0,88.0,184.0,21.0,5.0,2.0,57.0,59.0,267.0,1.0,0.0,83.0,5.0,138.0,17.0,21.0
07/18/2020,226.0,2.0,23.0,6.0,2.0,112.0,0.0,3.0,297.0,1.0,2.0,93.0,1.0,277.0,80.0,3.0,0.0,2840.0,36.0,33.0,0.0,10.0,35.0,0.0,1.0,44.0,12.0,3.0,729.0,70.0,0.0,677.0,223.0,3.0,699.0,487.0,107.0,237.0,14.0,84.0,91.0,194.0,20.0,4.0,2.0,57.0,50.0,257.0,0.0,0.0,86.0,5.0,123.0,19.0,18.0
07/19/2020,228.0,2.0,23.0,2.0,3.0,121.0,2.0,4.0,307.0,1.0,2.0,96.0,1.0,270.0,80.0,2.0,0.0,2834.0,48.0,35.0,0.0,11.0,36.0,0.0,1.0,45.0,6.0,3.0,747.0,64.0,0.0,668.0,241.0,3.0,674.0,482.0,109.0,248.0,17.0,80.0,88.0,204.0,22.0,4.0,2.0,59.0,50.0,248.0,0.0,0.0,92.0,5.0,118.0,13.0,18.0
07/20/2020,230.0,2.0,26.0,3.0,4.0,124.0,1.0,3.0,336.0,1.0,1.0,97.0,2.0,300.0,77.0,0.0,0.0,2877.0,43.0,33.0,0.0,10.0,47.0,0.0,1.0,44.0,10.0,2.0,773.0,73.0,0.0,707.0,245.0,2.0,676.0,499.0,105.0,270.0,15.0,82.0,96.0,209.0,20.0,4.0,2.0,58.0,56.0,261.0,0.0,0.0,96.0,4.0,126.0,12.0,16.0
07/21/2020,239.0,4.0,28.0,4.0,0.0,141.0,0.0,3.0,352.0,2.0,3.0,90.0,1.0,306.0,81.0,0.0,0.0,2830.0,58.0,37.0,0.0,8.0,51.0,0.0,1.0,48.0,10.0,3.0,773.0,86.0,3.0,688.0,269.0,4.0,724.0,485.0,121.0,260.0,17.0,80.0,94.0,216.0,33.0,3.0,0.0,56.0,58.0,266.0,0.0,0.0,104.0,3.0,135.0,18.0,24.0
07/22/2020,241.0,3.0,27.0,2.0,1.0,147.0,0.0,3.0,352.0,0.0,0.0,78.0,0.0,273.0,78.0,2.0,1.0,2470.0,70.0,35.0,0.0,5.0,57.0,0.0,1.0,43.0,15.0,3.0,751.0,88.0,0.0,673.0,293.0,2.0,688.0,433.0,113.0,267.0,17.0,83.0,92.0,217.0,14.0,4.0,0.0,67.0,49.0,284.0,0.0,0.0,111.0,6.0,139.0,14.0,25.0
07/23/2020,283.0,0.0,31.0,2.0,2.0,153.0,0.0,3.0,376.0,2.0,1.0,80.0,1.0,293.0,75.0,2.0,1.0,2598.0,64.0,31.0,0.0,6.0,57.0,0.0,1.0,42.0,16.0,4.0,711.0,87.0,0.0,661.0,309.0,3.0,704.0,442.0,114.0,247.0,16.0,80.0,84.0,223.0,37.0,4.0,0.0,77.0,65.0,287.0,0.0,0.0,115.0,3.0,136.0,16.0,26.0
07/24/2020,253.0,0.0,29.0,2.0,3.0,147.0,0.0,1.0,376.0,2.0,6.0,77.0,2.0,280.0,74.0,1.0,0.0,2628.0,66.0,25.0,0.0,6.0,51.0,0.0,1.0,49.0,12.0,2.0,776.0,81.0,0.0,598.0,280.0,6.0,715.0,420.0,110.0,260.0,15.0,75.0,85.0,226.0,39.0,5.0,0.0,68.0,56.0,245.0,0.0,0.0,115.0,5.0,139.0,12.0,25.0
07/25/2020,247.0,1.0,28.0,0.0,2.0,133.0,0.0,1.0,357.0,2.0,1.0,78.0,1.0,277.0,85.0,1.0,0.0,2552.0,64.0,23.0,0.0,7.0,53.0,0.0,1.0,47.0,17.0,2.0,754.0,92.0,0.0,610.0,285.0,6.0,738.0,442.0,118.0,249.0,18.0,82.0,82.0,232.0,39.0,5.0,0.0,59.0,66.0,248.0,0.0,0.0,114.0,2.0,123.0,12.0,24.0
07/26/2020,257.0,2.0,23.0,1.0,2.0,130.0,0.0,3.0,364.0,2.0,3.0,77.0,1.0,281.0,86.0,0.0,0.0,2621.0,64.0,23.0,0.0,8.0,64.0,0.0,1.0,42.0,15.0,3.0,707.0,86.0,0.0,630.0,293.0,6.0,713.0,458.0,117.0,263.0,17.0,79.0,85.0,217.0,33.0,7.0,3.0,64.0,61.0,248.0,0.0,0.0,102.0,2.0,114.0,13.0,28.0
07/27/2020,249.0,3.0,26.0,2.0,0.0,136.0,0.0,3.0,345.0,2.0,3.0,82.0,1.0,275.0,86.0,2.0,0.0,2599.0,60.0,25.0,0.0,8.0,64.0,0.0,2.0,39.0,13.0,1.0,685.0,97.0,1.0,609.0,303.0,6.0,688.0,432.0,118.0,260.0,15.0,86.0,87.0,223.0,33.0,8.0,3.0,65.0,59.0,250.0,0.0,0.0,107.0,1.0,115.0,13.0,27.0
07/28/2020,256.0,4.0,28.0,1.0,0.0,147.0,0.0,1.0,333.0,2.0,5.0,77.0,1.0,279.0,75.0,1.0,0.0,2597.0,53.0,23.0,0.0,6.0,53.0,0.0,1.0,44.0,13.0,2.0,707.0,91.0,1.0,632.0,314.0,7.0,710.0,502.0,123.0,271.0,17.0,74.0,96.0,224.0,19.0,10.0,1.0,60.0,71.0,230.0,0.0,0.0,112.0,1.0,132.0,12.0,20.0
07/29/2020,262.0,5.0,27.0,1.0,1.0,145.0,0.0,3.0,328.0,2.0,3.0,67.0,1.0,230.0,71.0,0.0,0.0,2568.0,60.0,23.0,0.0,6.0,50.0,0.0,1.0,54.0,10.0,2.0,677.0,87.0,0.0,579.0,339.0,4.0,650.0,448.0,123.0,274.0,21.0,79.0,92.0,241.0,22.0,10.0,1.0,61.0,71.0,248.0,0.0,0.0,107.0,1.0,113.0,11.0,19.0
07/30/2020,245.0,5.0,31.0,0.0,3.0,144.0,0.0,1.0,353.0,2.0,1.0,56.0,0.0,247.0,74.0,0.0,0.0,2457.0,61.0,25.0,0.0,5.0,52.0,0.0,1.0,56.0,12.0,2.0,655.0,96.0,0.0,545.0,329.0,3.0,677.0,420.0,119.0,267.0,18.0,68.0,90.0,224.0,27.0,10.0,4.0,54.0,60.0,248.0,0.0,1.0,99.0,3.0,119.0,11.0,17.0
07/31/2020,251.0,5.0,26.0,0.0,2.0,152.0,1.0,4.0,343.0,2.0,4.0,50.0,0.0,256.0,72.0,2.0,2.0,2372.0,67.0,30.0,0.0,8.0,51.0,0.0,1.0,47.0,14.0,5.0,584.0,89.0,0.0,541.0,306.0,1.0,650.0,381.0,121.0,260.0,17.0,64.0,89.0,231.0,21.0,8.0,4.0,59.0,53.0,263.0,1.0,2.0,105.0,2.0,125.0,7.0,21.0
08/01/2020,248.0,6.0,31.0,0.0,3.0,148.0,0.0,4.0,332.0,2.0,4.0,48.0,0.0,249.0,72.0,1.0,2.0,2341.0,61.0,34.0,0.0,8.0,52.0,0.0,1.0,44.0,10.0,5.0,618.0,92.0,0.0,546.0,302.0,4.0,652.0,384.0,119.0,269.0,18.0,64.0,87.0,216.0,21.0,8.0,3.0,66.0,56.0,253.0,1.0,2.0,117.0,2.0,125.0,9.0,21.0
08/02/2020,236.0,12.0,28.0,0.0,1.0,140.0,0.0,2.0,328.0,2.0,4.0,53.0,3.0,333.0,74.0,2.0,1.0,2263.0,55.0,29.0,0.0,12.0,55.0,0.0,1.0,47.0,7.0,0.0,605.0,96.0,0.0,512.0,295.0,3.0,642.0,375.0,109.0,258.0,16.0,67.0,94.0,221.0,21.0,8.0,3.0,61.0,59.0,252.0,0.0,0.0,108.0,2.0,119.0,8.0,23.0
08/03/2020,242.0,11.0,26.0,0.0,1.0,139.0,1.0,3.0,336.0,2.0,2.0,56.0,3.0,246.0,71.0,0.0,1.0,2309.0,60.0,28.0,0.0,10.0,58.0,0.0,0.0,50.0,16.0,2.0,605.0,90.0,0.0,543.0,308.0,3.0,637.0,361.0,104.0,253.0,12.0,73.0,89.0,202.0,26.0,7.0,1.0,56.0,58.0,258.0,0.0,1.0,110.0,3.0,129.0,7.0,21.0
08/04/2020,250.0,10.0,23.0,2.0,5.0,136.0,0.0,3.0,336.0,2.0,2.0,47.0,1.0,233.0,70.0,1.0,0.0,2297.0,49.0,26.0,0.0,12.0,51.0,0.0,0.0,52.0,10.0,2.0,580.0,103.0,0.0,511.0,310.0,3.0,599.0,404.0,104.0,281.0,16.0,66.0,84.0,200.0,21.0,5.0,1.0,53.0,57.0,271.0,0.0,4.0,118.0,3.0,110.0,6.0,22.0
08/05/2020,246.0,6.0,29.0,4.0,5.0,126.0,0.0,3.0,336.0,2.0,1.0,47.0,1.0,229.0,74.0,2.0,0.0,2282.0,50.0,23.0,0.0,13.0,51.0,0.0,1.0,53.0,8.0,3.0,592.0,106.0,0.0,508.0,310.0,2.0,617.0,371.0,94.0,254.0,17.0,62.0,84.0,199.0,18.0,7.0,0.0,60.0,48.0,280.0,0.0,2.0,104.0,3.0,117.0,10.0,25.0
08/06/2020,225.0,8.0,24.0,3.0,5.0,133.0,5.0,3.0,335.0,2.0,2.0,49.0,1.0,229.0,73.0,2.0,0.0,2191.0,50.0,27.0,0.0,14.0,58.0,0.0,1.0,52.0,9.0,2.0,558.0,99.0,0.0,515.0,309.0,3.0,601.0,342.0,94.0,222.0,14.0,61.0,88.0,196.0,25.0,7.0,1.0,55.0,51.0,274.0,2.0,0.0,101.0,4.0,114.0,10.0,28.0
08/07/2020,214.0,7.0,20.0,2.0,7.0,127.0,5.0,3.0,324.0,2.0,7.0,48.0,2.0,229.0,71.0,4.0,0.0,2046.0,50.0,26.0,0.0,17.0,59.0,0.0,1.0,51.0,10.0,2.0,542.0,102.0,0.0,487.0,333.0,2.0,553.0,346.0,90.0,185.0,16.0,58.0,86.0,190.0,18.0,6.0,1.0,57.0,38.0,255.0,2.0,0.0,105.0,10.0,104.0,6.0,30.0
08/08/2020,208.0,8.0,23.0,3.0,8.0,119.0,2.0,5.0,327.0,2.0,6.0,48.0,1.0,233.0,63.0,1.0,0.0,2027.0,65.0,19.0,1.0,13.0,57.0,0.0,1.0,48.0,6.0,3.0,550.0,93.0,0.0,450.0,325.0,3.0,554.0,323.0,88.0,178.0,16.0,61.0,92.0,203.0,20.0,4.0,1.0,57.0,49.0,245.0,2.0,0.0,95.0,4.0,105.0,8.0,26.0
08/09/2020,214.0,9.0,21.0,4.0,7.0,141.0,1.0,3.0,315.0,2.0,7.0,48.0,2.0,229.0,59.0,2.0,0.0,1992.0,54.0,17.0,1.0,14.0,52.0,0.0,1.0,49.0,10.0,3.0,521.0,90.0,0.0,454.0,326.0,4.0,553.0,324.0,98.0,188.0,21.0,56.0,82.0,211.0,23.0,4.0,1.0,57.0,44.0,226.0,2.0,0.0,89.0,0.0,102.0,9.0,28.0
08/10/2020,204.0,8.0,19.0,4.0,7.0,129.0,2.0,4.0,310.0,2.0,8.0,39.0,4.0,226.0,58.0,2.0,0.0,1984.0,53.0,20.0,0.0,15.0,51.0,0.0,1.0,49.0,10.0,5.0,512.0,99.0,0.0,450.0,313.0,6.0,549.0,324.0,96.0,178.0,22.0,60.0,87.0,205.0,21.0,3.0,1.0,53.0,43.0,270.0,2.0,0.0,105.0,1.0,112.0,8.0,25.0
08/11/2020,223.0,9.0,18.0,3.0,7.0,122.0,3.0,2.0,304.0,2.0,5.0,37.0,3.0,215.0,59.0,2.0,0.0,1951.0,55.0,14.0,0.0,14.0,45.0,0.0,1.0,59.0,8.0,4.0,506.0,91.0,1.0,436.0,291.0,5.0,528.0,336.0,102.0,181.0,21.0,61.0,89.0,195.0,21.0,4.0,0.0,52.0,53.0,262.0,4.0,0.0,94.0,1.0,113.0,9.0,26.0
08/12/2020,218.0,5.0,18.0,2.0,7.0,128.0,2.0,2.0,299.0,2.0,5.0,41.0,3.0,202.0,51.0,1.0,0.0,1887.0,46.0,15.0,0.0,16.0,44.0,0.0,1.0,50.0,6.0,7.0,480.0,96.0,0.0,391.0,291.0,6.0,549.0,320.0,113.0,172.0,23.0,63.0,79.0,192.0,24.0,4.0,1.0,46.0,48.0,234.0,2.0,0.0,90.0,2.0,105.0,8.0,27.0
08/13/2020,205.0,7.0,21.0,13.0,5.0,112.0,1.0,2.0,287.0,2.0,6.0,35.0,5.0,188.0,51.0,0.0,0.0,1913.0,40.0,10.0,0.0,15.0,45.0,0.0,1.0,57.0,6.0,5.0,486.0,76.0,0.0,403.0,269.0,8.0,551.0,309.0,110.0,159.0,18.0,66.0,72.0,191.0,23.0,6.0,1.0,49.0,46.0,262.0,0.0,0.0,90.0,2.0,105.0,5.0,25.0
08/14/2020,210.0,8.0,20.0,4.0,6.0,116.0,4.0,1.0,272.0,2.0,6.0,37.0,4.0,186.0,42.0,0.0,1.0,1913.0,47.0,19.0,0.0,13.0,44.0,0.0,1.0,50.0,8.0,2.0,494.0,75.0,0.0,410.0,280.0,9.0,536.0,300.0,107.0,166.0,20.0,68.0,67.0,180.0,21.0,7.0,1.0,55.0,54.0,243.0,1.0,0.0,82.0,3.0,100.0,4.0,28.0
08/15/2020,229.0,7.0,20.0,2.0,2.0,119.0,1.0,2.0,275.0,2.0,8.0,37.0,3.0,186.0,45.0,1.0,1.0,1914.0,54.0,19.0,0.0,11.0,34.0,0.0,1.0,53.0,10.0,2.0,495.0,80.0,0.0,384.0,294.0,9.0,541.0,273.0,118.0,164.0,21.0,74.0,66.0,178.0,18.0,9.0,0.0,45.0,51.0,247.0,1.0,0.0,71.0,3.0,98.0,4.0,27.0
08/16/2020,244.0,7.0,21.0,3.0,3.0,129.0,1.0,2.0,274.0,2.0,6.0,36.0,3.0,181.0,45.0,1.0,0.0,1907.0,50.0,18.0,0.0,9.0,36.0,0.0,0.0,56.0,8.0,2.0,478.0,83.0,0.0,393.0,299.0,9.0,527.0,290.0,108.0,172.0,25.0,71.0,60.0,184.0,22.0,9.0,0.0,46.0,55.0,251.0,1.0,0.0,70.0,3.0,99.0,5.0,28.0
08/17/2020,257.0,7.0,22.0,3.0,2.0,126.0,0.0,0.0,275.0,2.0,4.0,37.0,4.0,183.0,45.0,1.0,0.0,1896.0,38.0,17.0,0.0,9.0,34.0,0.0,0.0,63.0,6.0,3.0,491.0,90.0,0.0,400.0,294.0,9.0,521.0,303.0,109.0,169.0,23.0,71.0,62.0,188.0,27.0,8.0,0.0,45.0,52.0,261.0,1.0,0.0,71.0,1.0,96.0,6.0,28.0
08/18/2020,250.0,6.0,24.0,5.0,3.0,130.0,0.0,1.0,260.0,2.0,7.0,35.0,5.0,169.0,43.0,2.0,0.0,1969.0,40.0,19.0,0.0,9.0,39.0,0.0,0.0,59.0,6.0,2.0,495.0,98.0,0.0,409.0,305.0,11.0,529.0,325.0,132.0,172.0,17.0,68.0,70.0,184.0,20.0,6.0,0.0,49.0,48.0,241.0,1.0,0.0,63.0,1.0,116.0,8.0,26.0
08/19/2020,258.0,4.0,23.0,4.0,4.0,117.0,0.0,1.0,273.0,2.0,2.0,28.0,4.0,179.0,42.0,1.0,0.0,1898.0,36.0,17.0,0.0,6.0,39.0,0.0,0.0,51.0,6.0,1.0,459.0,94.0,0.0,388.0,286.0,9.0,500.0,280.0,133.0,174.0,19.0,60.0,61.0,184.0,25.0,6.0,0.0,46.0,46.0,222.0,2.0,0.0,63.0,1.0,125.0,7.0,26.0
08/20/2020,254.0,4.0,25.0,5.0,5.0,120.0,3.0,3.0,273.0,2.0,2.0,29.0,2.0,183.0,44.0,0.0,0.0,1789.0,38.0,19.0,1.0,5.0,34.0,0.0,0.0,46.0,3.0,3.0,443.0,92.0,0.0,375.0,278.0,8.0,461.0,284.0,125.0,178.0,19.0,65.0,63.0,185.0,18.0,5.0,0.0,48.0,46.0,220.0,2.0,0.0,66.0,1.0,130.0,10.0,25.0
08/21/2020,260.0,4.0,19.0,6.0,4.0,116.0,3.0,3.0,283.0,2.0,7.0,29.0,1.0,163.0,39.0,2.0,0.0,1726.0,42.0,16.0,1.0,5.0,33.0,0.0,0.0,50.0,3.0,4.0,448.0,77.0,0.0,352.0,269.0,8.0,446.0,286.0,118.0,164.0,16.0,66.0,59.0,178.0,18.0,5.0,0.0,46.0,44.0,234.0,1.0,0.0,61.0,2.0,118.0,10.0,26.0
08/22/2020,248.0,4.0,24.0,6.0,2.0,118.0,2.0,2.0,275.0,2.0,5.0,31.0,0.0,163.0,39.0,0.0,0.0,1701.0,37.0,19.0,0.0,3.0,33.0,0.0,0.0,47.0,5.0,5.0,426.0,68.0,0.0,319.0,270.0,7.0,419.0,271.0,109.0,150.0,16.0,67.0,58.0,170.0,14.0,8.0,0.0,41.0,49.0,223.0,1.0,0.0,66.0,1.0,117.0,6.0,18.0
08/23/2020,233.0,3.0,21.0,7.0,1.0,111.0,0.0,1.0,273.0,2.0,5.0,34.0,0.0,154.0,38.0,1.0,0.0,1667.0,44.0,19.0,0.0,3.0,31.0,0.0,0.0,43.0,5.0,5.0,446.0,62.0,0.0,340.0,251.0,6.0,427.0,289.0,109.0,160.0,16.0,65.0,60.0,169.0,13.0,7.0,0.0,45.0,49.0,207.0,1.0,0.0,57.0,1.0,111.0,7.0,19.0
08/24/2020,227.0,4.0,24.0,6.0,1.0,110.0,2.0,1.0,272.0,2.0,5.0,33.0,0.0,161.0,35.0,0.0,0.0,1636.0,30.0,17.0,0.0,2.0,30.0,0.0,0.0,41.0,6.0,5.0,459.0,72.0,0.0,318.0,256.0,7.0,402.0,309.0,117.0,153.0,13.0,70.0,58.0,163.0,21.0,7.0,0.0,41.0,46.0,213.0,0.0,0.0,57.0,2.0,101.0,8.0,18.0
08/25/2020,229.0,3.0,18.0,8.0,4.0,103.0,0.0,2.0,256.0,2.0,1.0,35.0,0.0,158.0,35.0,2.0,0.0,1685.0,31.0,19.0,0.0,3.0,25.0,0.0,0.0,42.0,6.0,2.0,467.0,67.0,0.0,309.0,255.0,6.0,380.0,323.0,108.0,153.0,13.0,61.0,60.0,160.0,17.0,5.0,0.0,37.0,49.0,211.0,0.0,0.0,56.0,2.0,102.0,7.0,20.0
08/26/2020,238.0,2.0,21.0,5.0,3.0,109.0,0.0,2.0,257.0,2.0,2.0,33.0,0.0,142.0,35.0,2.0,0.0,1634.0,35.0,19.0,0.0,3.0,27.0,0.0,0.0,40.0,7.0,2.0,423.0,54.0,0.0,321.0,254.0,4.0,367.0,316.0,99.0,161.0,18.0,61.0,43.0,161.0,18.0,4.0,0.0,39.0,43.0,190.0,0.0,0.0,67.0,2.0,105.0,7.0,20.0
08/27/2020,245.0,4.0,19.0,4.0,10.0,121.0,0.0,3.0,249.0,2.0,3.0,33.0,0.0,150.0,33.0,2.0,0.0,1565.0,44.0,19.0,0.0,5.0,26.0,0.0,0.0,39.0,6.0,2.0,400.0,59.0,0.0,310.0,237.0,3.0,361.0,299.0,91.0,158.0,17.0,60.0,42.0,158.0,15.0,4.0,0.0,35.0,44.0,205.0,0.0,0.0,54.0,2.0,102.0,6.0,21.0
08/28/2020,248.0,4.0,19.0,2.0,12.0,120.0,0.0,0.0,228.0,0.0,2.0,32.0,0.0,134.0,32.0,3.0,0.0,1512.0,37.0,15.0,0.0,5.0,26.0,0.0,0.0,31.0,3.0,2.0,387.0,62.0,0.0,297.0,230.0,2.0,354.0,282.0,92.0,144.0,16.0,53.0,53.0,154.0,15.0,3.0,0.0,36.0,47.0,190.0,1.0,0.0,55.0,2.0,95.0,6.0,20.0
08/29/2020,232.0,1.0,17.0,3.0,11.0,105.0,1.0,1.0,225.0,0.0,2.0,31.0,0.0,124.0,32.0,1.0,0.0,1458.0,36.0,14.0,0.0,2.0,27.0,0.0,0.0,31.0,3.0,2.0,377.0,61.0,0.0,305.0,245.0,2.0,334.0,303.0,85.0,133.0,15.0,53.0,48.0,166.0,17.0,4.0,0.0,40.0,39.0,184.0,1.0,0.0,53.0,2.0,92.0,5.0,20.0
08/30/2020,220.0,1.0,18.0,4.0,11.0,105.0,0.0,1.0,224.0,0.0,2.0,28.0,0.0,119.0,32.0,0.0,0.0,1443.0,37.0,15.0,0.0,2.0,26.0,0.0,0.0,35.0,4.0,4.0,378.0,59.0,0.0,281.0,227.0,2.0,337.0,305.0,80.0,116.0,13.0,57.0,40.0,164.0,14.0,3.0,0.0,40.0,36.0,171.0,1.0,0.0,52.0,2.0,102.0,5.0,13.0
08/31/2020,219.0,1.0,18.0,3.0,11.0,109.0,0.0,0.0,209.0,0.0,1.0,27.0,0.0,128.0,40.0,0.0,0.0,1463.0,41.0,15.0,0.0,2.0,28.0,0.0,0.0,30.0,1.0,6.0,368.0,61.0,0.0,270.0,243.0,2.0,355.0,306.0,86.0,116.0,14.0,55.0,47.0,160.0,13.0,2.0,0.0,38.0,41.0,189.0,1.0,0.0,51.0,1.0,80.0,6.0,12.0
09/01/2020,210.0,2.0,17.0,4.0,7.0,98.0,0.0,2.0,206.0,0.0,3.0,29.0,1.0,127.0,38.0,1.0,0.0,1488.0,37.0,14.0,0.0,4.0,27.0,0.0,0.0,29.0,3.0,2.0,359.0,63.0,0.0,264.0,234.0,4.0,349.0,307.0,93.0,115.0,13.0,52.0,43.0,159.0,16.0,3.0,0.0,38.0,37.0,178.0,2.0,0.0,52.0,2.0,99.0,7.0,13.0
09/02/2020,191.0,3.0,18.0,6.0,1.0,94.0,0.0,1.0,188.0,0.0,3.0,29.0,1.0,126.0,31.0,0.0,0.0,1378.0,34.0,15.0,0.0,4.0,28.0,0.0,0.0,30.0,1.0,2.0,332.0,58.0,0.0,256.0,222.0,2.0,323.0,290.0,82.0,125.0,14.0,47.0,44.0,158.0,15.0,4.0,0.0,38.0,37.0,165.0,2.0,0.0,54.0,3.0,91.0,8.0,17.0
09/03/2020,201.0,2.0,21.0,5.0,1.0,84.0,0.0,2.0,181.0,0.0,1.0,27.0,0.0,125.0,32.0,0.0,0.0,1346.0,37.0,19.0,0.0,4.0,30.0,0.0,0.0,28.0,5.0,1.0,308.0,65.0,0.0,222.0,222.0,2.0,295.0,289.0,74.0,112.0,10.0,41.0,47.0,152.0,16.0,4.0,0.0,45.0,35.0,158.0,2.0,0.0,51.0,2.0,76.0,8.0,13.0
09/04/2020,177.0,2.0,15.0,5.0,2.0,87.0,0.0,1.0,176.0,0.0,2.0,25.0,1.0,99.0,35.0,1.0,0.0,1321.0,33.0,15.0,0.0,4.0,23.0,0.0,0.0,29.0,4.0,3.0,328.0,57.0,0.0,216.0,210.0,3.0,283.0,278.0,65.0,101.0,10.0,42.0,43.0,133.0,10.0,6.0,0.0,40.0,43.0,159.0,2.0,0.0,48.0,1.0,80.0,8.0,16.0
09/05/2020,187.0,1.0,16.0,6.0,1.0,99.0,1.0,0.0,173.0,0.0,2.0,27.0,0.0,87.0,33.0,1.0,0.0,1304.0,36.0,20.0,0.0,4.0,29.0,0.0,0.0,29.0,5.0,0.0,307.0,63.0,0.0,220.0,204.0,1.0,282.0,260.0,57.0,104.0,7.0,43.0,48.0,141.0,11.0,4.0,0.0,45.0,41.0,162.0,2.0,0.0,56.0,1.0,77.0,10.0,19.0
09/06/2020,189.0,2.0,21.0,4.0,1.0,92.0,1.0,0.0,170.0,0.0,2.0,31.0,0.0,92.0,36.0,1.0,0.0,1314.0,36.0,21.0,0.0,5.0,33.0,0.0,0.0,29.0,9.0,2.0,302.0,67.0,0.0,230.0,203.0,1.0,267.0,266.0,74.0,95.0,10.0,46.0,51.0,134.0,14.0,3.0,0.0,40.0,51.0,165.0,2.0,0.0,59.0,0.0,85.0,10.0,19.0
09/07/2020,205.0,2.0,23.0,2.0,0.0,82.0,0.0,0.0,169.0,0.0,2.0,30.0,0.0,97.0,34.0,0.0,0.0,1350.0,31.0,17.0,0.0,4.0,28.0,0.0,0.0,28.0,7.0,2.0,289.0,65.0,0.0,243.0,182.0,1.0,266.0,283.0,78.0,99.0,12.0,54.0,43.0,133.0,15.0,3.0,0.0,36.0,47.0,180.0,1.0,0.0,59.0,0.0,79.0,8.0,18.0
09/08/2020,204.0,1.0,25.0,6.0,2.0,91.0,0.0,0.0,168.0,0.0,4.0,22.0,0.0,98.0,38.0,2.0,0.0,1355.0,33.0,17.0,0.0,5.0,22.0,0.0,0.0,32.0,4.0,2.0,294.0,62.0,0.0,261.0,203.0,0.0,275.0,278.0,82.0,107.0,15.0,70.0,39.0,137.0,16.0,3.0,0.0,43.0,42.0,194.0,1.0,0.0,66.0,1.0,80.0,8.0,17.0
09/09/2020,189.0,2.0,21.0,5.0,4.0,81.0,0.0,0.0,157.0,0.0,4.0,24.0,0.0,102.0,37.0,1.0,0.0,1254.0,28.0,19.0,0.0,1.0,19.0,0.0,0.0,28.0,6.0,2.0,309.0,50.0,0.0,238.0,190.0,0.0,270.0,309.0,84.0,93.0,9.0,76.0,39.0,141.0,15.0,3.0,0.0,39.0,34.0,159.0,1.0,0.0,65.0,1.0,87.0,9.0,20.0
09/10/2020,183.0,2.0,17.0,7.0,2.0,83.0,0.0,1.0,143.0,0.0,5.0,22.0,0.0,85.0,32.0,2.0,0.0,1219.0,24.0,16.0,0.0,2.0,22.0,0.0,0.0,28.0,5.0,3.0,277.0,59.0,0.0,231.0,183.0,0.0,259.0,285.0,89.0,84.0,10.0,51.0,39.0,132.0,15.0,3.0,1.0,35.0,34.0,155.0,1.0,0.0,59.0,1.0,90.0,8.0,19.0
09/11/2020,178.0,2.0,11.0,3.0,3.0,93.0,0.0,2.0,127.0,0.0,3.0,25.0,0.0,83.0,31.0,1.0,0.0,1158.0,25.0,11.0,0.0,3.0,16.0,0.0,0.0,29.0,5.0,3.0,262.0,52.0,0.0,232.0,161.0,0.0,250.0,287.0,92.0,83.0,10.0,48.0,37.0,132.0,16.0,3.0,1.0,33.0,35.0,163.0,2.0,0.0,50.0,1.0,80.0,5.0,21.0
09/12/2020,168.0,1.0,12.0,5.0,3.0,88.0,0.0,2.0,137.0,0.0,3.0,27.0,0.0,81.0,23.0,1.0,0.0,1150.0,28.0,11.0,0.0,4.0,16.0,0.0,0.0,28.0,6.0,3.0,238.0,60.0,0.0,200.0,175.0,1.0,226.0,277.0,87.0,76.0,10.0,56.0,31.0,126.0,16.0,3.0,1.0,34.0,37.0,148.0,2.0,0.0,49.0,2.0,63.0,4.0,22.0
09/13/2020,162.0,0.0,15.0,2.0,3.0,91.0,2.0,2.0,122.0,0.0,2.0,22.0,0.0,73.0,27.0,1.0,0.0,1102.0,25.0,16.0,0.0,3.0,14.0,0.0,0.0,28.0,8.0,4.0,238.0,49.0,0.0,200.0,167.0,2.0,217.0,286.0,94.0,87.0,8.0,55.0,33.0,129.0,17.0,3.0,1.0,38.0,39.0,146.0,2.0,0.0,47.0,1.0,59.0,4.0,19.0
09/14/2020,155.0,0.0,14.0,2.0,3.0,92.0,1.0,1.0,146.0,0.0,4.0,21.0,1.0,81.0,26.0,1.0,0.0,1147.0,25.0,17.0,0.0,5.0,12.0,0.0,0.0,28.0,9.0,5.0,252.0,51.0,0.0,204.0,155.0,1.0,239.0,273.0,90.0,82.0,9.0,50.0,32.0,123.0,18.0,2.0,0.0,41.0,38.0,143.0,2.0,0.0,46.0,1.0,64.0,4.0,19.0
09/15/2020,154.0,0.0,10.0,2.0,3.0,77.0,0.0,0.0,137.0,0.0,3.0,22.0,0.0,77.0,26.0,0.0,0.0,1128.0,30.0,11.0,0.0,5.0,16.0,0.0,0.0,29.0,6.0,4.0,258.0,43.0,0.0,217.0,161.0,1.0,237.0,275.0,81.0,80.0,13.0,52.0,31.0,118.0,19.0,2.0,1.0,39.0,35.0,138.0,1.0,0.0,53.0,1.0,67.0,3.0,19.0
09/16/2020,147.0,0.0,11.0,1.0,3.0,81.0,0.0,0.0,126.0,0.0,3.0,23.0,0.0,73.0,20.0,0.0,0.0,1118.0,29.0,16.0,0.0,7.0,15.0,0.0,0.0,31.0,6.0,3.0,251.0,44.0,0.0,218.0,143.0,1.0,245.0,284.0,78.0,72.0,12.0,53.0,25.0,118.0,18.0,2.0,1.0,38.0,34.0,131.0,1.0,0.0,53.0,1.0,61.0,3.0,21.0
09/17/2020,135.0,0.0,9.0,0.0,4.0,80.0,0.0,0.0,131.0,0.0,4.0,20.0,0.0,76.0,23.0,2.0,0.0,1072.0,29.0,19.0,0.0,7.0,11.0,0.0,0.0,30.0,7.0,2.0,260.0,54.0,0.0,210.0,141.0,2.0,223.0,276.0,86.0,73.0,14.0,49.0,30.0,130.0,18.0,2.0,1.0,46.0,31.0,119.0,1.0,0.0,47.0,1.0,66.0,5.0,24.0
09/18/2020,138.0,0.0,15.0,1.0,3.0,74.0,0.0,0.0,114.0,0.0,4.0,19.0,0.0,70.0,24.0,1.0,0.0,1128.0,25.0,11.0,0.0,5.0,11.0,0.0,0.0,35.0,5.0,3.0,252.0,54.0,0.0,199.0,151.0,3.0,216.0,249.0,76.0,64.0,12.0,48.0,28.0,133.0,17.0,4.0,1.0,37.0,27.0,120.0,1.0,0.0,44.0,1.0,61.0,4.0,22.0
09/19/2020,143.0,0.0,17.0,0.0,5.0,76.0,0.0,0.0,115.0,0.0,4.0,18.0,0.0,76.0,20.0,2.0,0.0,1077.0,25.0,12.0,0.0,5.0,9.0,0.0,0.0,34.0,4.0,3.0,237.0,54.0,0.0,192.0,148.0,3.0,221.0,253.0,67.0,67.0,12.0,45.0,26.0,131.0,17.0,3.0,1.0,37.0,28.0,112.0,2.0,0.0,44.0,1.0,59.0,5.0,22.0
09/20/2020,144.0,1.0,13.0,0.0,6.0,76.0,1.0,0.0,105.0,0.0,4.0,20.0,0.0,71.0,19.0,2.0,0.0,1113.0,27.0,12.0,0.0,4.0,9.0,0.0,0.0,35.0,4.0,4.0,237.0,50.0,0.0,186.0,150.0,4.0,218.0,267.0,73.0,64.0,7.0,42.0,26.0,135.0,17.0,3.0,1.0,36.0,27.0,113.0,3.0,0.0,47.0,0.0,57.0,6.0,20.0
09/21/2020,130.0,1.0,13.0,0.0,6.0,74.0,0.0,0.0,106.0,0.0,7.0,23.0,0.0,71.0,21.0,1.0,0.0,1144.0,27.0,13.0,0.0,5.0,11.0,0.0,0.0,35.0,6.0,4.0,234.0,50.0,0.0,198.0,161.0,3.0,235.0,263.0,70.0,78.0,5.0,47.0,34.0,129.0,15.0,2.0,1.0,34.0,19.0,117.0,3.0,0.0,49.0,0.0,50.0,5.0,20.0
09/22/2020,127.0,1.0,13.0,0.0,5.0,74.0,1.0,0.0,105.0,0.0,7.0,26.0,1.0,70.0,22.0,1.0,0.0,1145.0,30.0,12.0,0.0,6.0,9.0,0.0,0.0,36.0,4.0,5.0,239.0,51.0,0.0,214.0,171.0,2.0,234.0,260.0,80.0,74.0,4.0,44.0,27.0,122.0,17.0,5.0,1.0,42.0,20.0,118.0,1.0,0.0,50.0,0.0,59.0,6.0,16.0
09/23/2020,135.0,1.0,12.0,0.0,1.0,66.0,0.0,0.0,108.0,0.0,9.0,27.0,0.0,77.0,15.0,1.0,0.0,1138.0,30.0,10.0,0.0,8.0,8.0,0.0,0.0,27.0,3.0,2.0,225.0,57.0,0.0,197.0,174.0,1.0,212.0,253.0,74.0,70.0,3.0,47.0,24.0,120.0,17.0,6.0,1.0,48.0,26.0,115.0,2.0,0.0,52.0,0.0,64.0,6.0,12.0
09/24/2020,123.0,1.0,11.0,0.0,1.0,59.0,0.0,1.0,103.0,0.0,5.0,28.0,0.0,74.0,18.0,0.0,0.0,1034.0,23.0,8.0,0.0,8.0,11.0,0.0,0.0,28.0,5.0,3.0,226.0,60.0,0.0,204.0,170.0,2.0,194.0,241.0,69.0,56.0,4.0,47.0,27.0,121.0,18.0,5.0,1.0,48.0,21.0,114.0,4.0,0.0,49.0,0.0,67.0,3.0,12.0
09/25/2020,113.0,0.0,12.0,0.0,1.0,49.0,0.0,1.0,101.0,0.0,5.0,25.0,0.0,72.0,13.0,2.0,0.0,1028.0,32.0,7.0,0.0,9.0,10.0,0.0,0.0,28.0,5.0,3.0,207.0,45.0,0.0,196.0,162.0,2.0,198.0,235.0,72.0,52.0,3.0,45.0,28.0,120.0,20.0,6.0,1.0,33.0,26.0,104.0,5.0,0.0,45.0,0.0,66.0,3.0,13.0
09/26/2020,111.0,0.0,13.0,0.0,1.0,41.0,0.0,1.0,97.0,0.0,3.0,25.0,0.0,70.0,10.0,1.0,0.0,1058.0,16.0,13.0,0.0,9.0,9.0,0.0,0.0,29.0,3.0,1.0,200.0,50.0,0.0,181.0,156.0,2.0,196.0,239.0,64.0,49.0,4.0,41.0,26.0,104.0,19.0,9.0,1.0,37.0,25.0,88.0,4.0,0.0,42.0,1.0,64.0,3.0,13.0
09/27/2020,113.0,0.0,13.0,0.0,1.0,44.0,0.0,1.0,96.0,0.0,3.0,20.0,1.0,70.0,14.0,1.0,0.0,1070.0,21.0,14.0,0.0,7.0,10.0,0.0,0.0,29.0,3.0,2.0,224.0,50.0,0.0,177.0,154.0,2.0,210.0,232.0,60.0,52.0,3.0,38.0,22.0,107.0,24.0,7.0,1.0,39.0,24.0,79.0,4.0,0.0,41.0,1.0,59.0,3.0,14.0
09/28/2020,114.0,0.0,13.0,0.0,1.0,45.0,1.0,1.0,90.0,0.0,5.0,22.0,1.0,74.0,16.0,2.0,0.0,1025.0,26.0,14.0,0.0,6.0,20.0,0.0,0.0,30.0,6.0,2.0,240.0,52.0,0.0,182.0,160.0,2.0,223.0,257.0,65.0,53.0,3.0,40.0,27.0,111.0,25.0,7.0,1.0,38.0,28.0,78.0,5.0,0.0,42.0,1.0,53.0,3.0,13.0
09/29/2020,125.0,1.0,13.0,0.0,1.0,49.0,0.0,1.0,94.0,0.0,5.0,23.0,0.0,78.0,21.0,2.0,0.0,1086.0,22.0,15.0,0.0,5.0,20.0,0.0,0.0,30.0,7.0,3.0,224.0,44.0,0.0,182.0,160.0,1.0,225.0,238.0,66.0,53.0,3.0,43.0,23.0,105.0,23.0,6.0,1.0,39.0,21.0,80.0,5.0,0.0,43.0,1.0,62.0,4.0,14.0
09/30/2020,116.0,1.0,9.0,0.0,5.0,46.0,0.0,0.0,106.0,0.0,2.0,26.0,1.0,75.0,15.0,3.0,0.0,1101.0,19.0,11.0,0.0,7.0,11.0,0.0,0.0,27.0,6.0,3.0,228.0,35.0,0.0,164.0,146.0,1.0,223.0,230.0,74.0,51.0,1.0,42.0,19.0,110.0,20.0,9.0,0.0,32.0,20.0,79.0,6.0,0.0,48.0,2.0,56.0,6.0,13.0
10/01/2020,130.0,1.0,6.0,0.0,0.0,48.0,1.0,2.0,113.0,0.0,2.0,23.0,1.0,62.0,16.0,1.0,0.0,1069.0,23.0,11.0,0.0,9.0,9.0,0.0,1.0,29.0,9.0,4.0,209.0,39.0,0.0,189.0,134.0,1.0,220.0,240.0,68.0,53.0,3.0,42.0,21.0,101.0,20.0,8.0,0.0,31.0,18.0,79.0,7.0,0.0,46.0,0.0,52.0,4.0,11.0
10/02/2020,110.0,1.0,7.0,0.0,5.0,38.0,0.0,1.0,115.0,0.0,2.0,26.0,1.0,66.0,13.0,1.0,0.0,997.0,13.0,12.0,0.0,8.0,10.0,0.0,0.0,30.0,9.0,3.0,213.0,42.0,0.0,201.0,119.0,1.0,212.0,259.0,65.0,58.0,2.0,42.0,20.0,101.0,22.0,8.0,0.0,35.0,27.0,74.0,5.0,0.0,42.0,0.0,52.0,4.0,7.0
10/03/2020,119.0,0.0,12.0,0.0,6.0,41.0,0.0,1.0,118.0,0.0,2.0,27.0,0.0,67.0,15.0,3.0,0.0,1027.0,13.0,14.0,0.0,6.0,6.0,0.0,0.0,29.0,6.0,3.0,207.0,42.0,0.0,202.0,116.0,1.0,224.0,267.0,57.0,54.0,2.0,40.0,24.0,105.0,21.0,7.0,0.0,34.0,33.0,72.0,4.0,0.0,45.0,0.0,49.0,2.0,6.0
10/04/2020,100.0,0.0,8.0,0.0,6.0,53.0,0.0,2.0,116.0,0.0,3.0,24.0,0.0,62.0,14.0,0.0,0.0,1058.0,15.0,14.0,0.0,8.0,7.0,0.0,0.0,29.0,7.0,4.0,210.0,56.0,0.0,201.0,122.0,1.0,234.0,256.0,61.0,46.0,4.0,40.0,22.0,107.0,16.0,5.0,0.0,38.0,35.0,65.0,4.0,0.0,44.0,2.0,42.0,1.0,4.0
10/05/2020,110.0,0.0,8.0,0.0,4.0,57.0,0.0,1.0,125.0,0.0,5.0,27.0,1.0,66.0,15.0,3.0,0.0,1035.0,14.0,9.0,0.0,5.0,6.0,0.0,0.0,25.0,7.0,4.0,228.0,45.0,0.0,209.0,125.0,0.0,239.0,273.0,59.0,43.0,3.0,38.0,19.0,106.0,14.0,11.0,0.0,30.0,35.0,74.0,5.0,0.0,42.0,0.0,45.0,1.0,4.0
10/06/2020,115.0,0.0,8.0,0.0,4.0,57.0,0.0,0.0,122.0,0.0,5.0,30.0,3.0,68.0,16.0,3.0,0.0,1060.0,12.0,12.0,0.0,5.0,4.0,0.0,0.0,26.0,8.0,3.0,235.0,51.0,0.0,218.0,119.0,0.0,239.0,280.0,54.0,43.0,2.0,34.0,19.0,100.0,15.0,7.0,0.0,35.0,40.0,60.0,5.0,0.0,36.0,0.0,43.0,1.0,7.0
10/07/2020,100.0,0.0,7.0,1.0,2.0,59.0,0.0,1.0,127.0,0.0,4.0,26.0,2.0,65.0,19.0,1.0,0.0,1077.0,11.0,10.0,0.0,3.0,5.0,2.0,0.0,25.0,9.0,3.0,210.0,49.0,0.0,209.0,124.0,0.0,249.0,261.0,55.0,45.0,7.0,32.0,20.0,102.0,15.0,5.0,0.0,40.0,39.0,60.0,6.0,0.0,43.0,0.0,46.0,3.0,7.0
10/08/2020,105.0,0.0,7.0,0.0,1.0,41.0,0.0,1.0,128.0,0.0,9.0,26.0,2.0,63.0,16.0,1.0,0.0,1059.0,19.0,9.0,0.0,4.0,13.0,0.0,0.0,25.0,2.0,2.0,220.0,42.0,0.0,215.0,130.0,0.0,258.0,262.0,44.0,42.0,3.0,33.0,24.0,98.0,13.0,4.0,0.0,44.0,38.0,77.0,3.0,0.0,42.0,0.0,46.0,5.0,10.0
10/09/2020,100.0,0.0,6.0,0.0,0.0,44.0,0.0,1.0,116.0,0.0,5.0,28.0,1.0,59.0,17.0,0.0,0.0,1044.0,17.0,12.0,0.0,4.0,10.0,0.0,0.0,30.0,3.0,1.0,221.0,40.0,0.0,203.0,112.0,0.0,258.0,244.0,41.0,32.0,4.0,39.0,24.0,92.0,13.0,3.0,0.0,41.0,36.0,82.0,3.0,0.0,37.0,0.0,51.0,3.0,7.0
10/10/2020,110.0,0.0,6.0,0.0,0.0,48.0,0.0,1.0,104.0,0.0,3.0,31.0,1.0,48.0,18.0,1.0,0.0,1053.0,19.0,15.0,0.0,3.0,9.0,0.0,0.0,28.0,4.0,2.0,213.0,57.0,0.0,191.0,134.0,0.0,244.0,247.0,37.0,36.0,2.0,38.0,24.0,95.0,17.0,7.0,0.0,37.0,38.0,79.0,3.0,0.0,40.0,1.0,48.0,2.0,9.0
10/11/2020,105.0,1.0,6.0,0.0,0.0,61.0,0.0,2.0,112.0,0.0,5.0,36.0,1.0,53.0,19.0,1.0,0.0,1045.0,19.0,9.0,0.0,3.0,8.0,0.0,0.0,29.0,6.0,3.0,210.0,54.0,0.0,193.0,131.0,0.0,236.0,224.0,30.0,28.0,1.0,37.0,19.0,108.0,20.0,5.0,0.0,43.0,32.0,79.0,2.0,0.0,35.0,1.0,43.0,5.0,10.0
10/12/2020,106.0,1.0,6.0,0.0,0.0,45.0,0.0,1.0,101.0,0.0,5.0,31.0,1.0,56.0,19.0,2.0,0.0,1076.0,19.0,8.0,0.0,3.0,10.0,1.0,0.0,28.0,2.0,1.0,209.0,50.0,0.0,201.0,124.0,0.0,236.0,230.0,30.0,36.0,1.0,40.0,26.0,100.0,20.0,8.0,0.0,45.0,29.0,63.0,2.0,0.0,30.0,1.0,41.0,4.0,12.0
10/13/2020,95.0,1.0,6.0,0.0,0.0,39.0,0.0,3.0,105.0,0.0,5.0,30.0,1.0,61.0,16.0,3.0,0.0,1105.0,20.0,14.0,0.0,1.0,12.0,2.0,0.0,29.0,4.0,2.0,213.0,52.0,0.0,208.0,120.0,0.0,228.0,243.0,31.0,41.0,3.0,37.0,20.0,102.0,17.0,6.0,0.0,46.0,27.0,67.0,3.0,0.0,37.0,1.0,45.0,3.0,11.0
10/14/2020,99.0,0.0,3.0,0.0,0.0,29.0,0.0,1.0,116.0,0.0,6.0,34.0,1.0,67.0,14.0,1.0,0.0,1107.0,13.0,17.0,0.0,0.0,10.0,0.0,0.0,28.0,5.0,2.0,212.0,27.0,0.0,218.0,111.0,0.0,233.0,224.0,32.0,36.0,6.0,30.0,22.0,107.0,18.0,8.0,0.0,44.0,29.0,74.0,4.0,0.0,38.0,1.0,42.0,1.0,8.0
10/15/2020,99.0,0.0,2.0,0.0,0.0,34.0,0.0,0.0,110.0,0.0,5.0,34.0,2.0,60.0,14.0,5.0,0.0,1086.0,17.0,16.0,0.0,0.0,13.0,0.0,0.0,25.0,5.0,1.0,203.0,24.0,0.0,205.0,113.0,0.0,239.0,235.0,29.0,38.0,5.0,33.0,18.0,103.0,15.0,9.0,1.0,40.0,30.0,75.0,3.0,0.0,35.0,1.0,40.0,5.0,8.0
10/16/2020,95.0,0.0,2.0,0.0,0.0,34.0,0.0,0.0,109.0,0.0,8.0,35.0,3.0,59.0,14.0,1.0,0.0,1076.0,16.0,12.0,0.0,0.0,10.0,0.0,0.0,25.0,3.0,0.0,199.0,33.0,0.0,203.0,117.0,0.0,233.0,235.0,24.0,40.0,4.0,39.0,16.0,105.0,14.0,6.0,0.0,38.0,31.0,67.0,4.0,0.0,36.0,0.0,33.0,6.0,10.0
10/17/2020,90.0,0.0,2.0,0.0,0.0,43.0,0.0,0.0,109.0,0.0,5.0,36.0,1.0,64.0,15.0,1.0,0.0,1019.0,14.0,13.0,0.0,0.0,7.0,0.0,0.0,25.0,2.0,0.0,204.0,45.0,0.0,218.0,111.0,0.0,310.0,236.0,26.0,33.0,2.0,28.0,14.0,101.0,12.0,5.0,0.0,41.0,27.0,68.0,5.0,0.0,32.0,0.0,40.0,6.0,10.0
10/18/2020,96.0,0.0,2.0,0.0,2.0,44.0,1.0,0.0,116.0,0.0,4.0,34.0,1.0,58.0,19.0,2.0,0.0,1042.0,13.0,10.0,0.0,1.0,7.0,0.0,0.0,20.0,7.0,1.0,210.0,38.0,0.0,208.0,124.0,0.0,228.0,243.0,28.0,28.0,1.0,27.0,17.0,109.0,11.0,8.0,0.0,40.0,31.0,73.0,7.0,0.0,35.0,1.0,40.0,6.0,9.0
10/19/2020,101.0,0.0,2.0,0.0,2.0,39.0,1.0,0.0,117.0,0.0,6.0,41.0,1.0,59.0,20.0,3.0,0.0,1122.0,16.0,12.0,0.0,1.0,7.0,0.0,0.0,23.0,8.0,2.0,212.0,40.0,0.0,217.0,109.0,0.0,231.0,239.0,30.0,28.0,2.0,32.0,18.0,111.0,9.0,9.0,0.0,40.0,25.0,76.0,7.0,0.0,35.0,1.0,34.0,6.0,10.0
10/20/2020,95.0,0.0,6.0,0.0,0.0,41.0,1.0,0.0,134.0,0.0,7.0,40.0,0.0,57.0,22.0,2.0,0.0,1099.0,14.0,9.0,0.0,0.0,7.0,0.0,0.0,21.0,2.0,1.0,226.0,38.0,0.0,213.0,107.0,0.0,229.0,233.0,25.0,30.0,3.0,27.0,18.0,117.0,8.0,8.0,0.0,44.0,20.0,78.0,6.0,0.0,36.0,1.0,38.0,7.0,7.0
10/21/2020,98.0,0.0,7.0,0.0,0.0,35.0,1.0,0.0,129.0,0.0,4.0,45.0,0.0,56.0,21.0,2.0,0.0,1059.0,17.0,10.0,0.0,1.0,6.0,0.0,0.0,21.0,4.0,1.0,218.0,27.0,0.0,227.0,111.0,0.0,245.0,231.0,33.0,36.0,7.0,25.0,18.0,111.0,10.0,7.0,0.0,33.0,23.0,74.0,7.0,0.0,33.0,1.0,43.0,6.0,8.0
10/22/2020,104.0,1.0,7.0,0.0,1.0,30.0,2.0,0.0,113.0,0.0,4.0,43.0,0.0,60.0,23.0,2.0,0.0,1032.0,13.0,12.0,0.0,0.0,9.0,0.0,0.0,22.0,2.0,5.0,203.0,26.0,0.0,218.0,117.0,0.0,263.0,235.0,26.0,37.0,5.0,26.0,13.0,109.0,10.0,10.0,0.0,33.0,26.0,73.0,6.0,0.0,29.0,2.0,45.0,6.0,8.0
10/23/2020,101.0,1.0,7.0,0.0,1.0,33.0,1.0,0.0,115.0,0.0,5.0,43.0,0.0,59.0,20.0,3.0,0.0,1039.0,11.0,10.0,0.0,0.0,9.0,0.0,0.0,21.0,1.0,3.0,201.0,25.0,0.0,209.0,118.0,0.0,263.0,235.0,28.0,34.0,8.0,32.0,11.0,109.0,11.0,12.0,1.0,31.0,20.0,74.0,6.0,0.0,30.0,2.0,44.0,10.0,10.0
10/24/2020,81.0,3.0,5.0,0.0,0.0,36.0,1.0,0.0,117.0,0.0,6.0,43.0,0.0,56.0,20.0,5.0,0.0,1061.0,19.0,12.0,0.0,1.0,9.0,1.0,0.0,23.0,1.0,4.0,183.0,25.0,0.0,204.0,120.0,0.0,263.0,208.0,28.0,37.0,11.0,33.0,9.0,113.0,10.0,11.0,0.0,28.0,28.0,61.0,6.0,0.0,28.0,2.0,41.0,9.0,7.0
10/25/2020,94.0,3.0,6.0,0.0,0.0,36.0,1.0,2.0,99.0,0.0,6.0,41.0,0.0,49.0,21.0,6.0,0.0,1038.0,21.0,9.0,0.0,2.0,8.0,1.0,1.0,33.0,1.0,3.0,208.0,29.0,0.0,224.0,112.0,0.0,261.0,207.0,30.0,32.0,8.0,30.0,12.0,114.0,10.0,12.0,0.0,34.0,28.0,74.0,6.0,0.0,33.0,1.0,33.0,7.0,5.0
10/26/2020,89.0,4.0,8.0,0.0,0.0,38.0,1.0,2.0,107.0,0.0,4.0,43.0,0.0,47.0,22.0,2.0,0.0,1031.0,15.0,6.0,0.0,1.0,8.0,0.0,1.0,29.0,6.0,4.0,203.0,31.0,0.0,217.0,106.0,0.0,259.0,225.0,32.0,31.0,8.0,26.0,12.0,122.0,10.0,11.0,3.0,40.0,34.0,68.0,6.0,0.0,38.0,1.0,37.0,7.0,5.0
10/27/2020,92.0,2.0,10.0,0.0,0.0,43.0,1.0,2.0,112.0,0.0,3.0,44.0,0.0,47.0,19.0,2.0,1.0,1017.0,22.0,8.0,0.0,0.0,6.0,0.0,1.0,27.0,7.0,2.0,213.0,32.0,0.0,196.0,96.0,0.0,268.0,241.0,32.0,30.0,7.0,21.0,11.0,105.0,9.0,10.0,2.0,38.0,35.0,80.0,7.0,0.0,39.0,1.0,42.0,8.0,7.0
10/28/2020,99.0,2.0,10.0,0.0,0.0,43.0,1.0,2.0,106.0,0.0,3.0,49.0,1.0,48.0,13.0,2.0,0.0,1033.0,21.0,11.0,0.0,0.0,7.0,0.0,0.0,30.0,4.0,2.0,237.0,45.0,0.0,212.0,109.0,0.0,274.0,235.0,36.0,34.0,6.0,24.0,10.0,106.0,8.0,8.0,3.0,31.0,31.0,75.0,6.0,0.0,42.0,5.0,42.0,9.0,8.0
10/29/2020,91.0,2.0,9.0,0.0,0.0,42.0,1.0,1.0,99.0,0.0,3.0,46.0,1.0,46.0,16.0,5.0,0.0,1064.0,20.0,18.0,0.0,0.0,10.0,0.0,0.0,26.0,6.0,3.0,233.0,41.0,0.0,214.0,106.0,0.0,273.0,245.0,39.0,38.0,6.0,29.0,10.0,98.0,8.0,13.0,4.0,34.0,33.0,95.0,6.0,0.0,51.0,6.0,39.0,10.0,8.0
10/30/2020,110.0,0.0,7.0,0.0,0.0,43.0,1.0,2.0,105.0,0.0,3.0,44.0,0.0,58.0,18.0,4.0,0.0,1094.0,17.0,10.0,0.0,0.0,9.0,1.0,0.0,25.0,5.0,2.0,224.0,42.0,0.0,214.0,106.0,0.0,299.0,252.0,40.0,36.0,9.0,30.0,10.0,104.0,12.0,11.0,2.0,39.0,26.0,84.0,5.0,0.0,51.0,3.0,38.0,8.0,9.0
10/31/2020,111.0,0.0,8.0,0.0,2.0,46.0,0.0,2.0,110.0,0.0,2.0,50.0,0.0,57.0,15.0,4.0,0.0,1079.0,18.0,15.0,0.0,1.0,5.0,2.0,0.0,25.0,6.0,2.0,217.0,46.0,0.0,212.0,102.0,0.0,288.0,280.0,38.0,30.0,9.0,31.0,11.0,92.0,11.0,9.0,1.0,41.0,26.0,84.0,5.0,0.0,45.0,3.0,38.0,8.0,6.0
11/01/2020,109.0,0.0,10.0,0.0,2.0,52.0,0.0,4.0,109.0,0.0,4.0,49.0,0.0,50.0,15.0,4.0,0.0,1056.0,18.0,17.0,0.0,1.0,6.0,0.0,0.0,27.0,3.0,2.0,201.0,48.0,0.0,231.0,115.0,0.0,303.0,300.0,40.0,37.0,8.0,27.0,11.0,100.0,12.0,8.0,1.0,38.0,24.0,93.0,5.0,0.0,47.0,3.0,43.0,5.0,3.0
11/02/2020,110.0,0.0,10.0,0.0,2.0,58.0,0.0,2.0,120.0,0.0,2.0,48.0,0.0,48.0,15.0,3.0,0.0,1046.0,16.0,14.0,0.0,1.0,8.0,0.0,0.0,28.0,4.0,2.0,214.0,46.0,0.0,250.0,109.0,2.0,297.0,291.0,38.0,36.0,7.0,30.0,14.0,112.0,12.0,9.0,2.0,38.0,25.0,98.0,3.0,0.0,48.0,3.0,38.0,7.0,4.0
11/03/2020,116.0,0.0,13.0,0.0,2.0,51.0,1.0,3.0,110.0,0.0,2.0,49.0,1.0,55.0,18.0,2.0,0.0,1128.0,21.0,12.0,0.0,2.0,9.0,0.0,0.0,32.0,3.0,2.0,224.0,53.0,0.0,267.0,111.0,3.0,315.0,295.0,40.0,36.0,8.0,28.0,15.0,119.0,13.0,9.0,2.0,30.0,28.0,73.0,3.0,0.0,51.0,2.0,41.0,9.0,3.0
11/04/2020,108.0,1.0,11.0,0.0,1.0,43.0,0.0,2.0,119.0,0.0,2.0,50.0,1.0,53.0,18.0,2.0,0.0,1143.0,18.0,8.0,0.0,3.0,8.0,0.0,0.0,36.0,4.0,3.0,227.0,46.0,0.0,261.0,123.0,3.0,339.0,329.0,38.0,37.0,8.0,28.0,15.0,118.0,11.0,14.0,2.0,28.0,29.0,76.0,2.0,0.0,45.0,4.0,35.0,8.0,2.0
11/05/2020,109.0,1.0,12.0,0.0,0.0,45.0,0.0,3.0,123.0,0.0,2.0,45.0,1.0,57.0,14.0,1.0,1.0,1132.0,13.0,10.0,0.0,2.0,9.0,1.0,0.0,38.0,4.0,6.0,223.0,59.0,0.0,266.0,108.0,3.0,332.0,341.0,36.0,39.0,8.0,35.0,15.0,121.0,11.0,15.0,1.0,33.0,25.0,73.0,2.0,0.0,49.0,3.0,35.0,7.0,2.0
11/06/2020,107.0,4.0,8.0,0.0,1.0,52.0,0.0,2.0,119.0,0.0,5.0,45.0,0.0,62.0,17.0,1.0,1.0,1106.0,18.0,10.0,0.0,3.0,12.0,2.0,0.0,36.0,5.0,5.0,232.0,46.0,0.0,248.0,130.0,3.0,324.0,338.0,42.0,49.0,7.0,31.0,13.0,117.0,9.0,16.0,2.0,38.0,27.0,67.0,1.0,0.0,44.0,3.0,41.0,5.0,2.0
11/07/2020,106.0,3.0,11.0,0.0,1.0,50.0,0.0,2.0,131.0,0.0,2.0,47.0,0.0,62.0,16.0,1.0,1.0,1133.0,19.0,13.0,1.0,3.0,10.0,2.0,0.0,33.0,6.0,5.0,224.0,54.0,0.0,278.0,144.0,3.0,312.0,354.0,41.0,57.0,7.0,25.0,9.0,124.0,9.0,18.0,3.0,40.0,29.0,67.0,4.0,0.0,40.0,4.0,44.0,4.0,2.0
11/08/2020,117.0,5.0,10.0,0.0,0.0,63.0,1.0,2.0,130.0,0.0,3.0,50.0,0.0,62.0,14.0,1.0,1.0,1152.0,12.0,11.0,1.0,4.0,11.0,2.0,0.0,32.0,8.0,3.0,233.0,56.0,0.0,286.0,158.0,3.0,326.0,342.0,42.0,56.0,8.0,27.0,10.0,138.0,9.0,20.0,2.0,39.0,32.0,76.0,4.0,0.0,46.0,4.0,48.0,4.0,4.0
11/09/2020,108.0,4.0,12.0,0.0,0.0,57.0,0.0,5.0,136.0,0.0,5.0,49.0,0.0,67.0,18.0,1.0,1.0,1209.0,11.0,9.0,1.0,4.0,9.0,2.0,0.0,33.0,8.0,5.0,276.0,53.0,0.0,287.0,179.0,1.0,331.0,352.0,39.0,59.0,8.0,26.0,11.0,134.0,8.0,26.0,4.0,45.0,24.0,71.0,3.0,0.0,46.0,5.0,50.0,4.0,3.0
11/10/2020,121.0,3.0,13.0,0.0,1.0,59.0,0.0,4.0,145.0,0.0,3.0,51.0,0.0,57.0,18.0,2.0,0.0,1270.0,17.0,19.0,1.0,4.0,14.0,2.0,0.0,38.0,7.0,5.0,284.0,59.0,0.0,307.0,183.0,1.0,349.0,355.0,39.0,67.0,6.0,33.0,14.0,135.0,9.0,31.0,4.0,42.0,31.0,73.0,5.0,0.0,50.0,4.0,46.0,3.0,3.0
11/11/2020,111.0,3.0,16.0,0.0,2.0,58.0,0.0,6.0,139.0,0.0,4.0,53.0,0.0,68.0,19.0,2.0,0.0,1265.0,19.0,16.0,1.0,7.0,17.0,1.0,0.0,44.0,9.0,4.0,294.0,60.0,0.0,323.0,173.0,1.0,352.0,344.0,43.0,73.0,7.0,31.0,12.0,121.0,12.0,29.0,4.0,44.0,23.0,78.0,5.0,0.0,49.0,6.0,43.0,5.0,6.0
11/12/2020,109.0,4.0,16.0,0.0,4.0,57.0,0.0,4.0,139.0,0.0,7.0,60.0,0.0,71.0,20.0,2.0,2.0,1280.0,25.0,17.0,0.0,7.0,17.0,1.0,0.0,45.0,9.0,4.0,289.0,56.0,0.0,343.0,200.0,1.0,376.0,337.0,46.0,64.0,7.0,32.0,15.0,135.0,17.0,29.0,3.0,50.0,27.0,89.0,7.0,0.0,47.0,7.0,45.0,9.0,7.0
11/13/2020,112.0,5.0,20.0,1.0,4.0,56.0,0.0,4.0,147.0,0.0,7.0,63.0,1.0,66.0,26.0,3.0,0.0,1296.0,19.0,15.0,0.0,5.0,17.0,0.0,0.0,46.0,8.0,4.0,272.0,53.0,0.0,364.0,190.0,2.0,388.0,349.0,43.0,74.0,9.0,25.0,16.0,143.0,18.0,28.0,4.0,53.0,25.0,100.0,7.0,0.0,51.0,9.0,47.0,10.0,7.0
11/14/2020,105.0,3.0,21.0,2.0,6.0,57.0,0.0,4.0,167.0,0.0,6.0,62.0,0.0,73.0,28.0,3.0,0.0,1395.0,16.0,13.0,0.0,4.0,13.0,0.0,0.0,52.0,8.0,5.0,286.0,62.0,0.0,368.0,193.0,1.0,419.0,363.0,40.0,81.0,10.0,29.0,19.0,147.0,19.0,44.0,7.0,46.0,22.0,106.0,9.0,0.0,60.0,12.0,44.0,14.0,10.0
11/15/2020,110.0,2.0,21.0,2.0,5.0,67.0,0.0,3.0,167.0,0.0,4.0,62.0,0.0,89.0,29.0,2.0,2.0,1403.0,24.0,13.0,1.0,6.0,13.0,1.0,0.0,52.0,7.0,5.0,302.0,66.0,0.0,388.0,192.0,2.0,442.0,370.0,42.0,83.0,10.0,24.0,22.0,158.0,14.0,26.0,7.0,49.0,20.0,108.0,8.0,0.0,59.0,6.0,45.0,15.0,11.0
11/16/2020,117.0,3.0,23.0,2.0,5.0,84.0,0.0,5.0,172.0,0.0,7.0,66.0,0.0,97.0,34.0,1.0,1.0,1474.0,16.0,14.0,1.0,7.0,20.0,0.0,0.0,44.0,7.0,4.0,343.0,86.0,0.0,397.0,220.0,2.0,480.0,402.0,44.0,86.0,7.0,27.0,24.0,162.0,14.0,26.0,6.0,49.0,22.0,122.0,7.0,0.0,66.0,6.0,54.0,14.0,15.0
11/17/2020,119.0,2.0,23.0,1.0,4.0,75.0,0.0,7.0,184.0,0.0,6.0,63.0,0.0,96.0,39.0,1.0,0.0,1542.0,23.0,15.0,0.0,3.0,19.0,1.0,1.0,48.0,5.0,8.0,362.0,95.0,0.0,409.0,228.0,2.0,484.0,418.0,48.0,82.0,12.0,35.0,20.0,179.0,18.0,26.0,5.0,59.0,23.0,124.0,7.0,0.0,58.0,7.0,58.0,14.0,20.0
11/18/2020,133.0,2.0,22.0,1.0,4.0,83.0,0.0,9.0,189.0,0.0,6.0,70.0,0.0,102.0,40.0,2.0,1.0,1628.0,21.0,9.0,0.0,5.0,22.0,0.0,1.0,48.0,5.0,8.0,359.0,108.0,1.0,427.0,249.0,2.0,496.0,434.0,47.0,88.0,12.0,33.0,22.0,184.0,21.0,29.0,6.0,65.0,27.0,126.0,10.0,0.0,63.0,8.0,57.0,12.0,22.0
11/19/2020,134.0,2.0,25.0,1.0,4.0,80.0,0.0,8.0,200.0,0.0,6.0,66.0,1.0,109.0,45.0,2.0,1.0,1695.0,21.0,9.0,0.0,5.0,31.0,0.0,0.0,48.0,7.0,13.0,374.0,109.0,0.0,440.0,259.0,1.0,512.0,447.0,46.0,90.0,10.0,32.0,20.0,196.0,23.0,39.0,4.0,64.0,31.0,119.0,11.0,0.0,59.0,8.0,55.0,13.0,22.0
11/20/2020,128.0,3.0,30.0,0.0,7.0,82.0,0.0,8.0,217.0,0.0,4.0,64.0,1.0,111.0,47.0,2.0,1.0,1718.0,25.0,8.0,0.0,5.0,29.0,0.0,0.0,52.0,6.0,9.0,412.0,109.0,0.0,440.0,266.0,1.0,561.0,462.0,53.0,105.0,12.0,38.0,24.0,197.0,26.0,43.0,5.0,65.0,31.0,143.0,11.0,0.0,66.0,8.0,72.0,14.0,24.0
11/21/2020,132.0,2.0,23.0,0.0,8.0,81.0,0.0,10.0,224.0,0.0,5.0,57.0,1.0,120.0,46.0,1.0,2.0,1828.0,24.0,8.0,0.0,3.0,29.0,0.0,1.0,54.0,6.0,9.0,419.0,121.0,0.0,463.0,277.0,1.0,559.0,485.0,57.0,115.0,12.0,40.0,24.0,209.0,25.0,43.0,4.0,67.0,24.0,135.0,12.0,0.0,67.0,9.0,68.0,16.0,21.0
11/22/2020,150.0,2.0,25.0,2.0,8.0,90.0,0.0,10.0,247.0,0.0,6.0,51.0,1.0,126.0,47.0,1.0,1.0,1919.0,30.0,11.0,0.0,2.0,19.0,0.0,1.0,59.0,5.0,10.0,486.0,117.0,0.0,474.0,277.0,2.0,580.0,493.0,49.0,116.0,17.0,42.0,25.0,218.0,24.0,51.0,8.0,69.0,31.0,158.0,11.0,0.0,57.0,12.0,73.0,15.0,26.0
11/23/2020,149.0,3.0,32.0,2.0,7.0,108.0,1.0,11.0,268.0,0.0,9.0,52.0,1.0,133.0,45.0,1.0,4.0,1978.0,35.0,12.0,0.0,12.0,21.0,0.0,1.0,66.0,6.0,10.0,543.0,119.0,0.0,498.0,284.0,3.0,658.0,526.0,53.0,122.0,16.0,44.0,27.0,225.0,27.0,48.0,8.0,68.0,29.0,165.0,8.0,0.0,68.0,14.0,70.0,20.0,31.0
11/24/2020,176.0,4.0,33.0,1.0,3.0,92.0,0.0,12.0,288.0,0.0,8.0,60.0,2.0,129.0,43.0,2.0,3.0,2197.0,34.0,10.0,0.0,12.0,21.0,1.0,0.0,66.0,9.0,13.0,526.0,125.0,0.0,527.0,295.0,3.0,673.0,554.0,63.0,122.0,13.0,51.0,30.0,237.0,33.0,51.0,10.0,74.0,36.0,169.0,10.0,0.0,87.0,10.0,85.0,16.0,30.0
11/25/2020,193.0,3.0,28.0,1.0,4.0,100.0,0.0,11.0,275.0,0.0,4.0,60.0,1.0,139.0,45.0,2.0,4.0,2194.0,35.0,12.0,1.0,10.0,17.0,0.0,0.0,70.0,10.0,14.0,537.0,124.0,1.0,555.0,299.0,3.0,694.0,587.0,70.0,120.0,10.0,52.0,33.0,253.0,32.0,54.0,12.0,78.0,31.0,186.0,9.0,0.0,82.0,11.0,87.0,14.0,30.0
11/26/2020,211.0,4.0,33.0,1.0,4.0,99.0,0.0,13.0,280.0,0.0,3.0,62.0,1.0,147.0,50.0,3.0,3.0,2252.0,29.0,8.0,0.0,13.0,23.0,0.0,0.0,73.0,10.0,15.0,542.0,140.0,1.0,575.0,285.0,3.0,704.0,604.0,74.0,121.0,10.0,52.0,31.0,253.0,32.0,60.0,13.0,82.0,32.0,200.0,11.0,0.0,85.0,11.0,92.0,13.0,25.0
11/27/2020,204.0,3.0,39.0,1.0,8.0,98.0,0.0,12.0,294.0,0.0,5.0,70.0,1.0,168.0,52.0,2.0,3.0,2348.0,35.0,10.0,0.0,20.0,22.0,0.0,1.0,78.0,11.0,12.0,569.0,141.0,0.0,580.0,302.0,4.0,725.0,637.0,76.0,126.0,10.0,52.0,35.0,268.0,35.0,57.0,13.0,73.0,35.0,201.0,12.0,0.0,84.0,12.0,94.0,18.0,28.0
11/28/2020,206.0,1.0,47.0,1.0,9.0,108.0,0.0,17.0,310.0,0.0,5.0,72.0,1.0,167.0,56.0,2.0,5.0,2513.0,32.0,13.0,0.0,12.0,19.0,0.0,1.0,73.0,11.0,15.0,645.0,139.0,0.0,636.0,326.0,5.0,792.0,673.0,80.0,138.0,6.0,56.0,40.0,281.0,40.0,55.0,14.0,75.0,32.0,204.0,13.0,0.0,94.0,10.0,96.0,20.0,32.0
11/29/2020,204.0,1.0,46.0,3.0,9.0,123.0,0.0,16.0,312.0,0.0,4.0,72.0,1.0,166.0,58.0,2.0,3.0,2651.0,31.0,13.0,0.0,11.0,28.0,0.0,1.0,83.0,10.0,20.0,664.0,138.0,0.0,666.0,345.0,6.0,839.0,698.0,84.0,145.0,5.0,67.0,45.0,303.0,47.0,56.0,10.0,73.0,35.0,200.0,11.0,0.0,99.0,10.0,105.0,21.0,38.0
11/30/2020,223.0,3.0,45.0,4.0,10.0,127.0,0.0,15.0,336.0,0.0,7.0,82.0,1.0,186.0,52.0,2.0,5.0,2743.0,34.0,15.0,1.0,12.0,31.0,0.0,0.0,81.0,10.0,20.0,705.0,143.0,0.0,683.0,369.0,6.0,934.0,731.0,91.0,146.0,9.0,74.0,52.0,308.0,41.0,62.0,12.0,79.0,44.0,222.0,11.0,0.0,109.0,13.0,102.0,18.0,40.0
12/01/2020,234.0,3.0,46.0,6.0,10.0,133.0,0.0,15.0,318.0,0.0,10.0,73.0,1.0,190.0,56.0,2.0,5.0,2882.0,38.0,17.0,2.0,12.0,29.0,1.0,2.0,86.0,11.0,17.0,756.0,150.0,0.0,704.0,385.0,8.0,965.0,733.0,91.0,162.0,10.0,78.0,48.0,312.0,42.0,53.0,12.0,81.0,43.0,228.0,11.0,0.0,103.0,14.0,112.0,20.0,45.0
12/02/2020,238.0,4.0,45.0,5.0,11.0,131.0,0.0,13.0,367.0,0.0,11.0,83.0,2.0,184.0,59.0,0.0,7.0,3004.0,38.0,20.0,1.0,11.0,32.0,1.0,2.0,83.0,12.0,17.0,784.0,145.0,0.0,721.0,388.0,9.0,1002.0,761.0,98.0,169.0,9.0,76.0,60.0,327.0,47.0,53.0,15.0,78.0,42.0,237.0,11.0,0.0,110.0,11.0,111.0,20.0,37.0
12/03/2020,255.0,5.0,48.0,5.0,10.0,136.0,0.0,16.0,378.0,0.0,7.0,92.0,2.0,188.0,60.0,2.0,11.0,3097.0,39.0,19.0,1.0,10.0,38.0,3.0,3.0,91.0,13.0,18.0,810.0,163.0,1.0,739.0,396.0,6.0,964.0,797.0,98.0,165.0,13.0,83.0,60.0,330.0,43.0,51.0,16.0,78.0,42.0,231.0,11.0,0.0,117.0,11.0,119.0,18.0,39.0
12/04/2020,251.0,6.0,52.0,4.0,9.0,143.0,0.0,19.0,390.0,1.0,9.0,90.0,2.0,203.0,63.0,2.0,5.0,3197.0,38.0,16.0,1.0,10.0,29.0,0.0,1.0,92.0,8.0,16.0,887.0,163.0,0.0,788.0,399.0,5.0,998.0,807.0,99.0,187.0,15.0,89.0,54.0,355.0,47.0,49.0,12.0,83.0,44.0,237.0,9.0,0.0,106.0,11.0,126.0,18.0,41.0
12/05/2020,259.0,7.0,57.0,2.0,9.0,150.0,0.0,22.0,420.0,6.0,9.0,96.0,2.0,202.0,66.0,3.0,5.0,3328.0,42.0,21.0,1.0,9.0,33.0,1.0,1.0,90.0,8.0,17.0,902.0,170.0,0.0,787.0,401.0,5.0,1036.0,835.0,117.0,199.0,11.0,90.0,51.0,357.0,45.0,49.0,12.0,85.0,49.0,232.0,10.0,0.0,119.0,7.0,127.0,19.0,43.0
12/06/2020,266.0,7.0,51.0,2.0,9.0,158.0,0.0,20.0,436.0,6.0,7.0,98.0,3.0,209.0,69.0,3.0,5.0,3490.0,36.0,20.0,2.0,7.0,35.0,1.0,0.0,99.0,12.0,18.0,921.0,171.0,0.0,817.0,398.0,4.0,1060.0,871.0,115.0,226.0,14.0,92.0,61.0,368.0,49.0,48.0,13.0,79.0,57.0,221.0,10.0,0.0,126.0,9.0,133.0,20.0,46.0
12/07/2020,268.0,7.0,55.0,1.0,9.0,156.0,1.0,21.0,455.0,5.0,9.0,122.0,3.0,224.0,77.0,2.0,6.0,3653.0,36.0,20.0,2.0,9.0,37.0,0.0,0.0,106.0,13.0,18.0,1024.0,162.0,0.0,848.0,412.0,7.0,1100.0,908.0,123.0,208.0,15.0,95.0,64.0,398.0,49.0,46.0,13.0,75.0,50.0,244.0,12.0,0.0,135.0,7.0,136.0,23.0,42.0
12/08/2020,280.0,7.0,66.0,1.0,4.0,159.0,3.0,24.0,492.0,5.0,7.0,122.0,3.0,229.0,82.0,4.0,5.0,3770.0,37.0,24.0,3.0,7.0,37.0,0.0,0.0,113.0,16.0,14.0,1054.0,175.0,1.0,895.0,422.0,7.0,1140.0,933.0,120.0,227.0,15.0,97.0,67.0,413.0,48.0,46.0,13.0,88.0,60.0,260.0,17.0,0.0,141.0,6.0,135.0,26.0,45.0
12/09/2020,301.0,9.0,65.0,2.0,3.0,169.0,3.0,25.0,491.0,5.0,4.0,127.0,3.0,238.0,74.0,4.0,2.0,3994.0,43.0,33.0,2.0,9.0,41.0,0.0,1.0,115.0,15.0,13.0,1093.0,183.0,1.0,907.0,422.0,6.0,1186.0,955.0,127.0,238.0,18.0,110.0,75.0,433.0,47.0,46.0,11.0,98.0,65.0,270.0,13.0,0.0,150.0,7.0,152.0,24.0,49.0
12/10/2020,312.0,9.0,64.0,3.0,4.0,164.0,2.0,25.0,513.0,5.0,5.0,127.0,4.0,247.0,77.0,4.0,2.0,4173.0,36.0,30.0,2.0,7.0,39.0,0.0,1.0,122.0,15.0,20.0,1172.0,194.0,2.0,950.0,437.0,10.0,1241.0,963.0,119.0,241.0,20.0,112.0,76.0,438.0,45.0,49.0,11.0,102.0,77.0,276.0,13.0,0.0,141.0,8.0,158.0,24.0,49.0
12/11/2020,317.0,10.0,69.0,4.0,4.0,166.0,2.0,27.0,491.0,5.0,4.0,124.0,5.0,253.0,73.0,5.0,4.0,4362.0,32.0,30.0,2.0,7.0,45.0,0.0,1.0,127.0,19.0,19.0,1226.0,194.0,1.0,1004.0,453.0,8.0,1240.0,1001.0,135.0,256.0,19.0,112.0,75.0,450.0,48.0,60.0,9.0,103.0,75.0,295.0,11.0,0.0,183.0,8.0,163.0,24.0,50.0
12/12/2020,320.0,11.0,66.0,5.0,2.0,186.0,2.0,26.0,489.0,5.0,5.0,135.0,6.0,282.0,77.0,4.0,4.0,4568.0,38.0,30.0,2.0,7.0,43.0,1.0,1.0,126.0,18.0,20.0,1307.0,186.0,1.0,996.0,475.0,9.0,1322.0,1037.0,134.0,270.0,28.0,111.0,79.0,465.0,52.0,63.0,8.0,104.0,71.0,307.0,12.0,0.0,182.0,7.0,184.0,8.0,63.0
12/13/2020,349.0,13.0,77.0,7.0,3.0,194.0,3.0,29.0,507.0,5.0,7.0,143.0,7.0,301.0,75.0,4.0,6.0,4775.0,34.0,31.0,0.0,14.0,41.0,0.0,1.0,133.0,20.0,20.0,1358.0,192.0,1.0,1040.0,480.0,11.0,1364.0,1034.0,143.0,285.0,33.0,115.0,90.0,503.0,53.0,66.0,8.0,113.0,80.0,330.0,11.0,0.0,182.0,7.0,192.0,24.0,64.0
12/14/2020,374.0,13.0,77.0,6.0,3.0,200.0,1.0,30.0,528.0,5.0,7.0,151.0,6.0,288.0,75.0,5.0,4.0,4970.0,38.0,33.0,0.0,15.0,41.0,0.0,1.0,140.0,20.0,19.0,1460.0,195.0,1.0,1078.0,494.0,11.0,1415.0,1082.0,153.0,301.0,32.0,121.0,91.0,538.0,57.0,60.0,5.0,120.0,80.0,348.0,12.0,0.0,182.0,4.0,220.0,26.0,62.0
12/15/2020,377.0,15.0,84.0,6.0,4.0,197.0,1.0,33.0,531.0,5.0,7.0,164.0,7.0,299.0,79.0,7.0,6.0,5208.0,47.0,36.0,0.0,16.0,46.0,0.0,2.0,152.0,18.0,20.0,1567.0,198.0,2.0,1116.0,492.0,12.0,1505.0,1173.0,144.0,309.0,36.0,124.0,92.0,553.0,54.0,65.0,7.0,132.0,69.0,354.0,13.0,0.0,180.0,3.0,233.0,27.0,59.0
12/16/2020,375.0,13.0,87.0,4.0,5.0,206.0,1.0,28.0,557.0,5.0,9.0,165.0,7.0,311.0,75.0,4.0,7.0,5466.0,49.0,38.0,0.0,14.0,59.0,0.0,2.0,147.0,23.0,18.0,1615.0,188.0,4.0,1139.0,509.0,12.0,1585.0,1186.0,143.0,323.0,35.0,129.0,102.0,585.0,58.0,72.0,9.0,121.0,67.0,354.0,11.0,0.0,182.0,3.0,241.0,24.0,54.0
12/17/2020,402.0,13.0,84.0,4.0,5.0,212.0,1.0,25.0,592.0,5.0,11.0,174.0,9.0,320.0,77.0,6.0,6.0,5763.0,44.0,33.0,0.0,13.0,58.0,0.0,1.0,153.0,24.0,17.0,1635.0,195.0,6.0,1186.0,493.0,13.0,1592.0,1219.0,161.0,323.0,36.0,138.0,103.0,588.0,59.0,74.0,7.0,125.0,73.0,354.0,8.0,0.0,183.0,6.0,259.0,23.0,54.0
12/18/2020,402.0,12.0,74.0,5.0,5.0,235.0,2.0,22.0,598.0,5.0,10.0,179.0,10.0,317.0,77.0,8.0,6.0,5872.0,40.0,31.0,0.0,13.0,58.0,0.0,0.0,166.0,23.0,18.0,1675.0,204.0,5.0,1257.0,508.0,12.0,1645.0,1253.0,162.0,334.0,39.0,153.0,107.0,617.0,58.0,71.0,6.0,125.0,77.0,362.0,8.0,0.0,193.0,6.0,256.0,23.0,54.0
12/19/2020,401.0,11.0,90.0,5.0,6.0,239.0,2.0,21.0,605.0,5.0,8.0,199.0,10.0,337.0,92.0,10.0,5.0,6018.0,44.0,26.0,0.0,8.0,61.0,0.0,0.0,173.0,19.0,20.0,1757.0,201.0,5.0,1280.0,502.0,12.0,1634.0,1264.0,170.0,347.0,40.0,147.0,108.0,614.0,59.0,61.0,8.0,133.0,74.0,354.0,9.0,0.0,186.0,10.0,279.0,24.0,57.0
12/20/2020,414.0,9.0,89.0,6.0,6.0,250.0,2.0,22.0,598.0,5.0,10.0,198.0,10.0,329.0,90.0,8.0,5.0,6224.0,38.0,30.0,0.0,10.0,67.0,0.0,0.0,168.0,18.0,23.0,1781.0,190.0,4.0,1333.0,755.0,15.0,1670.0,1294.0,175.0,339.0,39.0,141.0,109.0,623.0,60.0,60.0,8.0,122.0,69.0,355.0,10.0,0.0,204.0,11.0,278.0,27.0,58.0
12/21/2020,411.0,8.0,95.0,6.0,12.0,255.0,2.0,23.0,615.0,5.0,9.0,195.0,10.0,355.0,87.0,7.0,5.0,6460.0,43.0,32.0,0.0,14.0,66.0,0.0,0.0,167.0,20.0,17.0,1878.0,187.0,5.0,1380.0,762.0,15.0,1719.0,1375.0,171.0,335.0,45.0,137.0,118.0,624.0,60.0,57.0,9.0,134.0,65.0,373.0,10.0,0.0,206.0,10.0,281.0,24.0,62.0
12/22/2020,428.0,9.0,88.0,8.0,12.0,253.0,2.0,26.0,590.0,5.0,14.0,205.0,10.0,345.0,83.0,6.0,6.0,6820.0,47.0,27.0,0.0,16.0,67.0,0.0,0.0,166.0,21.0,15.0,1915.0,203.0,6.0,1391.0,539.0,14.0,1754.0,1410.0,166.0,338.0,50.0,156.0,126.0,646.0,65.0,59.0,6.0,153.0,78.0,360.0,13.0,0.0,212.0,7.0,319.0,43.0,63.0
12/23/2020,449.0,9.0,81.0,8.0,17.0,257.0,2.0,28.0,666.0,14.0,10.0,197.0,8.0,338.0,83.0,6.0,5.0,7000.0,54.0,27.0,1.0,14.0,60.0,0.0,0.0,158.0,20.0,20.0,1966.0,210.0,6.0,1413.0,534.0,15.0,1749.0,1466.0,175.0,346.0,50.0,165.0,129.0,657.0,63.0,52.0,4.0,152.0,77.0,354.0,15.0,0.0,212.0,10.0,333.0,28.0,58.0
12/24/2020,422.0,10.0,84.0,6.0,17.0,258.0,2.0,25.0,650.0,14.0,10.0,197.0,9.0,329.0,83.0,6.0,6.0,7056.0,49.0,36.0,1.0,15.0,54.0,1.0,0.0,179.0,21.0,21.0,2006.0,211.0,4.0,1421.0,494.0,16.0,1731.0,1469.0,182.0,328.0,48.0,157.0,143.0,650.0,69.0,48.0,5.0,141.0,81.0,349.0,14.0,0.0,205.0,6.0,346.0,29.0,57.0
12/25/2020,427.0,8.0,91.0,5.0,14.0,265.0,3.0,26.0,640.0,17.0,10.0,185.0,7.0,338.0,82.0,5.0,6.0,7124.0,52.0,36.0,1.0,12.0,49.0,1.0,0.0,170.0,22.0,22.0,2011.0,200.0,3.0,1420.0,493.0,16.0,1720.0,1457.0,169.0,327.0,49.0,148.0,120.0,652.0,70.0,47.0,8.0,144.0,69.0,360.0,16.0,0.0,202.0,6.0,338.0,72.0,62.0
12/26/2020,449.0,9.0,100.0,4.0,14.0,266.0,3.0,25.0,652.0,17.0,7.0,176.0,9.0,366.0,88.0,9.0,7.0,7217.0,45.0,29.0,1.0,14.0,51.0,1.0,1.0,182.0,26.0,22.0,2046.0,203.0,3.0,1471.0,479.0,16.0,1699.0,1481.0,175.0,332.0,51.0,148.0,125.0,655.0,64.0,48.0,6.0,150.0,70.0,365.0,19.0,0.0,205.0,6.0,356.0,29.0,67.0
12/27/2020,453.0,9.0,84.0,3.0,14.0,280.0,3.0,28.0,666.0,17.0,9.0,192.0,11.0,384.0,90.0,8.0,5.0,7513.0,50.0,28.0,1.0,13.0,54.0,1.0,1.0,179.0,25.0,19.0,2083.0,215.0,2.0,1473.0,490.0,16.0,1727.0,1526.0,184.0,338.0,57.0,160.0,134.0,684.0,70.0,47.0,5.0,145.0,77.0,363.0,22.0,0.0,220.0,8.0,358.0,29.0,69.0
12/28/2020,473.0,9.0,77.0,1.0,14.0,260.0,2.0,26.0,677.0,17.0,12.0,185.0,11.0,399.0,91.0,8.0,5.0,7712.0,52.0,32.0,1.0,10.0,55.0,1.0,0.0,191.0,25.0,18.0,2162.0,226.0,2.0,1541.0,507.0,15.0,1821.0,1560.0,192.0,341.0,67.0,165.0,136.0,714.0,71.0,42.0,5.0,146.0,78.0,367.0,23.0,0.0,230.0,9.0,365.0,24.0,67.0
12/29/2020,481.0,10.0,73.0,3.0,7.0,262.0,3.0,29.0,652.0,15.0,10.0,178.0,10.0,390.0,94.0,7.0,5.0,7825.0,56.0,34.0,1.0,11.0,56.0,1.0,0.0,204.0,27.0,15.0,2189.0,231.0,2.0,1568.0,500.0,13.0,1858.0,1532.0,212.0,341.0,61.0,173.0,141.0,720.0,74.0,45.0,2.0,155.0,84.0,345.0,22.0,0.0,230.0,11.0,371.0,22.0,72.0
12/30/2020,496.0,10.0,83.0,4.0,6.0,271.0,4.0,29.0,621.0,14.0,7.0,178.0,9.0,384.0,91.0,8.0,5.0,7928.0,63.0,35.0,1.0,11.0,56.0,1.0,0.0,199.0,31.0,13.0,2169.0,215.0,2.0,1546.0,511.0,14.0,1785.0,1549.0,215.0,333.0,59.0,178.0,147.0,715.0,76.0,39.0,4.0,150.0,90.0,343.0,22.0,0.0,227.0,10.0,384.0,25.0,98.0
12/31/2020,497.0,10.0,75.0,3.0,5.0,269.0,4.0,33.0,628.0,11.0,7.0,168.0,7.0,387.0,80.0,11.0,6.0,7897.0,65.0,42.0,0.0,13.0,58.0,1.0,0.0,190.0,28.0,10.0,2147.0,201.0,2.0,1639.0,494.0,14.0,1802.0,1543.0,215.0,323.0,63.0,167.0,148.0,713.0,78.0,35.0,5.0,160.0,92.0,328.0,21.0,0.0,238.0,9.0,374.0,25.0,92.0
01/01/2021,468.0,10.0,83.0,2.0,5.0,263.0,3.0,33.0,617.0,11.0,7.0,176.0,7.0,374.0,81.0,9.0,5.0,7824.0,52.0,40.0,0.0,12.0,53.0,2.0,0.0,194.0,30.0,14.0,2112.0,206.0,2.0,1603.0,498.0,16.0,1762.0,1560.0,214.0,313.0,52.0,177.0,143.0,703.0,77.0,41.0,5.0,159.0,98.0,334.0,22.0,0.0,232.0,14.0,375.0,24.0,86.0
01/02/2021,476.0,11.0,88.0,3.0,5.0,266.0,4.0,37.0,628.0,11.0,9.0,182.0,7.0,383.0,85.0,9.0,5.0,7971.0,59.0,39.0,0.0,13.0,54.0,2.0,0.0,195.0,30.0,11.0,2172.0,200.0,1.0,1630.0,480.0,16.0,1780.0,1543.0,219.0,312.0,51.0,182.0,152.0,709.0,76.0,41.0,5.0,172.0,94.0,339.0,26.0,0.0,227.0,11.0,384.0,24.0,81.0
01/03/2021,466.0,11.0,87.0,3.0,4.0,272.0,4.0,35.0,663.0,10.0,10.0,170.0,7.0,395.0,84.0,8.0,5.0,8203.0,60.0,41.0,1.0,12.0,57.0,2.0,0.0,203.0,30.0,11.0,2218.0,192.0,1.0,1660.0,524.0,11.0,1809.0,1559.0,211.0,303.0,53.0,188.0,164.0,724.0,82.0,42.0,5.0,179.0,98.0,355.0,22.0,0.0,231.0,11.0,400.0,29.0,78.0
01/04/2021,481.0,12.0,85.0,3.0,4.0,288.0,4.0,38.0,686.0,10.0,10.0,181.0,8.0,406.0,96.0,9.0,6.0,8318.0,62.0,38.0,1.0,13.0,60.0,2.0,0.0,199.0,27.0,10.0,2278.0,193.0,1.0,1737.0,498.0,11.0,1856.0,1585.0,216.0,333.0,58.0,186.0,180.0,738.0,86.0,45.0,4.0,186.0,102.0,362.0,18.0,0.0,236.0,12.0,409.0,28.0,70.0
01/05/2021,493.0,10.0,96.0,5.0,5.0,284.0,3.0,40.0,695.0,6.0,8.0,173.0,8.0,422.0,91.0,12.0,5.0,8422.0,60.0,40.0,1.0,13.0,58.0,2.0,2.0,194.0,25.0,12.0,2292.0,202.0,0.0,1731.0,542.0,13.0,1862.0,1646.0,229.0,348.0,66.0,196.0,173.0,741.0,84.0,51.0,5.0,182.0,102.0,369.0,17.0,0.0,234.0,11.0,432.0,32.0,76.0
01/06/2021,481.0,9.0,86.0,6.0,7.0,290.0,2.0,39.0,655.0,6.0,11.0,176.0,8.0,446.0,94.0,11.0,4.0,8385.0,61.0,41.0,1.0,12.0,57.0,1.0,1.0,212.0,27.0,13.0,2306.0,200.0,0.0,1753.0,531.0,14.0,1843.0,1732.0,243.0,343.0,71.0,187.0,182.0,751.0,76.0,49.0,5.0,184.0,108.0,358.0,17.0,0.0,222.0,10.0,426.0,30.0,70.0
01/07/2021,493.0,9.0,84.0,7.0,7.0,307.0,2.0,37.0,662.0,6.0,10.0,171.0,8.0,453.0,96.0,11.0,4.0,8293.0,57.0,41.0,1.0,12.0,58.0,2.0,0.0,208.0,32.0,15.0,2308.0,199.0,0.0,1776.0,537.0,11.0,1833.0,1756.0,250.0,331.0,64.0,188.0,186.0,749.0,77.0,48.0,4.0,197.0,114.0,362.0,15.0,0.0,215.0,11.0,416.0,31.0,72.0
01/08/2021,494.0,9.0,80.0,8.0,6.0,296.0,2.0,36.0,650.0,6.0,13.0,156.0,5.0,436.0,94.0,12.0,3.0,8253.0,50.0,36.0,0.0,8.0,55.0,1.0,2.0,207.0,31.0,11.0,2260.0,193.0,0.0,1790.0,513.0,15.0,1837.0,1763.0,254.0,321.0,56.0,190.0,186.0,725.0,78.0,52.0,6.0,188.0,105.0,355.0,14.0,0.0,214.0,11.0,421.0,29.0,64.0
01/09/2021,0.0,0.0,0.0,0.0,0.0,0.0,0.0,0.0,0.0,0.0,0.0,0.0,0.0,0.0,0.0,0.0,0.0,0.0,0.0,0.0,0.0,0.0,0.0,0.0,0.0,0.0,0.0,0.0,0.0,0.0,0.0,0.0,0.0,0.0,0.0,0.0,0.0,0.0,0.0,0.0,0.0,0.0,0.0,0.0,0.0,0.0,0.0,0.0,0.0,0.0,0.0,0.0,0.0,0.0,0.0
