ICU_Covid19,6001,6005,6007,6009,6011,6013,6015,6017,6019,6021,6023,6025,6027,6029,6031,6033,6035,6037,6039,6041,6043,6045,6047,6049,6051,6053,6055,6057,6059,6061,6063,6065,6067,6069,6071,6073,6075,6077,6079,6081,6083,6085,6087,6089,6093,6095,6097,6099,6103,6105,6107,6109,6111,6113,6115
ID,186,188,189,190,191,192,193,194,195,196,197,198,199,200,201,202,203,204,205,206,207,208,209,210,211,212,213,214,215,216,217,218,219,220,221,222,223,224,225,226,227,228,229,230,232,233,234,235,237,238,239,240,241,242,243
FIPS,6001,6005,6007,6009,6011,6013,6015,6017,6019,6021,6023,6025,6027,6029,6031,6033,6035,6037,6039,6041,6043,6045,6047,6049,6051,6053,6055,6057,6059,6061,6063,6065,6067,6069,6071,6073,6075,6077,6079,6081,6083,6085,6087,6089,6093,6095,6097,6099,6103,6105,6107,6109,6111,6113,6115
State,CA,CA,CA,CA,CA,CA,CA,CA,CA,CA,CA,CA,CA,CA,CA,CA,CA,CA,CA,CA,CA,CA,CA,CA,CA,CA,CA,CA,CA,CA,CA,CA,CA,CA,CA,CA,CA,CA,CA,CA,CA,CA,CA,CA,CA,CA,CA,CA,CA,CA,CA,CA,CA,CA,CA
County,Alameda County,Amador County,Butte County,Calaveras County,Colusa County,Contra Costa County,Del Norte County,El Dorado County,Fresno County,Glenn County,Humboldt County,Imperial County,Inyo County,Kern County,Kings County,Lake County,Lassen County,Los Angeles County,Madera County,Marin County,Mariposa County,Mendocino County,Merced County,Modoc County,Mono County,Monterey County,Napa County,Nevada County,Orange County,Placer County,Plumas County,Riverside County,Sacramento County,San Benito County,San Bernardino County,San Diego County,San Francisco County,San Joaquin County,San Luis Obispo County,San Mateo County,Santa Barbara County,Santa Clara County,Santa Cruz County,Shasta County,Siskiyou County,Solano County,Sonoma County,Stanislaus County,Tehama County,Trinity County,Tulare County,Tuolumne County,Ventura County,Yolo County,Yuba County
Full,"Alameda County, CA","Amador County, CA","Butte County, CA","Calaveras County, CA","Colusa County, CA","Contra Costa County, CA","Del Norte County, CA","El Dorado County, CA","Fresno County, CA","Glenn County, CA","Humboldt County, CA","Imperial County, CA","Inyo County, CA","Kern County, CA","Kings County, CA","Lake County, CA","Lassen County, CA","Los Angeles County, CA","Madera County, CA","Marin County, CA","Mariposa County, CA","Mendocino County, CA","Merced County, CA","Modoc County, CA","Mono County, CA","Monterey County, CA","Napa County, CA","Nevada County, CA","Orange County, CA","Placer County, CA","Plumas County, CA","Riverside County, CA","Sacramento County, CA","San Benito County, CA","San Bernardino County, CA","San Diego County, CA","San Francisco County, CA","San Joaquin County, CA","San Luis Obispo County, CA","San Mateo County, CA","Santa Barbara County, CA","Santa Clara County, CA","Santa Cruz County, CA","Shasta County, CA","Siskiyou County, CA","Solano County, CA","Sonoma County, CA","Stanislaus County, CA","Tehama County, CA","Trinity County, CA","Tulare County, CA","Tuolumne County, CA","Ventura County, CA","Yolo County, CA","Yuba County, CA"
01/01/2020,0,0,0,0,0,0,0,0,0,0,0,0,0,0,0,0,0,0,0,0,0,0,0,0,0,0,0,0,0,0,0,0,0,0,0,0,0,0,0,0,0,0,0,0,0,0,0,0,0,0,0,0,0,0,0
01/02/2020,0,0,0,0,0,0,0,0,0,0,0,0,0,0,0,0,0,0,0,0,0,0,0,0,0,0,0,0,0,0,0,0,0,0,0,0,0,0,0,0,0,0,0,0,0,0,0,0,0,0,0,0,0,0,0
01/03/2020,0,0,0,0,0,0,0,0,0,0,0,0,0,0,0,0,0,0,0,0,0,0,0,0,0,0,0,0,0,0,0,0,0,0,0,0,0,0,0,0,0,0,0,0,0,0,0,0,0,0,0,0,0,0,0
01/04/2020,0,0,0,0,0,0,0,0,0,0,0,0,0,0,0,0,0,0,0,0,0,0,0,0,0,0,0,0,0,0,0,0,0,0,0,0,0,0,0,0,0,0,0,0,0,0,0,0,0,0,0,0,0,0,0
01/05/2020,0,0,0,0,0,0,0,0,0,0,0,0,0,0,0,0,0,0,0,0,0,0,0,0,0,0,0,0,0,0,0,0,0,0,0,0,0,0,0,0,0,0,0,0,0,0,0,0,0,0,0,0,0,0,0
01/06/2020,0,0,0,0,0,0,0,0,0,0,0,0,0,0,0,0,0,0,0,0,0,0,0,0,0,0,0,0,0,0,0,0,0,0,0,0,0,0,0,0,0,0,0,0,0,0,0,0,0,0,0,0,0,0,0
01/07/2020,0,0,0,0,0,0,0,0,0,0,0,0,0,0,0,0,0,0,0,0,0,0,0,0,0,0,0,0,0,0,0,0,0,0,0,0,0,0,0,0,0,0,0,0,0,0,0,0,0,0,0,0,0,0,0
01/08/2020,0,0,0,0,0,0,0,0,0,0,0,0,0,0,0,0,0,0,0,0,0,0,0,0,0,0,0,0,0,0,0,0,0,0,0,0,0,0,0,0,0,0,0,0,0,0,0,0,0,0,0,0,0,0,0
01/09/2020,0,0,0,0,0,0,0,0,0,0,0,0,0,0,0,0,0,0,0,0,0,0,0,0,0,0,0,0,0,0,0,0,0,0,0,0,0,0,0,0,0,0,0,0,0,0,0,0,0,0,0,0,0,0,0
01/10/2020,0,0,0,0,0,0,0,0,0,0,0,0,0,0,0,0,0,0,0,0,0,0,0,0,0,0,0,0,0,0,0,0,0,0,0,0,0,0,0,0,0,0,0,0,0,0,0,0,0,0,0,0,0,0,0
01/11/2020,0,0,0,0,0,0,0,0,0,0,0,0,0,0,0,0,0,0,0,0,0,0,0,0,0,0,0,0,0,0,0,0,0,0,0,0,0,0,0,0,0,0,0,0,0,0,0,0,0,0,0,0,0,0,0
01/12/2020,0,0,0,0,0,0,0,0,0,0,0,0,0,0,0,0,0,0,0,0,0,0,0,0,0,0,0,0,0,0,0,0,0,0,0,0,0,0,0,0,0,0,0,0,0,0,0,0,0,0,0,0,0,0,0
01/13/2020,0,0,0,0,0,0,0,0,0,0,0,0,0,0,0,0,0,0,0,0,0,0,0,0,0,0,0,0,0,0,0,0,0,0,0,0,0,0,0,0,0,0,0,0,0,0,0,0,0,0,0,0,0,0,0
01/14/2020,0,0,0,0,0,0,0,0,0,0,0,0,0,0,0,0,0,0,0,0,0,0,0,0,0,0,0,0,0,0,0,0,0,0,0,0,0,0,0,0,0,0,0,0,0,0,0,0,0,0,0,0,0,0,0
01/15/2020,0,0,0,0,0,0,0,0,0,0,0,0,0,0,0,0,0,0,0,0,0,0,0,0,0,0,0,0,0,0,0,0,0,0,0,0,0,0,0,0,0,0,0,0,0,0,0,0,0,0,0,0,0,0,0
01/16/2020,0,0,0,0,0,0,0,0,0,0,0,0,0,0,0,0,0,0,0,0,0,0,0,0,0,0,0,0,0,0,0,0,0,0,0,0,0,0,0,0,0,0,0,0,0,0,0,0,0,0,0,0,0,0,0
01/17/2020,0,0,0,0,0,0,0,0,0,0,0,0,0,0,0,0,0,0,0,0,0,0,0,0,0,0,0,0,0,0,0,0,0,0,0,0,0,0,0,0,0,0,0,0,0,0,0,0,0,0,0,0,0,0,0
01/18/2020,0,0,0,0,0,0,0,0,0,0,0,0,0,0,0,0,0,0,0,0,0,0,0,0,0,0,0,0,0,0,0,0,0,0,0,0,0,0,0,0,0,0,0,0,0,0,0,0,0,0,0,0,0,0,0
01/19/2020,0,0,0,0,0,0,0,0,0,0,0,0,0,0,0,0,0,0,0,0,0,0,0,0,0,0,0,0,0,0,0,0,0,0,0,0,0,0,0,0,0,0,0,0,0,0,0,0,0,0,0,0,0,0,0
01/20/2020,0,0,0,0,0,0,0,0,0,0,0,0,0,0,0,0,0,0,0,0,0,0,0,0,0,0,0,0,0,0,0,0,0,0,0,0,0,0,0,0,0,0,0,0,0,0,0,0,0,0,0,0,0,0,0
01/21/2020,0,0,0,0,0,0,0,0,0,0,0,0,0,0,0,0,0,0,0,0,0,0,0,0,0,0,0,0,0,0,0,0,0,0,0,0,0,0,0,0,0,0,0,0,0,0,0,0,0,0,0,0,0,0,0
01/22/2020,0,0,0,0,0,0,0,0,0,0,0,0,0,0,0,0,0,0,0,0,0,0,0,0,0,0,0,0,0.0,0,0,0,0,0,0,0,0,0,0,0,0,0,0,0,0,0,0,0,0,0,0,0,0,0,0
01/23/2020,0,0,0,0,0,0,0,0,0,0,0,0,0,0,0,0,0,0,0,0,0,0,0,0,0,0,0,0,0.0,0,0,0,0,0,0,0,0,0,0,0,0,0,0,0,0,0,0,0,0,0,0,0,0,0,0
01/24/2020,0,0,0,0,0,0,0,0,0,0,0,0,0,0,0,0,0,0,0,0,0,0,0,0,0,0,0,0,0.0,0,0,0,0,0,0,0,0,0,0,0,0,0,0,0,0,0,0,0,0,0,0,0,0,0,0
01/25/2020,0,0,0,0,0,0,0,0,0,0,0,0,0,0,0,0,0,0,0,0,0,0,0,0,0,0,0,0,0.0,0,0,0,0,0,0,0,0,0,0,0,0,0,0,0,0,0,0,0,0,0,0,0,0,0,0
01/26/2020,0,0,0,0,0,0,0,0,0,0,0,0,0,0,0,0,0,0.0,0,0,0,0,0,0,0,0,0,0,0.0,0,0,0,0,0,0,0,0,0,0,0,0,0,0,0,0,0,0,0,0,0,0,0,0,0,0
01/27/2020,0,0,0,0,0,0,0,0,0,0,0,0,0,0,0,0,0,0.0,0,0,0,0,0,0,0,0,0,0,0.0,0,0,0,0,0,0,0,0,0,0,0,0,0,0,0,0,0,0,0,0,0,0,0,0,0,0
01/28/2020,0,0,0,0,0,0,0,0,0,0,0,0,0,0,0,0,0,0.0,0,0,0,0,0,0,0,0,0,0,0.0,0,0,0,0,0,0,0,0,0,0,0,0,0,0,0,0,0,0,0,0,0,0,0,0,0,0
01/29/2020,0,0,0,0,0,0,0,0,0,0,0,0,0,0,0,0,0,0.0,0,0,0,0,0,0,0,0,0,0,0.0,0,0,0,0,0,0,0,0,0,0,0,0,0,0,0,0,0,0,0,0,0,0,0,0,0,0
01/30/2020,0,0,0,0,0,0,0,0,0,0,0,0,0,0,0,0,0,0.0,0,0,0,0,0,0,0,0,0,0,0.0,0,0,0,0,0,0,0,0,0,0,0,0,0,0,0,0,0,0,0,0,0,0,0,0,0,0
01/31/2020,0,0,0,0,0,0,0,0,0,0,0,0,0,0,0,0,0,0.0,0,0,0,0,0,0,0,0,0,0,0.0,0,0,0,0,0,0,0,0,0,0,0,0,0.0,0,0,0,0,0,0,0,0,0,0,0,0,0
02/01/2020,0,0,0,0,0,0,0,0,0,0,0,0,0,0,0,0,0,0.0,0,0,0,0,0,0,0,0,0,0,0.0,0,0,0,0,0,0,0,0,0,0,0,0,0.0,0,0,0,0,0,0,0,0,0,0,0,0,0
02/02/2020,0,0,0,0,0,0,0,0,0,0,0,0,0,0,0,0,0,0.0,0,0,0,0,0,0,0,0,0,0,0.0,0,0,0,0,0,0,0,0.0,0,0,0,0,0.0,0,0,0,0,0,0,0,0,0,0,0,0,0
02/03/2020,0,0,0,0,0,0,0,0,0,0,0,0,0,0,0,0,0,0.0,0,0,0,0,0,0,0,0,0,0,0.0,0,0,0,0,0,0,0,0.0,0,0,0,0,0.0,0,0,0,0,0,0,0,0,0,0,0,0,0
02/04/2020,0,0,0,0,0,0,0,0,0,0,0,0,0,0,0,0,0,0.0,0,0,0,0,0,0,0,0,0,0,0.0,0,0,0,0,0,0,0,0.0,0,0,0,0,0.0,0,0,0,0,0,0,0,0,0,0,0,0,0
02/05/2020,0,0,0,0,0,0,0,0,0,0,0,0,0,0,0,0,0,0.0,0,0,0,0,0,0,0,0,0,0,0.0,0,0,0,0,0,0,0,0.0,0,0,0,0,0.0,0,0,0,0,0,0,0,0,0,0,0,0,0
02/06/2020,0,0,0,0,0,0,0,0,0,0,0,0,0,0,0,0,0,0.0,0,0,0,0,0,0,0,0,0,0,0.0,0,0,0,0,0,0,0,0.0,0,0,0,0,0.0,0,0,0,0,0,0,0,0,0,0,0,0,0
02/07/2020,0,0,0,0,0,0,0,0,0,0,0,0,0,0,0,0,0,0.0,0,0,0,0,0,0,0,0,0,0,0.0,0,0,0,0,0,0,0,0.0,0,0,0,0,0.0,0,0,0,0,0,0,0,0,0,0,0,0,0
02/08/2020,0,0,0,0,0,0,0,0,0,0,0,0,0,0,0,0,0,0.0,0,0,0,0,0,0,0,0,0,0,0.0,0,0,0,0,0,0,0,0.0,0,0,0,0,0.0,0,0,0,0,0,0,0,0,0,0,0,0,0
02/09/2020,0,0,0,0,0,0,0,0,0,0,0,0,0,0,0,0,0,0.0,0,0,0,0,0,0,0,0,0,0,0.0,0,0,0,0,0,0,0,0.0,0,0,0,0,0.0,0,0,0,0,0,0,0,0,0,0,0,0,0
02/10/2020,0,0,0,0,0,0,0,0,0,0,0,0,0,0,0,0,0,0.0,0,0,0,0,0,0,0,0,0,0,0.0,0,0,0,0,0,0,0.0,0.0,0,0,0,0,0.0,0,0,0,0,0,0,0,0,0,0,0,0,0
02/11/2020,0,0,0,0,0,0,0,0,0,0,0,0,0,0,0,0,0,0.0,0,0,0,0,0,0,0,0,0,0,0.0,0,0,0,0,0,0,0.0,0.0,0,0,0,0,0.0,0,0,0,0,0,0,0,0,0,0,0,0,0
02/12/2020,0,0,0,0,0,0,0,0,0,0,0,0,0,0,0,0,0,0.0,0,0,0,0,0,0,0,0,0,0,0.0,0,0,0,0,0,0,0.0,0.0,0,0,0,0,0.0,0,0,0,0,0,0,0,0,0,0,0,0,0
02/13/2020,0,0,0,0,0,0,0,0,0,0,0,0,0,0,0,0,0,0.0,0,0,0,0,0,0,0,0,0,0,0.0,0,0,0,0,0,0,0.0,0.0,0,0,0,0,0.0,0,0,0,0,0,0,0,0,0,0,0,0,0
02/14/2020,0,0,0,0,0,0,0,0,0,0,0,0,0,0,0,0,0,0.0,0,0,0,0,0,0,0,0,0,0,0.0,0,0,0,0,0,0,0.0,0.0,0,0,0,0,0.0,0,0,0,0,0,0,0,0,0,0,0,0,0
02/15/2020,0,0,0,0,0,0,0,0,0,0,0,0,0,0,0,0,0,0.0,0,0,0,0,0,0,0,0,0,0,0.0,0,0,0,0,0,0,0.0,0.0,0,0,0,0,0.0,0,0,0,0,0,0,0,0,0,0,0,0,0
02/16/2020,0,0,0,0,0,0,0,0,0,0,0,0,0,0,0,0,0,0.0,0,0,0,0,0,0,0,0,0,0,0.0,0,0,0,0,0,0,0.0,0.0,0,0,0,0,0.0,0,0,0,0,0,0,0,0,0,0,0,0,0
02/17/2020,0,0,0,0,0,0,0,0,0,0,0,0,0,0,0,0,0,0.0,0,0,0,0,0,0,0,0,0,0,0.0,0,0,0,0,0,0,0.0,0.0,0,0,0,0,0.0,0,0,0,0,0,0,0,0,0,0,0,0,0
02/18/2020,0,0,0,0,0,0,0,0,0,0,0,0,0,0,0,0,0,0.0,0,0,0,0,0,0,0,0,0,0,0.0,0,0,0,0,0,0,0.0,0.0,0,0,0,0,0.0,0,0,0,0,0,0,0,0,0,0,0,0,0
02/19/2020,0,0,0,0,0,0,0,0,0,0,0,0,0,0,0,0,0,0.0,0,0,0,0,0,0,0,0,0,0,0.0,0,0,0,0,0,0,0.0,0.0,0,0,0,0,0.0,0,0,0,0,0,0,0,0,0,0,0,0,0
02/20/2020,0,0,0,0,0,0,0,0,0,0,0.0,0,0,0,0,0,0,0.0,0,0,0,0,0,0,0,0,0,0,0.0,0,0,0,0,0,0,0.0,0.0,0,0,0,0,0.0,0,0,0,0,0,0,0,0,0,0,0,0,0
02/21/2020,0,0,0,0,0,0,0,0,0,0,0.0,0,0,0,0,0,0,0.0,0,0,0,0,0,0,0,0,0,0,0.0,0,0,0,0.0,0,0,0.0,0.0,0,0,0,0,0.0,0,0,0,0,0,0,0,0,0,0,0,0,0
02/22/2020,0,0,0,0,0,0,0,0,0,0,0.0,0,0,0,0,0,0,0.0,0,0,0,0,0,0,0,0,0,0,0.0,0,0,0,0.0,0,0,0.0,0.0,0,0,0,0,0.0,0,0,0,0,0,0,0,0,0,0,0,0,0
02/23/2020,0,0,0,0,0,0,0,0,0,0,0.0,0,0,0,0,0,0,0.0,0,0,0,0,0,0,0,0,0,0,0.0,0,0,0,0.0,0,0,0.0,0.0,0,0,0,0,0.0,0,0,0,0,0,0,0,0,0,0,0,0,0
02/24/2020,0,0,0,0,0,0,0,0,0,0,0.0,0,0,0,0,0,0,0.0,0,0,0,0,0,0,0,0,0,0,0.0,0,0,0,0.0,0,0,0.0,0.0,0,0,0,0,0.0,0,0,0,0.0,0,0,0,0,0,0,0,0,0
02/25/2020,0,0,0,0,0,0,0,0,0,0,0.0,0,0,0,0,0,0,0.0,0,0,0,0,0,0,0,0,0,0,0.0,0,0,0,0.0,0,0,0.0,0.0,0,0,0,0,0.0,0,0,0,0.0,0,0,0,0,0,0,0,0,0
02/26/2020,0,0,0,0,0,0,0,0,0,0,0.0,0,0,0,0,0,0,0.0,0,0.0,0,0,0,0,0,0,0.0,0,0.0,0,0,0,0.0,0,0,0.0,0.0,0,0,0,0,0.0,0,0,0,0.0,0.0,0,0,0,0,0,0,0,0
02/27/2020,0,0,0,0,0,0,0,0,0,0,0.0,0,0,0,0,0,0,0.0,0,0.0,0,0,0,0,0,0,0.0,0,0.0,0,0,0,0.0,0,0,0.0,0.0,0,0,0,0,0.0,0,0,0,0.0,0.0,0,0,0,0,0,0,0,0
02/28/2020,0,0,0,0,0,0,0,0,0,0,0.0,0,0,0,0,0,0,0.0,0,0.0,0,0,0,0,0,0,0.0,0,0.0,0,0,0,0.0,0,0,0.0,0.0,0,0,0,0,0.0,0,0,0,0.0,0.0,0,0,0,0,0,0,0,0
02/29/2020,0,0,0,0,0,0,0,0,0,0,0.0,0,0,0,0,0,0,0.0,0,0.0,0,0,0,0,0,0,0.0,0,0.0,0,0,0,0.0,0,0,0.0,0.0,0,0,0,0,0.0,0,0,0,0.0,0.0,0,0,0,0,0,0,0,0
03/01/2020,0.0,0,0,0,0,0,0,0,0,0,0.0,0,0,0,0,0,0,0.0,0,0.0,0,0,0,0,0,0,0.0,0,0.0,0,0,0,0.0,0,0,0.0,0.0,0,0,0,0,0.0,0,0,0,0.0,0.0,0,0,0,0,0,0,0,0
03/02/2020,0.0,0,0,0,0,0,0,0,0,0,0.0,0,0,0,0,0,0,0.0,0,0.0,0,0,0,0,0,0,0.0,0,0.0,0.0,0,0,0.0,0,0,0.0,0.0,0,0,0.0,0,0.0,0,0,0,0.0,0.0,0,0,0,0,0,0,0,0
03/03/2020,0.0,0,0,0,0,0.0,0,0,0,0,0.0,0,0,0,0,0,0,0.0,0,0.0,0,0,0,0,0,0,0.0,0,0.0,0.0,0,0,0.0,0,0,0.0,0.0,0,0,0.0,0,0.0,0,0,0,0.0,0.0,0,0,0,0,0,0,0,0
03/04/2020,0.0,0,0,0,0,0.0,0,0,0,0,0.0,0,0,0,0,0,0,0.0,0,0.0,0,0,0,0,0,0,0.0,0,0.0,0.0,0,0,0.0,0,0,0.0,0.0,0,0,0.0,0,0.0,0,0,0,0.0,0.0,0,0,0,0,0,0,0,0
03/05/2020,0.0,0,0,0,0,0.0,0,0,0,0,0.0,0,0,0,0,0,0,0.0,0,0.0,0,0,0,0,0,0,0.0,0,0.0,0.0,0,0,0.0,0,0,0.0,0.0,0,0,0.0,0,0.0,0,0,0,0.0,0.0,0,0,0,0,0,0,0,0
03/06/2020,0.0,0,0,0,0,0.0,0,0,0,0,0.0,0,0,0,0,0,0,0.0,0,0.0,0,0,0,0,0,0,0.0,0,0.0,0.0,0,0,0.0,0,0,0.0,0.0,0,0,0.0,0,0.0,0,0,0,0.0,0.0,0,0,0,0,0,0,0.0,0
03/07/2020,0.0,0,0,0,0,0.0,0,0,0.0,0,0.0,0,0,0,0,0,0,0.0,0.0,0.0,0,0,0,0,0,0,0.0,0,0.0,0.0,0,0.0,0.0,0,0,0.0,0.0,0,0,0.0,0,0.0,0.0,0,0,0.0,0.0,0,0,0,0,0,0,0.0,0
03/08/2020,0.0,0,0,0,0,0.0,0,0,0.0,0,0.0,0,0,0,0,0,0,0.0,0.0,0.0,0,0,0,0,0,0,0.0,0,0.0,0.0,0,0.0,0.0,0,0,0.0,0.0,0,0,0.0,0,0.0,0.0,0,0,0.0,0.0,0,0,0,0,0,0,0.0,0
03/09/2020,0.0,0,0,0,0,0.0,0,0,0.0,0,0.0,0,0,0,0,0,0,0.0,0.0,0.0,0,0,0,0,0,0,0.0,0,0.0,0.0,0,0.0,0.0,0,0,0.0,0.0,0,0,0.0,0,0.0,0.0,0.0,0,0.0,0.0,0,0,0,0,0,0,0.0,0
03/10/2020,0.0,0,0,0,0,0.0,0,0,0.0,0,0.0,0,0,0,0,0,0,0.0,0.0,0.0,0,0,0,0,0,0,0.0,0,0.0,0.0,0,0.0,0.0,0,0,0.0,0.0,0.0,0,0.0,0,0.0,0.0,0.0,0,0.0,0.0,0,0,0,0,0,0.0,0.0,0
03/11/2020,0.0,0,0,0,0,0.0,0,0,0.0,0,0.0,0,0,0,0,0,0,0.0,0.0,0.0,0,0,0,0,0,0,0.0,0,0.0,0.0,0,0.0,0.0,0,0,0.0,0.0,0.0,0,0.0,0,0.0,0.0,0.0,0,0.0,0.0,0.0,0,0,0,0,0.0,0.0,0
03/12/2020,0.0,0,0,0,0,0.0,0,0,0.0,0,0.0,0,0,0,0,0,0,0.0,0.0,0.0,0,0,0,0,0,0,0.0,0,0.0,0.0,0,0.0,0.0,0,0,0.0,0.0,0.0,0,0.0,0,0.0,0.0,0.0,0,0.0,0.0,0.0,0,0,0.0,0,0.0,0.0,0
03/13/2020,0.0,0,0,0,0,0.0,0,0,0.0,0,0.0,0,0,0,0,0,0,0.0,0.0,0.0,0,0,0,0,0,0,0.0,0,0.0,0.0,0,0.0,0.0,0.0,0,0.0,0.0,0.0,0,0.0,0,0.0,0.0,0.0,0,0.0,0.0,0.0,0,0,0.0,0,0.0,0.0,0
03/14/2020,0.0,0,0,0,0,0.0,0,0,0.0,0,0.0,0,0,0,0,0,0,0.0,0.0,0.0,0,0,0,0,0,0,0.0,0,0.0,0.0,0,0.0,0.0,0.0,0,0.0,0.0,0.0,0.0,0.0,0,0.0,0.0,0.0,0,0.0,0.0,0.0,0,0,0.0,0,0.0,0.0,0
03/15/2020,0.0,0,0,0,0,0.0,0,0,0.0,0,0.0,0,0,0,0,0,0,0.0,0.0,0.0,0,0,0,0,0,0,0.0,0,0.0,0.0,0,0.0,0.0,0.0,0.0,0.0,0.0,0.0,0.0,0.0,0.0,0.0,0.0,0.0,0,0.0,0.0,0.0,0,0,0.0,0,0.0,0.0,0
03/16/2020,0.0,0,0,0,0,0.0,0,0,0.0,0,0.0,0,0,0,0,0,0,0.0,0.0,0.0,0,0,0,0,0,0,0.0,0.0,0.0,0.0,0,0.0,0.0,0.0,0.0,0.0,0.0,0.0,0.0,0.0,0.0,0.0,0.0,0.0,0,0.0,0.0,0.0,0,0,0.0,0,0.0,0.0,0
03/17/2020,0.0,0,0,0,0,0.0,0,0,0.0,0,0.0,0,0,0.0,0,0,0,0.0,0.0,0.0,0,0,0,0,0,0.0,0.0,0.0,0.0,0.0,0,0.0,0.0,0.0,0.0,0.0,0.0,0.0,0.0,0.0,0.0,0.0,0.0,0.0,0,0.0,0.0,0.0,0,0,0.0,0,0.0,0.0,0
03/18/2020,0.0,0,0,0,0,0.0,0,0,0.0,0,0.0,0,0,0.0,0,0,0,0.0,0.0,0.0,0,0.0,0,0,0,0.0,0.0,0.0,0.0,0.0,0,0.0,0.0,0.0,0.0,0.0,0.0,0.0,0.0,0.0,0.0,0.0,0.0,0.0,0,0.0,0.0,0.0,0,0,0.0,0,0.0,0.0,0
03/19/2020,0.0,0,0,0,0,0.0,0,0,0.0,0,0.0,0,0,0.0,0,0,0,0.0,0.0,0.0,0,0.0,0,0,0,0.0,0.0,0.0,0.0,0.0,0,0.0,0.0,0.0,0.0,0.0,0.0,0.0,0.0,0.0,0.0,0.0,0.0,0.0,0,0.0,0.0,0.0,0,0,0.0,0,0.0,0.0,0
03/20/2020,0.0,0.0,0,0,0,0.0,0,0,0.0,0,0.0,0.0,0,0.0,0,0,0,0.0,0.0,0.0,0,0.0,0,0,0,0.0,0.0,0.0,0.0,0.0,0,0.0,0.0,0.0,0.0,0.0,0.0,0.0,0.0,0.0,0.0,0.0,0.0,0.0,0,0.0,0.0,0.0,0,0,0.0,0,0.0,0.0,0
03/21/2020,0.0,0.0,0.0,0,0,0.0,0,0.0,0.0,0,0.0,0.0,0,0.0,0,0,0,0.0,0.0,0.0,0,0.0,0,0,0,0.0,0.0,0.0,0.0,0.0,0,0.0,0.0,0.0,0.0,0.0,0.0,0.0,0.0,0.0,0.0,0.0,0.0,0.0,0.0,0.0,0.0,0.0,0,0,0.0,0,0.0,0.0,0.0
03/22/2020,0.0,0.0,0.0,0,0,0.0,0,0.0,0.0,0,0.0,0.0,0,0.0,0,0,0,0.0,0.0,0.0,0,0.0,0,0,0,0.0,0.0,0.0,0.0,0.0,0,0.0,0.0,0.0,0.0,0.0,0.0,0.0,0.0,0.0,0.0,0.0,0.0,0.0,0.0,0.0,0.0,0.0,0,0,0.0,0,0.0,0.0,0.0
03/23/2020,0.0,0.0,0.0,0,0,0.0,0,0.0,0.0,0,0.0,0.0,0,0.0,0,0,0,0.0,0.0,0.0,0,0.0,0,0,0,0.0,0.0,0.0,0.0,0.0,0,0.0,0.0,0.0,0.0,0.0,0.0,0.0,0.0,0.0,0.0,0.0,0.0,0.0,0.0,0.0,0.0,0.0,0,0,0.0,0,0.0,0.0,0.0
03/24/2020,0.0,0.0,0.0,0.0,0,0.0,0,0.0,0.0,0,0.0,0.0,0,0.0,0,0,0,0.0,0.0,0.0,0,0.0,0.0,0,0.0,0.0,0.0,0.0,0.0,0.0,0,0.0,0.0,0.0,0.0,0.0,0.0,0.0,0.0,0.0,0.0,0.0,0.0,0.0,0.0,0.0,0.0,0.0,0,0,0.0,0,0.0,0.0,0.0
03/25/2020,0.0,0.0,0.0,0.0,0,0.0,0,0.0,0.0,0,0.0,0.0,0.0,0.0,0,0,0,0.0,0.0,0.0,0,0.0,0.0,0,0.0,0.0,0.0,0.0,0.0,0.0,0,0.0,0.0,0.0,0.0,0.0,0.0,0.0,0.0,0.0,0.0,0.0,0.0,0.0,0.0,0.0,0.0,0.0,0,0,0.0,0,0.0,0.0,0.0
03/26/2020,0.0,0.0,0.0,0.0,0,0.0,0,0.0,0.0,0,0.0,0.0,0.0,0.0,0,0,0,0.0,0.0,0.0,0,0.0,0.0,0,0.0,0.0,0.0,0.0,0.0,0.0,0,0.0,0.0,0.0,0.0,0.0,0.0,0.0,0.0,0.0,0.0,0.0,0.0,0.0,0.0,0.0,0.0,0.0,0,0,0.0,0,0.0,0.0,0.0
03/27/2020,0.0,0.0,0.0,0.0,0.0,0.0,0,0.0,0.0,0,0.0,0.0,0.0,0.0,0.0,0,0,0.0,0.0,0.0,0,0.0,0.0,0,0.0,0.0,0.0,0.0,0.0,0.0,0,0.0,0.0,0.0,0.0,0.0,0.0,0.0,0.0,0.0,0.0,0.0,0.0,0.0,0.0,0.0,0.0,0.0,0,0,0.0,0,0.0,0.0,0.0
03/28/2020,0.0,0.0,0.0,0.0,0.0,0.0,0,0.0,0.0,0.0,0.0,0.0,0.0,0.0,0.0,0,0,0.0,0.0,0.0,0,0.0,0.0,0,0.0,0.0,0.0,0.0,0.0,0.0,0,0.0,0.0,0.0,0.0,0.0,0.0,0.0,0.0,0.0,0.0,0.0,0.0,0.0,0.0,0.0,0.0,0.0,0,0,0.0,0,0.0,0.0,0.0
03/29/2020,36.0,0.0,0.0,0.0,0.0,23.0,0.0,3.0,17.0,0.0,0.0,3.0,0.0,16.0,1.0,1.0,0.0,373.0,2.0,8.0,0,0.0,0.0,0.0,0.0,3.0,0.0,1.0,71.0,5.0,1.0,33.0,30.0,1.0,39.0,116.0,34.0,7.0,7.0,26.0,12.0,80.0,0.0,0.0,0.0,5.0,7.0,17.0,0.0,0.0,8.0,0.0,24.0,2.0,6.0
03/30/2020,45.0,0.0,3.0,1.0,1.0,17.0,0.0,6.0,17.0,0.0,0.0,6.0,0.0,14.0,3.0,1.0,0.0,489.0,4.0,6.0,0,1.0,2.0,0.0,0.0,4.0,1.0,7.0,100.0,6.0,0.0,55.0,44.0,1.0,60.0,95.0,25.0,12.0,7.0,29.0,18.0,97.0,0.0,0.0,0.0,6.0,7.0,14.0,0.0,0.0,10.0,0.0,33.0,3.0,6.0
03/31/2020,44.0,0.0,5.0,0.0,1.0,21.0,0.0,6.0,23.0,0.0,4.0,7.0,0.0,12.0,3.0,2.0,0.0,554.0,1.0,6.0,0,0.0,2.0,0.0,0.0,6.0,2.0,3.0,89.0,6.0,0.0,87.0,51.0,1.0,81.0,114.0,44.0,19.0,9.0,23.0,21.0,90.0,3.0,1.0,0.0,11.0,6.0,10.0,0.0,0.0,9.0,0.0,29.0,4.0,6.0
04/01/2020,42.0,0.0,6.0,0.0,1.0,24.0,0.0,4.0,18.0,0.0,3.0,7.0,0.0,16.0,3.0,0.0,0.0,555.0,1.0,6.0,0.0,0.0,3.0,0.0,0.0,8.0,1.0,4.0,98.0,8.0,0.0,76.0,53.0,2.0,91.0,103.0,38.0,27.0,11.0,28.0,21.0,92.0,4.0,1.0,2.0,7.0,3.0,16.0,1.0,0.0,7.0,0.0,28.0,2.0,6.0
04/02/2020,46.0,0.0,4.0,0.0,1.0,23.0,0.0,6.0,19.0,0.0,2.0,8.0,1.0,35.0,2.0,0.0,0.0,539.0,4.0,4.0,0.0,0.0,1.0,0.0,0.0,6.0,2.0,3.0,114.0,9.0,0.0,94.0,43.0,2.0,95.0,104.0,43.0,27.0,8.0,30.0,28.0,88.0,3.0,1.0,2.0,8.0,1.0,18.0,1.0,0.0,9.0,0.0,31.0,5.0,8.0
04/03/2020,45.0,0.0,8.0,0.0,1.0,25.0,0.0,4.0,23.0,0.0,0.0,7.0,3.0,28.0,1.0,1.0,0.0,631.0,1.0,8.0,0.0,1.0,2.0,0.0,0.0,4.0,1.0,3.0,102.0,11.0,0.0,103.0,45.0,2.0,97.0,112.0,47.0,26.0,5.0,30.0,22.0,88.0,3.0,4.0,1.0,12.0,5.0,20.0,0.0,0.0,7.0,0.0,34.0,9.0,4.0
04/04/2020,53.0,0.0,5.0,0.0,1.0,19.0,0.0,3.0,27.0,0.0,0.0,7.0,2.0,25.0,1.0,1.0,0.0,630.0,0.0,8.0,0.0,1.0,2.0,0.0,0.0,6.0,1.0,4.0,115.0,11.0,0.0,95.0,43.0,2.0,117.0,105.0,44.0,23.0,6.0,31.0,20.0,91.0,3.0,4.0,1.0,9.0,8.0,21.0,0.0,0.0,6.0,1.0,32.0,6.0,4.0
04/05/2020,52.0,0.0,7.0,0.0,1.0,25.0,0.0,3.0,23.0,0.0,0.0,9.0,1.0,16.0,2.0,2.0,0.0,639.0,0.0,8.0,0.0,2.0,4.0,0.0,0.0,4.0,1.0,3.0,116.0,11.0,0.0,107.0,49.0,2.0,113.0,120.0,48.0,21.0,11.0,30.0,20.0,86.0,8.0,4.0,2.0,30.0,8.0,19.0,0.0,0.0,10.0,0.0,35.0,6.0,2.0
04/06/2020,62.0,0.0,6.0,0.0,0.0,26.0,0.0,0.0,31.0,0.0,3.0,9.0,1.0,17.0,2.0,2.0,0.0,661.0,1.0,8.0,0.0,2.0,2.0,0.0,0.0,6.0,0.0,3.0,106.0,11.0,0.0,111.0,45.0,2.0,103.0,108.0,43.0,17.0,4.0,30.0,24.0,89.0,6.0,4.0,0.0,12.0,6.0,16.0,0.0,0.0,11.0,0.0,29.0,7.0,4.0
04/07/2020,68.0,0.0,6.0,0.0,0.0,26.0,1.0,3.0,24.0,0.0,0.0,9.0,1.0,27.0,2.0,0.0,0.0,679.0,1.0,8.0,0.0,0.0,3.0,0.0,0.0,9.0,3.0,3.0,100.0,12.0,0.0,114.0,46.0,2.0,103.0,116.0,45.0,18.0,6.0,28.0,24.0,84.0,7.0,5.0,1.0,13.0,8.0,22.0,0.0,0.0,11.0,0.0,29.0,3.0,6.0
04/08/2020,63.0,0.0,8.0,0.0,0.0,31.0,1.0,1.0,18.0,0.0,0.0,11.0,2.0,19.0,2.0,1.0,0.0,743.0,1.0,6.0,0.0,0.0,2.0,0.0,0.0,5.0,1.0,4.0,83.0,12.0,0.0,97.0,40.0,1.0,104.0,116.0,53.0,19.0,13.0,27.0,20.0,76.0,7.0,4.0,1.0,10.0,7.0,16.0,0.0,0.0,7.0,0.0,23.0,3.0,4.0
04/09/2020,62.0,0.0,5.0,0.0,1.0,30.0,0.0,1.0,19.0,0.0,2.0,10.0,1.0,25.0,3.0,1.0,0.0,697.0,2.0,3.0,0.0,0.0,2.0,0.0,0.0,5.0,0.0,3.0,74.0,10.0,0.0,93.0,42.0,1.0,97.0,116.0,46.0,19.0,10.0,20.0,22.0,87.0,7.0,3.0,0.0,8.0,6.0,18.0,1.0,0.0,9.0,0.0,21.0,3.0,6.0
04/10/2020,71.0,0.0,6.0,0.0,0.0,23.0,0.0,1.0,20.0,0.0,3.0,11.0,1.0,20.0,3.0,0.0,0.0,656.0,1.0,2.0,0.0,1.0,1.0,0.0,0.0,6.0,4.0,3.0,94.0,12.0,0.0,91.0,43.0,1.0,124.0,110.0,44.0,19.0,5.0,21.0,20.0,72.0,8.0,3.0,0.0,12.0,7.0,14.0,0.0,0.0,7.0,1.0,21.0,2.0,1.0
04/11/2020,65.0,0.0,2.0,1.0,0.0,30.0,1.0,1.0,19.0,0.0,3.0,10.0,1.0,21.0,4.0,0.0,0.0,690.0,2.0,4.0,0.0,1.0,1.0,0.0,0.0,7.0,0.0,3.0,64.0,11.0,0.0,83.0,39.0,0.0,99.0,121.0,41.0,19.0,7.0,20.0,25.0,74.0,9.0,2.0,0.0,13.0,5.0,12.0,0.0,0.0,6.0,0.0,20.0,1.0,2.0
04/12/2020,63.0,0.0,2.0,2.0,0.0,19.0,0.0,0.0,15.0,0.0,2.0,9.0,1.0,21.0,3.0,0.0,0.0,703.0,0.0,2.0,0.0,0.0,2.0,0.0,0.0,8.0,0.0,4.0,96.0,9.0,0.0,95.0,37.0,0.0,99.0,118.0,37.0,16.0,6.0,18.0,22.0,74.0,9.0,2.0,0.0,17.0,4.0,11.0,0.0,0.0,7.0,0.0,16.0,2.0,1.0
04/13/2020,61.0,0.0,8.0,1.0,0.0,21.0,1.0,1.0,20.0,0.0,1.0,8.0,3.0,19.0,1.0,1.0,0.0,720.0,1.0,3.0,0.0,3.0,1.0,0.0,0.0,6.0,0.0,4.0,71.0,8.0,0.0,96.0,35.0,0.0,84.0,125.0,39.0,20.0,4.0,22.0,23.0,76.0,5.0,2.0,2.0,12.0,4.0,14.0,0.0,0.0,6.0,0.0,18.0,2.0,0.0
04/14/2020,55.0,0.0,7.0,0.0,0.0,24.0,4.0,0.0,20.0,0.0,0.0,9.0,1.0,20.0,2.0,0.0,0.0,703.0,2.0,5.0,0.0,0.0,2.0,0.0,0.0,3.0,0.0,3.0,88.0,9.0,0.0,100.0,32.0,0.0,102.0,123.0,33.0,13.0,8.0,23.0,20.0,71.0,3.0,3.0,0.0,10.0,4.0,16.0,0.0,0.0,6.0,0.0,16.0,2.0,1.0
04/15/2020,45.0,0.0,2.0,0.0,0.0,24.0,1.0,1.0,14.0,0.0,0.0,11.0,0.0,17.0,2.0,2.0,0.0,739.0,1.0,6.0,0.0,0.0,0.0,0.0,0.0,5.0,0.0,3.0,100.0,6.0,0.0,99.0,34.0,0.0,104.0,121.0,32.0,13.0,6.0,18.0,19.0,71.0,5.0,1.0,2.0,10.0,8.0,11.0,0.0,0.0,7.0,0.0,24.0,2.0,2.0
04/16/2020,40.0,0.0,3.0,1.0,1.0,27.0,0.0,0.0,16.0,0.0,6.0,10.0,1.0,17.0,2.0,0.0,0.0,702.0,0.0,3.0,0.0,0.0,0.0,0.0,0.0,4.0,0.0,4.0,80.0,2.0,0.0,106.0,38.0,0.0,85.0,113.0,40.0,13.0,3.0,16.0,16.0,77.0,4.0,1.0,1.0,10.0,4.0,9.0,0.0,0.0,9.0,0.0,17.0,1.0,2.0
04/17/2020,53.0,0.0,6.0,2.0,1.0,24.0,1.0,1.0,14.0,0.0,3.0,12.0,1.0,19.0,2.0,1.0,0.0,699.0,0.0,2.0,0.0,0.0,2.0,0.0,0.0,4.0,0.0,4.0,73.0,3.0,0.0,92.0,42.0,0.0,91.0,113.0,36.0,13.0,5.0,17.0,16.0,82.0,3.0,1.0,0.0,6.0,4.0,9.0,0.0,0.0,8.0,0.0,19.0,1.0,4.0
04/18/2020,52.0,0.0,2.0,0.0,0.0,21.0,1.0,2.0,15.0,0.0,0.0,13.0,1.0,20.0,2.0,0.0,0.0,696.0,0.0,1.0,0.0,0.0,0.0,0.0,0.0,2.0,0.0,5.0,87.0,3.0,0.0,90.0,39.0,0.0,83.0,108.0,34.0,15.0,5.0,16.0,19.0,80.0,2.0,1.0,1.0,7.0,2.0,6.0,0.0,0.0,9.0,0.0,14.0,1.0,2.0
04/19/2020,42.0,0.0,1.0,0.0,0.0,21.0,0.0,3.0,16.0,0.0,0.0,13.0,1.0,20.0,3.0,0.0,0.0,710.0,0.0,4.0,0.0,0.0,1.0,0.0,0.0,2.0,0.0,5.0,97.0,6.0,0.0,98.0,33.0,0.0,79.0,118.0,37.0,14.0,3.0,18.0,17.0,72.0,1.0,1.0,1.0,9.0,2.0,8.0,0.0,0.0,9.0,0.0,13.0,0.0,2.0
04/20/2020,42.0,0.0,1.0,0.0,0.0,21.0,1.0,0.0,16.0,0.0,0.0,13.0,1.0,14.0,3.0,1.0,0.0,718.0,0.0,3.0,0.0,0.0,1.0,0.0,0.0,3.0,1.0,3.0,94.0,3.0,0.0,101.0,41.0,0.0,88.0,108.0,34.0,20.0,2.0,22.0,22.0,76.0,1.0,1.0,1.0,9.0,6.0,11.0,0.0,0.0,9.0,0.0,10.0,0.0,1.0
04/21/2020,50.0,0.0,1.0,0.0,1.0,24.0,0.0,0.0,18.0,0.0,0.0,12.0,1.0,14.0,3.0,0.0,0.0,724.0,0.0,3.0,0.0,0.0,2.0,0.0,0.0,3.0,1.0,3.0,104.0,4.0,0.0,113.0,29.0,0.0,87.0,119.0,34.0,21.0,4.0,21.0,18.0,86.0,1.0,1.0,1.0,2.0,6.0,11.0,0.0,0.0,9.0,0.0,19.0,1.0,0.0
04/22/2020,55.0,0.0,1.0,0.0,1.0,27.0,1.0,1.0,18.0,0.0,1.0,12.0,1.0,15.0,3.0,1.0,0.0,727.0,0.0,7.0,0.0,0.0,0.0,0.0,0.0,3.0,1.0,1.0,94.0,2.0,0.0,109.0,23.0,0.0,86.0,125.0,31.0,18.0,4.0,17.0,16.0,77.0,2.0,1.0,1.0,4.0,7.0,11.0,0.0,0.0,9.0,0.0,17.0,1.0,0.0
04/23/2020,61.0,0.0,1.0,1.0,1.0,26.0,3.0,1.0,20.0,0.0,1.0,9.0,1.0,17.0,3.0,0.0,0.0,718.0,1.0,6.0,0.0,1.0,0.0,0.0,0.0,5.0,1.0,1.0,100.0,2.0,0.0,107.0,24.0,0.0,73.0,117.0,37.0,21.0,2.0,17.0,17.0,72.0,1.0,1.0,1.0,9.0,5.0,8.0,0.0,0.0,11.0,0.0,15.0,1.0,2.0
04/24/2020,49.0,0.0,3.0,1.0,1.0,23.0,0.0,3.0,20.0,0.0,1.0,9.0,1.0,17.0,2.0,1.0,0.0,687.0,0.0,4.0,0.0,0.0,1.0,0.0,0.0,5.0,1.0,2.0,92.0,2.0,0.0,108.0,28.0,0.0,73.0,120.0,35.0,16.0,6.0,20.0,17.0,65.0,2.0,1.0,0.0,7.0,3.0,8.0,1.0,0.0,11.0,0.0,9.0,1.0,2.0
04/25/2020,45.0,1.0,0.0,0.0,2.0,16.0,0.0,2.0,21.0,0.0,0.0,9.0,0.0,25.0,2.0,0.0,0.0,678.0,1.0,5.0,0.0,0.0,1.0,0.0,0.0,3.0,2.0,2.0,95.0,3.0,0.0,111.0,34.0,0.0,67.0,129.0,32.0,17.0,2.0,26.0,20.0,77.0,5.0,1.0,0.0,7.0,0.0,6.0,1.0,0.0,7.0,0.0,15.0,1.0,2.0
04/26/2020,47.0,0.0,0.0,0.0,2.0,18.0,1.0,3.0,27.0,0.0,0.0,10.0,0.0,23.0,2.0,0.0,0.0,710.0,0.0,5.0,0.0,0.0,2.0,0.0,0.0,5.0,1.0,2.0,96.0,6.0,0.0,110.0,22.0,0.0,70.0,135.0,34.0,13.0,3.0,20.0,16.0,77.0,2.0,1.0,0.0,4.0,1.0,11.0,0.0,0.0,8.0,0.0,9.0,2.0,1.0
04/27/2020,47.0,0.0,0.0,0.0,2.0,21.0,2.0,2.0,20.0,0.0,0.0,12.0,0.0,25.0,2.0,1.0,0.0,709.0,0.0,1.0,0.0,1.0,0.0,0.0,0.0,3.0,1.0,1.0,99.0,4.0,0.0,98.0,29.0,0.0,67.0,130.0,32.0,16.0,4.0,20.0,15.0,66.0,1.0,1.0,1.0,7.0,2.0,16.0,0.0,0.0,7.0,1.0,16.0,0.0,3.0
04/28/2020,50.0,0.0,0.0,0.0,1.0,23.0,1.0,2.0,21.0,0.0,1.0,13.0,0.0,25.0,2.0,1.0,0.0,727.0,0.0,2.0,0.0,0.0,2.0,0.0,0.0,4.0,0.0,2.0,100.0,3.0,0.0,98.0,25.0,0.0,82.0,130.0,36.0,16.0,4.0,17.0,16.0,56.0,1.0,2.0,1.0,5.0,4.0,9.0,0.0,0.0,6.0,0.0,22.0,1.0,1.0
04/29/2020,46.0,0.0,1.0,0.0,1.0,23.0,1.0,2.0,24.0,0.0,3.0,13.0,0.0,26.0,2.0,1.0,0.0,699.0,0.0,1.0,0.0,0.0,2.0,0.0,0.0,3.0,0.0,2.0,92.0,4.0,0.0,110.0,22.0,0.0,79.0,136.0,32.0,16.0,3.0,17.0,14.0,48.0,1.0,2.0,1.0,10.0,4.0,9.0,0.0,0.0,5.0,0.0,17.0,1.0,0.0
04/30/2020,46.0,0.0,0.0,0.0,1.0,15.0,2.0,1.0,19.0,0.0,2.0,13.0,0.0,20.0,2.0,0.0,0.0,684.0,0.0,0.0,0.0,0.0,1.0,0.0,0.0,6.0,0.0,1.0,87.0,5.0,0.0,115.0,22.0,0.0,75.0,141.0,33.0,12.0,4.0,17.0,16.0,48.0,2.0,2.0,0.0,8.0,5.0,8.0,0.0,0.0,7.0,0.0,14.0,0.0,0.0
05/01/2020,45.0,0.0,1.0,0.0,1.0,15.0,0.0,1.0,21.0,0.0,0.0,15.0,0.0,19.0,2.0,1.0,0.0,704.0,0.0,0.0,0.0,0.0,1.0,0.0,0.0,4.0,0.0,1.0,85.0,4.0,0.0,122.0,18.0,0.0,70.0,134.0,32.0,14.0,3.0,18.0,15.0,44.0,2.0,1.0,0.0,9.0,5.0,5.0,0.0,0.0,7.0,0.0,14.0,0.0,0.0
05/02/2020,38.0,0.0,0.0,1.0,1.0,17.0,0.0,1.0,19.0,0.0,0.0,15.0,0.0,20.0,2.0,0.0,0.0,704.0,0.0,0.0,0.0,0.0,2.0,0.0,0.0,5.0,0.0,1.0,98.0,6.0,0.0,109.0,26.0,0.0,77.0,141.0,36.0,15.0,5.0,17.0,17.0,46.0,1.0,0.0,0.0,13.0,3.0,8.0,0.0,0.0,7.0,0.0,17.0,0.0,0.0
05/03/2020,48.0,0.0,0.0,1.0,1.0,15.0,0.0,1.0,22.0,0.0,0.0,14.0,0.0,18.0,2.0,1.0,0.0,694.0,0.0,0.0,0.0,0.0,4.0,0.0,0.0,4.0,0.0,0.0,91.0,6.0,0.0,112.0,28.0,0.0,75.0,145.0,34.0,15.0,4.0,18.0,15.0,47.0,1.0,0.0,0.0,9.0,5.0,8.0,0.0,0.0,7.0,0.0,16.0,2.0,1.0
05/04/2020,46.0,0.0,0.0,0.0,0.0,13.0,0.0,0.0,25.0,0.0,1.0,16.0,0.0,23.0,2.0,0.0,0.0,676.0,0.0,3.0,0.0,0.0,5.0,0.0,0.0,3.0,1.0,0.0,88.0,1.0,0.0,104.0,21.0,0.0,69.0,135.0,26.0,14.0,4.0,13.0,18.0,42.0,0.0,0.0,0.0,8.0,3.0,5.0,0.0,0.0,6.0,0.0,14.0,2.0,1.0
05/05/2020,42.0,0.0,0.0,0.0,0.0,18.0,0.0,0.0,27.0,0.0,2.0,16.0,0.0,20.0,2.0,1.0,0.0,681.0,0.0,3.0,0.0,0.0,4.0,0.0,0.0,3.0,2.0,0.0,85.0,2.0,0.0,114.0,19.0,0.0,78.0,133.0,33.0,17.0,3.0,18.0,15.0,39.0,1.0,0.0,0.0,6.0,3.0,4.0,0.0,0.0,5.0,0.0,18.0,0.0,1.0
05/06/2020,43.0,0.0,0.0,0.0,0.0,20.0,0.0,0.0,22.0,0.0,2.0,19.0,0.0,18.0,2.0,1.0,0.0,657.0,0.0,3.0,0.0,0.0,6.0,0.0,0.0,3.0,1.0,1.0,85.0,6.0,0.0,109.0,19.0,0.0,65.0,134.0,30.0,17.0,4.0,14.0,14.0,40.0,1.0,0.0,0.0,8.0,3.0,3.0,0.0,0.0,5.0,0.0,19.0,0.0,0.0
05/07/2020,43.0,0.0,0.0,0.0,0.0,19.0,0.0,0.0,18.0,0.0,0.0,19.0,0.0,20.0,3.0,0.0,0.0,638.0,0.0,2.0,0.0,0.0,4.0,0.0,0.0,3.0,1.0,0.0,94.0,5.0,0.0,99.0,19.0,0.0,63.0,139.0,31.0,12.0,3.0,13.0,14.0,35.0,0.0,0.0,2.0,10.0,3.0,5.0,0.0,0.0,5.0,0.0,20.0,0.0,0.0
05/08/2020,46.0,0.0,0.0,0.0,1.0,21.0,1.0,0.0,19.0,0.0,0.0,19.0,0.0,23.0,4.0,0.0,0.0,617.0,0.0,2.0,0.0,0.0,5.0,0.0,0.0,3.0,1.0,0.0,99.0,3.0,0.0,104.0,16.0,0.0,63.0,144.0,35.0,14.0,3.0,14.0,13.0,34.0,0.0,0.0,2.0,7.0,5.0,5.0,0.0,0.0,7.0,0.0,19.0,0.0,0.0
05/09/2020,51.0,0.0,2.0,1.0,0.0,20.0,0.0,0.0,21.0,0.0,0.0,19.0,0.0,27.0,4.0,0.0,0.0,575.0,0.0,4.0,0.0,0.0,6.0,0.0,0.0,3.0,1.0,0.0,104.0,3.0,0.0,103.0,17.0,0.0,68.0,143.0,32.0,11.0,4.0,16.0,12.0,33.0,0.0,0.0,0.0,9.0,5.0,6.0,0.0,0.0,9.0,0.0,17.0,2.0,0.0
05/10/2020,44.0,0.0,1.0,0.0,0.0,16.0,0.0,0.0,31.0,0.0,0.0,17.0,0.0,29.0,4.0,0.0,0.0,588.0,0.0,5.0,0.0,0.0,4.0,0.0,0.0,3.0,2.0,0.0,102.0,4.0,0.0,102.0,18.0,0.0,65.0,142.0,34.0,10.0,2.0,17.0,12.0,32.0,0.0,1.0,0.0,9.0,4.0,4.0,0.0,0.0,8.0,0.0,17.0,2.0,0.0
05/11/2020,49.0,0.0,0.0,1.0,0.0,18.0,0.0,0.0,30.0,0.0,0.0,17.0,0.0,28.0,4.0,0.0,0.0,584.0,0.0,2.0,0.0,0.0,6.0,0.0,0.0,5.0,1.0,1.0,110.0,4.0,0.0,103.0,14.0,0.0,65.0,144.0,34.0,7.0,3.0,17.0,12.0,34.0,0.0,0.0,0.0,12.0,6.0,8.0,0.0,0.0,10.0,0.0,19.0,0.0,1.0
05/12/2020,46.0,0.0,1.0,0.0,1.0,19.0,0.0,0.0,23.0,0.0,0.0,19.0,0.0,29.0,4.0,1.0,0.0,583.0,0.0,1.0,0.0,0.0,5.0,0.0,0.0,5.0,1.0,1.0,102.0,5.0,0.0,96.0,13.0,0.0,58.0,142.0,27.0,8.0,3.0,20.0,11.0,29.0,0.0,0.0,1.0,15.0,8.0,3.0,0.0,0.0,11.0,0.0,22.0,0.0,1.0
05/13/2020,49.0,0.0,2.0,0.0,1.0,15.0,0.0,0.0,23.0,0.0,2.0,19.0,0.0,28.0,4.0,1.0,0.0,587.0,0.0,1.0,0.0,0.0,4.0,0.0,0.0,5.0,0.0,1.0,127.0,4.0,0.0,88.0,9.0,1.0,59.0,146.0,31.0,5.0,3.0,19.0,11.0,27.0,0.0,0.0,0.0,11.0,4.0,3.0,0.0,0.0,10.0,0.0,23.0,1.0,0.0
05/14/2020,50.0,0.0,0.0,0.0,0.0,12.0,0.0,0.0,23.0,0.0,2.0,20.0,0.0,23.0,4.0,0.0,0.0,581.0,0.0,2.0,0.0,0.0,5.0,0.0,0.0,5.0,0.0,1.0,116.0,3.0,0.0,94.0,16.0,1.0,62.0,155.0,30.0,13.0,1.0,12.0,12.0,25.0,0.0,0.0,0.0,10.0,6.0,3.0,0.0,0.0,10.0,0.0,27.0,0.0,0.0
05/15/2020,57.0,0.0,1.0,1.0,0.0,16.0,0.0,0.0,18.0,0.0,1.0,20.0,0.0,18.0,3.0,0.0,0.0,571.0,0.0,1.0,0.0,0.0,4.0,0.0,0.0,5.0,1.0,1.0,124.0,5.0,0.0,92.0,13.0,1.0,65.0,151.0,23.0,16.0,3.0,16.0,14.0,25.0,0.0,0.0,0.0,9.0,4.0,5.0,1.0,0.0,9.0,0.0,19.0,0.0,0.0
05/16/2020,50.0,0.0,1.0,0.0,0.0,17.0,0.0,1.0,20.0,0.0,1.0,18.0,0.0,19.0,3.0,0.0,0.0,563.0,0.0,0.0,0.0,0.0,5.0,0.0,0.0,4.0,1.0,2.0,121.0,7.0,0.0,85.0,12.0,1.0,67.0,153.0,24.0,12.0,2.0,14.0,15.0,28.0,0.0,0.0,1.0,10.0,2.0,3.0,0.0,0.0,10.0,0.0,21.0,0.0,0.0
05/17/2020,53.0,0.0,1.0,0.0,0.0,18.0,0.0,2.0,28.0,0.0,1.0,18.0,0.0,18.0,5.0,0.0,0.0,575.0,0.0,0.0,0.0,1.0,5.0,0.0,0.0,4.0,1.0,1.0,135.0,7.0,0.0,86.0,14.0,1.0,67.0,150.0,23.0,10.0,2.0,15.0,16.0,25.0,0.0,1.0,1.0,10.0,3.0,3.0,0.0,0.0,10.0,0.0,13.0,2.0,0.0
05/18/2020,52.0,1.0,1.0,0.0,1.0,19.0,0.0,2.0,19.0,0.0,1.0,17.0,0.0,18.0,6.0,0.0,0.0,570.0,0.0,3.0,0.0,1.0,5.0,0.0,0.0,4.0,2.0,0.0,123.0,4.0,0.0,86.0,18.0,1.0,66.0,149.0,31.0,9.0,2.0,15.0,14.0,22.0,0.0,0.0,0.0,11.0,4.0,2.0,0.0,0.0,10.0,0.0,18.0,0.0,0.0
05/19/2020,56.0,0.0,1.0,0.0,1.0,17.0,0.0,2.0,24.0,0.0,1.0,19.0,0.0,21.0,6.0,1.0,0.0,560.0,0.0,2.0,0.0,1.0,4.0,0.0,0.0,4.0,2.0,0.0,135.0,6.0,0.0,100.0,16.0,1.0,75.0,155.0,20.0,12.0,2.0,15.0,13.0,22.0,0.0,0.0,0.0,12.0,4.0,5.0,0.0,0.0,11.0,0.0,19.0,0.0,0.0
05/20/2020,63.0,0.0,2.0,0.0,0.0,15.0,0.0,2.0,18.0,0.0,2.0,22.0,0.0,23.0,5.0,0.0,0.0,539.0,0.0,0.0,0.0,1.0,4.0,0.0,0.0,4.0,2.0,0.0,130.0,5.0,0.0,95.0,17.0,1.0,65.0,150.0,27.0,9.0,3.0,17.0,12.0,21.0,0.0,0.0,0.0,11.0,4.0,8.0,0.0,0.0,12.0,0.0,21.0,0.0,0.0
05/21/2020,62.0,0.0,3.0,1.0,0.0,17.0,0.0,2.0,20.0,0.0,3.0,22.0,0.0,20.0,6.0,0.0,0.0,556.0,0.0,0.0,0.0,1.0,4.0,0.0,0.0,4.0,2.0,0.0,130.0,9.0,0.0,82.0,18.0,1.0,63.0,145.0,27.0,13.0,3.0,14.0,10.0,24.0,1.0,0.0,0.0,13.0,8.0,8.0,0.0,0.0,9.0,0.0,15.0,1.0,0.0
05/22/2020,55.0,0.0,2.0,0.0,0.0,11.0,0.0,3.0,26.0,0.0,2.0,23.0,0.0,20.0,8.0,0.0,0.0,572.0,0.0,2.0,0.0,1.0,4.0,0.0,0.0,4.0,1.0,0.0,145.0,8.0,0.0,80.0,4.0,0.0,55.0,155.0,29.0,11.0,2.0,14.0,9.0,20.0,1.0,0.0,1.0,7.0,5.0,5.0,0.0,0.0,10.0,0.0,17.0,0.0,0.0
05/23/2020,60.0,0.0,2.0,0.0,0.0,12.0,0.0,6.0,27.0,0.0,2.0,23.0,0.0,24.0,8.0,1.0,0.0,566.0,0.0,3.0,0.0,0.0,6.0,0.0,0.0,4.0,1.0,1.0,135.0,8.0,0.0,79.0,3.0,0.0,62.0,152.0,27.0,13.0,1.0,16.0,9.0,19.0,1.0,0.0,1.0,6.0,5.0,8.0,0.0,0.0,10.0,0.0,12.0,2.0,0.0
05/24/2020,55.0,0.0,2.0,0.0,0.0,11.0,0.0,5.0,23.0,0.0,1.0,23.0,0.0,24.0,10.0,2.0,0.0,549.0,1.0,3.0,0.0,0.0,5.0,0.0,0.0,4.0,1.0,2.0,131.0,9.0,0.0,78.0,6.0,0.0,70.0,150.0,30.0,11.0,1.0,16.0,8.0,18.0,1.0,0.0,1.0,8.0,6.0,7.0,0.0,0.0,11.0,0.0,18.0,0.0,0.0
05/25/2020,60.0,0.0,3.0,0.0,0.0,19.0,0.0,4.0,20.0,0.0,1.0,23.0,0.0,26.0,10.0,0.0,0.0,559.0,0.0,7.0,0.0,1.0,5.0,0.0,0.0,3.0,1.0,1.0,138.0,9.0,0.0,78.0,31.0,0.0,71.0,160.0,32.0,10.0,1.0,20.0,8.0,26.0,1.0,0.0,1.0,15.0,9.0,10.0,0.0,0.0,15.0,0.0,14.0,0.0,0.0
05/26/2020,57.0,0.0,3.0,0.0,0.0,20.0,0.0,2.0,22.0,0.0,2.0,22.0,0.0,24.0,10.0,0.0,0.0,567.0,0.0,6.0,0.0,1.0,5.0,0.0,0.0,4.0,1.0,3.0,137.0,8.0,0.0,90.0,30.0,0.0,76.0,153.0,34.0,14.0,1.0,20.0,10.0,26.0,1.0,0.0,0.0,11.0,6.0,12.0,0.0,0.0,12.0,1.0,16.0,0.0,0.0
05/27/2020,47.0,0.0,3.0,0.0,0.0,13.0,0.0,3.0,23.0,0.0,1.0,14.0,0.0,28.0,7.0,0.0,0.0,554.0,0.0,1.0,0.0,2.0,4.0,0.0,0.0,3.0,1.0,3.0,144.0,4.0,0.0,87.0,9.0,0.0,73.0,156.0,27.0,11.0,3.0,19.0,11.0,15.0,1.0,0.0,1.0,10.0,5.0,9.0,0.0,0.0,13.0,0.0,20.0,0.0,0.0
05/28/2020,57.0,0.0,3.0,1.0,0.0,14.0,0.0,6.0,18.0,0.0,1.0,20.0,0.0,25.0,7.0,0.0,0.0,570.0,0.0,1.0,0.0,1.0,4.0,0.0,0.0,3.0,1.0,2.0,132.0,6.0,0.0,85.0,12.0,0.0,70.0,153.0,29.0,10.0,2.0,18.0,12.0,15.0,1.0,0.0,0.0,8.0,4.0,7.0,0.0,0.0,11.0,0.0,19.0,0.0,0.0
05/29/2020,54.0,0.0,2.0,2.0,0.0,11.0,0.0,4.0,22.0,0.0,0.0,18.0,0.0,29.0,7.0,0.0,0.0,549.0,0.0,2.0,0.0,1.0,5.0,0.0,0.0,3.0,1.0,0.0,108.0,5.0,0.0,76.0,17.0,0.0,63.0,154.0,25.0,11.0,6.0,15.0,12.0,14.0,1.0,0.0,0.0,10.0,8.0,9.0,0.0,0.0,13.0,0.0,16.0,0.0,0.0
05/30/2020,50.0,0.0,2.0,2.0,0.0,11.0,0.0,7.0,19.0,0.0,1.0,22.0,0.0,31.0,9.0,0.0,0.0,540.0,0.0,1.0,0.0,1.0,4.0,0.0,0.0,3.0,2.0,0.0,148.0,4.0,0.0,76.0,17.0,0.0,64.0,161.0,25.0,14.0,3.0,15.0,10.0,11.0,1.0,1.0,1.0,9.0,12.0,10.0,0.0,0.0,14.0,0.0,23.0,0.0,0.0
05/31/2020,45.0,0.0,2.0,1.0,0.0,12.0,1.0,4.0,28.0,0.0,0.0,22.0,0.0,32.0,10.0,0.0,0.0,511.0,1.0,1.0,0.0,1.0,4.0,0.0,0.0,4.0,0.0,0.0,142.0,3.0,0.0,77.0,9.0,0.0,63.0,153.0,26.0,14.0,4.0,27.0,9.0,11.0,1.0,1.0,1.0,6.0,10.0,8.0,0.0,0.0,13.0,0.0,16.0,0.0,0.0
06/01/2020,46.0,0.0,2.0,1.0,0.0,13.0,0.0,4.0,23.0,0.0,0.0,21.0,0.0,33.0,8.0,1.0,0.0,530.0,1.0,1.0,0.0,2.0,3.0,0.0,0.0,4.0,0.0,0.0,141.0,3.0,0.0,76.0,13.0,0.0,79.0,166.0,20.0,16.0,3.0,11.0,10.0,11.0,3.0,1.0,1.0,9.0,7.0,8.0,0.0,0.0,12.0,0.0,13.0,0.0,0.0
06/02/2020,38.0,0.0,1.0,1.0,1.0,20.0,0.0,6.0,18.0,0.0,0.0,18.0,0.0,34.0,8.0,0.0,0.0,524.0,2.0,2.0,0.0,1.0,3.0,0.0,0.0,4.0,0.0,0.0,148.0,4.0,0.0,80.0,19.0,0.0,76.0,158.0,26.0,15.0,2.0,18.0,9.0,17.0,1.0,1.0,1.0,9.0,7.0,10.0,0.0,0.0,12.0,0.0,19.0,0.0,0.0
06/03/2020,38.0,0.0,0.0,1.0,0.0,16.0,0.0,6.0,19.0,0.0,0.0,17.0,0.0,36.0,7.0,0.0,0.0,513.0,1.0,3.0,0.0,1.0,3.0,0.0,0.0,4.0,0.0,0.0,134.0,4.0,0.0,85.0,18.0,0.0,85.0,158.0,21.0,15.0,3.0,21.0,10.0,14.0,1.0,0.0,1.0,5.0,10.0,8.0,0.0,0.0,8.0,0.0,13.0,0.0,0.0
06/04/2020,41.0,0.0,0.0,0.0,0.0,17.0,0.0,4.0,19.0,0.0,2.0,18.0,0.0,35.0,7.0,1.0,0.0,552.0,1.0,3.0,0.0,2.0,3.0,0.0,0.0,3.0,1.0,0.0,141.0,5.0,0.0,93.0,21.0,0.0,81.0,153.0,19.0,15.0,2.0,14.0,11.0,21.0,1.0,0.0,0.0,5.0,9.0,10.0,0.0,0.0,10.0,0.0,12.0,0.0,1.0
06/05/2020,40.0,0.0,1.0,0.0,0.0,12.0,0.0,3.0,19.0,0.0,0.0,15.0,0.0,34.0,7.0,0.0,0.0,548.0,3.0,0.0,0.0,1.0,2.0,0.0,0.0,3.0,1.0,0.0,142.0,7.0,0.0,99.0,21.0,0.0,75.0,153.0,18.0,17.0,2.0,10.0,12.0,24.0,1.0,0.0,0.0,5.0,10.0,9.0,0.0,0.0,7.0,0.0,12.0,0.0,2.0
06/06/2020,41.0,0.0,1.0,0.0,2.0,10.0,0.0,5.0,19.0,0.0,0.0,19.0,0.0,36.0,10.0,0.0,0.0,506.0,1.0,1.0,0.0,1.0,2.0,0.0,0.0,3.0,1.0,0.0,148.0,7.0,0.0,91.0,22.0,0.0,84.0,146.0,19.0,16.0,3.0,7.0,10.0,23.0,1.0,0.0,0.0,5.0,11.0,9.0,0.0,0.0,9.0,0.0,17.0,0.0,2.0
06/07/2020,40.0,0.0,1.0,0.0,1.0,12.0,1.0,3.0,20.0,0.0,0.0,18.0,0.0,38.0,10.0,0.0,0.0,519.0,2.0,0.0,0.0,1.0,3.0,0.0,0.0,3.0,1.0,0.0,166.0,6.0,0.0,82.0,22.0,0.0,83.0,147.0,14.0,16.0,2.0,6.0,7.0,21.0,1.0,0.0,0.0,5.0,12.0,9.0,0.0,0.0,8.0,0.0,17.0,2.0,2.0
06/08/2020,43.0,0.0,2.0,0.0,1.0,13.0,0.0,3.0,17.0,0.0,0.0,19.0,0.0,34.0,9.0,0.0,0.0,521.0,2.0,2.0,0.0,1.0,3.0,0.0,0.0,3.0,2.0,1.0,160.0,5.0,0.0,89.0,23.0,0.0,86.0,166.0,15.0,23.0,2.0,5.0,10.0,22.0,0.0,0.0,0.0,5.0,13.0,12.0,0.0,0.0,8.0,0.0,22.0,1.0,2.0
06/09/2020,41.0,0.0,3.0,0.0,0.0,14.0,0.0,0.0,16.0,0.0,1.0,18.0,0.0,34.0,8.0,1.0,0.0,507.0,1.0,4.0,0.0,1.0,2.0,0.0,0.0,3.0,0.0,2.0,165.0,4.0,0.0,91.0,20.0,0.0,94.0,153.0,13.0,25.0,2.0,9.0,9.0,21.0,0.0,0.0,1.0,7.0,7.0,17.0,0.0,0.0,7.0,0.0,21.0,2.0,2.0
06/10/2020,43.0,0.0,9.0,0.0,0.0,16.0,0.0,0.0,23.0,0.0,1.0,16.0,0.0,42.0,10.0,0.0,0.0,512.0,3.0,3.0,0.0,1.0,3.0,0.0,0.0,3.0,1.0,2.0,153.0,4.0,0.0,86.0,18.0,0.0,92.0,151.0,14.0,21.0,2.0,9.0,6.0,21.0,0.0,5.0,0.0,5.0,7.0,15.0,0.0,0.0,8.0,1.0,17.0,0.0,2.0
06/11/2020,39.0,0.0,10.0,0.0,0.0,15.0,0.0,1.0,18.0,0.0,0.0,18.0,0.0,31.0,8.0,0.0,0.0,512.0,4.0,3.0,0.0,0.0,3.0,0.0,0.0,5.0,0.0,2.0,172.0,4.0,0.0,83.0,18.0,0.0,89.0,149.0,15.0,17.0,3.0,7.0,8.0,20.0,0.0,0.0,0.0,8.0,4.0,14.0,0.0,0.0,7.0,0.0,21.0,0.0,2.0
06/12/2020,41.0,0.0,3.0,0.0,0.0,13.0,0.0,3.0,20.0,0.0,2.0,16.0,0.0,37.0,10.0,2.0,0.0,492.0,2.0,4.0,0.0,0.0,3.0,0.0,0.0,2.0,1.0,0.0,177.0,2.0,0.0,88.0,21.0,0.0,93.0,144.0,16.0,17.0,2.0,8.0,9.0,20.0,0.0,0.0,1.0,8.0,6.0,16.0,1.0,0.0,8.0,0.0,23.0,0.0,2.0
06/13/2020,36.0,0.0,4.0,0.0,0.0,14.0,0.0,3.0,24.0,0.0,2.0,18.0,0.0,37.0,10.0,1.0,0.0,483.0,2.0,3.0,0.0,0.0,2.0,0.0,0.0,2.0,0.0,0.0,164.0,4.0,0.0,85.0,16.0,0.0,101.0,136.0,14.0,20.0,3.0,8.0,10.0,15.0,0.0,0.0,1.0,7.0,2.0,20.0,0.0,0.0,8.0,0.0,21.0,2.0,2.0
06/14/2020,42.0,0.0,3.0,0.0,0.0,12.0,0.0,4.0,24.0,0.0,0.0,20.0,0.0,35.0,9.0,1.0,0.0,477.0,2.0,3.0,0.0,0.0,2.0,0.0,0.0,1.0,1.0,1.0,164.0,4.0,0.0,89.0,17.0,0.0,95.0,132.0,15.0,18.0,6.0,10.0,10.0,15.0,0.0,0.0,1.0,7.0,2.0,17.0,0.0,0.0,7.0,0.0,19.0,2.0,3.0
06/15/2020,46.0,0.0,4.0,0.0,0.0,9.0,0.0,2.0,24.0,0.0,1.0,19.0,0.0,41.0,10.0,0.0,0.0,492.0,2.0,1.0,0.0,1.0,2.0,0.0,0.0,1.0,2.0,2.0,159.0,5.0,0.0,81.0,20.0,0.0,95.0,133.0,10.0,20.0,2.0,7.0,9.0,15.0,0.0,0.0,0.0,7.0,3.0,16.0,0.0,0.0,9.0,0.0,20.0,0.0,2.0
06/16/2020,48.0,0.0,3.0,0.0,0.0,13.0,0.0,1.0,24.0,0.0,1.0,21.0,0.0,41.0,10.0,1.0,0.0,499.0,3.0,1.0,0.0,0.0,3.0,0.0,0.0,2.0,1.0,0.0,169.0,5.0,0.0,83.0,21.0,0.0,90.0,142.0,8.0,20.0,7.0,7.0,14.0,15.0,0.0,0.0,1.0,7.0,3.0,19.0,0.0,0.0,11.0,0.0,22.0,0.0,2.0
06/17/2020,49.0,0.0,3.0,0.0,0.0,13.0,0.0,0.0,17.0,0.0,1.0,20.0,0.0,45.0,10.0,0.0,0.0,475.0,5.0,3.0,0.0,0.0,3.0,0.0,0.0,3.0,0.0,0.0,165.0,3.0,0.0,94.0,19.0,0.0,88.0,147.0,11.0,19.0,3.0,7.0,15.0,15.0,3.0,0.0,1.0,4.0,5.0,17.0,0.0,0.0,11.0,0.0,23.0,0.0,1.0
06/18/2020,54.0,1.0,2.0,0.0,0.0,14.0,0.0,3.0,13.0,0.0,1.0,16.0,0.0,41.0,10.0,0.0,0.0,491.0,6.0,2.0,0.0,0.0,3.0,0.0,0.0,5.0,0.0,0.0,156.0,5.0,0.0,97.0,14.0,0.0,95.0,151.0,10.0,27.0,3.0,8.0,15.0,19.0,1.0,0.0,1.0,5.0,4.0,24.0,0.0,0.0,8.0,0.0,23.0,0.0,1.0
06/19/2020,56.0,0.0,3.0,0.0,0.0,10.0,0.0,3.0,18.0,0.0,1.0,17.0,0.0,38.0,10.0,0.0,0.0,481.0,5.0,3.0,0.0,0.0,3.0,0.0,0.0,5.0,0.0,0.0,149.0,5.0,0.0,97.0,21.0,0.0,99.0,153.0,12.0,21.0,3.0,5.0,18.0,21.0,3.0,1.0,1.0,6.0,4.0,27.0,0.0,0.0,12.0,0.0,20.0,0.0,1.0
06/20/2020,45.0,0.0,3.0,1.0,0.0,14.0,0.0,2.0,17.0,0.0,1.0,20.0,0.0,42.0,8.0,0.0,0.0,495.0,3.0,3.0,0.0,0.0,4.0,0.0,0.0,5.0,0.0,1.0,167.0,4.0,0.0,100.0,23.0,0.0,99.0,148.0,15.0,28.0,3.0,7.0,17.0,21.0,2.0,1.0,1.0,7.0,3.0,27.0,0.0,0.0,11.0,0.0,16.0,1.0,1.0
06/21/2020,42.0,1.0,5.0,0.0,0.0,17.0,0.0,2.0,20.0,0.0,1.0,21.0,0.0,41.0,7.0,0.0,0.0,492.0,3.0,3.0,0.0,0.0,3.0,0.0,0.0,6.0,0.0,2.0,171.0,2.0,0.0,110.0,28.0,0.0,108.0,152.0,13.0,26.0,2.0,9.0,21.0,21.0,2.0,2.0,1.0,9.0,3.0,27.0,0.0,0.0,11.0,0.0,24.0,2.0,2.0
06/22/2020,38.0,0.0,5.0,0.0,0.0,13.0,0.0,1.0,19.0,0.0,0.0,17.0,0.0,44.0,8.0,0.0,0.0,482.0,2.0,4.0,0.0,0.0,3.0,0.0,0.0,7.0,2.0,3.0,176.0,2.0,0.0,109.0,20.0,0.0,123.0,155.0,14.0,27.0,4.0,10.0,21.0,25.0,2.0,1.0,1.0,8.0,5.0,29.0,0.0,0.0,10.0,0.0,27.0,1.0,3.0
06/23/2020,44.0,0.0,4.0,0.0,0.0,10.0,1.0,3.0,22.0,0.0,1.0,18.0,0.0,44.0,9.0,1.0,0.0,516.0,1.0,4.0,0.0,0.0,3.0,0.0,0.0,7.0,1.0,2.0,174.0,2.0,0.0,115.0,18.0,0.0,133.0,157.0,18.0,26.0,3.0,10.0,24.0,31.0,1.0,1.0,1.0,7.0,10.0,29.0,0.0,0.0,11.0,0.0,23.0,1.0,1.0
06/24/2020,40.0,0.0,5.0,0.0,0.0,13.0,1.0,1.0,24.0,0.0,2.0,14.0,0.0,46.0,9.0,0.0,0.0,523.0,2.0,5.0,0.0,0.0,4.0,0.0,0.0,9.0,5.0,3.0,186.0,3.0,0.0,122.0,18.0,0.0,125.0,167.0,20.0,28.0,3.0,11.0,21.0,31.0,1.0,1.0,1.0,6.0,5.0,31.0,0.0,0.0,9.0,0.0,23.0,4.0,1.0
06/25/2020,44.0,0.0,2.0,1.0,0.0,15.0,1.0,1.0,26.0,0.0,3.0,16.0,0.0,51.0,8.0,2.0,0.0,518.0,3.0,6.0,0.0,0.0,6.0,0.0,0.0,11.0,4.0,4.0,189.0,3.0,0.0,128.0,24.0,0.0,127.0,168.0,17.0,32.0,4.0,11.0,26.0,26.0,2.0,2.0,1.0,8.0,6.0,35.0,0.0,0.0,11.0,0.0,22.0,4.0,2.0
06/26/2020,44.0,0.0,1.0,1.0,0.0,12.0,1.0,1.0,28.0,0.0,0.0,15.0,0.0,48.0,6.0,1.0,0.0,525.0,0.0,5.0,0.0,0.0,5.0,0.0,0.0,10.0,5.0,2.0,199.0,3.0,0.0,117.0,21.0,0.0,133.0,171.0,22.0,35.0,2.0,8.0,21.0,26.0,1.0,2.0,0.0,8.0,5.0,37.0,0.0,0.0,12.0,0.0,24.0,4.0,1.0
06/27/2020,47.0,0.0,2.0,1.0,0.0,13.0,0.0,2.0,29.0,0.0,1.0,17.0,0.0,52.0,6.0,2.0,0.0,523.0,0.0,5.0,0.0,0.0,6.0,0.0,0.0,11.0,5.0,2.0,192.0,3.0,0.0,131.0,28.0,0.0,139.0,168.0,25.0,37.0,2.0,9.0,22.0,29.0,1.0,1.0,0.0,9.0,8.0,35.0,0.0,0.0,10.0,1.0,25.0,2.0,1.0
06/28/2020,45.0,0.0,2.0,1.0,0.0,18.0,2.0,4.0,31.0,0.0,1.0,17.0,0.0,54.0,6.0,2.0,0.0,566.0,1.0,5.0,0.0,0.0,6.0,0.0,0.0,10.0,7.0,3.0,193.0,4.0,0.0,124.0,30.0,0.0,147.0,178.0,25.0,40.0,2.0,11.0,21.0,33.0,0.0,1.0,0.0,7.0,7.0,38.0,0.0,0.0,12.0,0.0,29.0,2.0,1.0
06/29/2020,44.0,1.0,3.0,1.0,0.0,19.0,1.0,2.0,32.0,0.0,1.0,16.0,0.0,55.0,6.0,2.0,0.0,595.0,0.0,9.0,0.0,0.0,6.0,0.0,0.0,8.0,8.0,3.0,200.0,5.0,0.0,130.0,34.0,0.0,148.0,182.0,26.0,38.0,3.0,16.0,21.0,33.0,1.0,1.0,0.0,8.0,8.0,38.0,0.0,0.0,13.0,0.0,30.0,1.0,3.0
06/30/2020,49.0,1.0,2.0,2.0,0.0,23.0,1.0,2.0,37.0,0.0,1.0,18.0,0.0,61.0,4.0,3.0,0.0,628.0,0.0,11.0,0.0,0.0,5.0,0.0,0.0,7.0,8.0,2.0,212.0,5.0,0.0,138.0,31.0,0.0,163.0,173.0,33.0,45.0,4.0,19.0,21.0,34.0,1.0,2.0,0.0,13.0,8.0,39.0,0.0,0.0,14.0,0.0,34.0,2.0,3.0
07/01/2020,55.0,1.0,3.0,2.0,0.0,26.0,0.0,5.0,37.0,0.0,2.0,19.0,0.0,58.0,7.0,1.0,0.0,632.0,6.0,12.0,0.0,0.0,6.0,0.0,0.0,10.0,8.0,2.0,227.0,5.0,0.0,143.0,38.0,0.0,170.0,175.0,33.0,44.0,4.0,21.0,24.0,40.0,1.0,2.0,0.0,13.0,5.0,44.0,0.0,0.0,15.0,1.0,32.0,2.0,3.0
07/02/2020,55.0,1.0,6.0,2.0,0.0,24.0,0.0,3.0,35.0,0.0,1.0,18.0,0.0,57.0,8.0,1.0,0.0,632.0,2.0,8.0,0.0,0.0,5.0,0.0,0.0,10.0,3.0,3.0,208.0,4.0,0.0,137.0,40.0,0.0,169.0,159.0,31.0,43.0,4.0,15.0,25.0,35.0,3.0,2.0,0.0,14.0,4.0,48.0,0.0,0.0,12.0,1.0,40.0,0.0,3.0
07/03/2020,55.0,1.0,4.0,0.0,0.0,23.0,0.0,3.0,37.0,0.0,1.0,18.0,0.0,67.0,8.0,1.0,0.0,650.0,6.0,8.0,0.0,0.0,5.0,0.0,0.0,8.0,4.0,3.0,217.0,3.0,0.0,132.0,39.0,0.0,169.0,157.0,29.0,44.0,4.0,17.0,22.0,38.0,3.0,2.0,0.0,15.0,4.0,42.0,0.0,0.0,12.0,1.0,31.0,2.0,3.0
07/04/2020,52.0,1.0,5.0,0.0,0.0,29.0,0.0,4.0,38.0,0.0,1.0,19.0,0.0,67.0,8.0,1.0,0.0,624.0,2.0,8.0,0.0,0.0,3.0,0.0,0.0,8.0,4.0,2.0,215.0,4.0,0.0,140.0,50.0,0.0,174.0,167.0,27.0,51.0,5.0,16.0,24.0,38.0,2.0,3.0,0.0,11.0,6.0,44.0,0.0,0.0,11.0,0.0,35.0,2.0,6.0
07/05/2020,58.0,1.0,6.0,1.0,0.0,28.0,0.0,2.0,40.0,0.0,1.0,20.0,1.0,64.0,8.0,0.0,0.0,629.0,4.0,11.0,0.0,0.0,4.0,0.0,0.0,6.0,4.0,2.0,226.0,8.0,0.0,148.0,46.0,0.0,175.0,174.0,26.0,41.0,5.0,15.0,21.0,35.0,2.0,3.0,0.0,12.0,9.0,50.0,0.0,0.0,9.0,0.0,33.0,2.0,7.0
07/06/2020,60.0,1.0,8.0,2.0,0.0,30.0,0.0,2.0,32.0,0.0,1.0,20.0,1.0,61.0,8.0,1.0,0.0,632.0,4.0,8.0,0.0,0.0,6.0,0.0,0.0,9.0,6.0,1.0,250.0,10.0,0.0,146.0,46.0,0.0,170.0,175.0,28.0,47.0,5.0,15.0,23.0,35.0,2.0,3.0,0.0,16.0,13.0,46.0,0.0,0.0,13.0,0.0,38.0,2.0,8.0
07/07/2020,64.0,1.0,7.0,0.0,0.0,26.0,0.0,3.0,38.0,0.0,0.0,20.0,1.0,58.0,7.0,0.0,0.0,630.0,6.0,8.0,0.0,0.0,5.0,0.0,0.0,10.0,7.0,1.0,251.0,5.0,0.0,136.0,49.0,0.0,175.0,166.0,26.0,48.0,3.0,13.0,25.0,44.0,3.0,3.0,0.0,17.0,11.0,51.0,0.0,0.0,11.0,0.0,38.0,3.0,6.0
07/08/2020,63.0,1.0,7.0,0.0,0.0,27.0,0.0,3.0,43.0,0.0,0.0,18.0,1.0,58.0,6.0,1.0,0.0,625.0,5.0,9.0,0.0,0.0,3.0,0.0,0.0,9.0,5.0,1.0,253.0,7.0,0.0,127.0,46.0,0.0,153.0,171.0,28.0,54.0,3.0,15.0,24.0,51.0,3.0,3.0,0.0,14.0,7.0,55.0,0.0,0.0,10.0,0.0,37.0,6.0,5.0
07/09/2020,66.0,1.0,10.0,0.0,0.0,28.0,0.0,0.0,42.0,0.0,0.0,16.0,1.0,62.0,6.0,1.0,0.0,655.0,4.0,9.0,0.0,0.0,4.0,0.0,0.0,9.0,5.0,1.0,251.0,7.0,0.0,131.0,48.0,1.0,166.0,167.0,29.0,55.0,5.0,15.0,27.0,49.0,3.0,3.0,0.0,14.0,4.0,56.0,0.0,0.0,10.0,0.0,36.0,5.0,3.0
07/10/2020,62.0,1.0,10.0,0.0,0.0,29.0,0.0,2.0,46.0,0.0,0.0,16.0,0.0,64.0,6.0,1.0,0.0,631.0,11.0,10.0,0.0,0.0,6.0,0.0,0.0,10.0,5.0,1.0,254.0,8.0,0.0,130.0,56.0,1.0,167.0,173.0,34.0,62.0,4.0,18.0,26.0,50.0,3.0,3.0,0.0,11.0,7.0,52.0,0.0,0.0,9.0,0.0,32.0,6.0,4.0
07/11/2020,60.0,0.0,10.0,0.0,0.0,26.0,0.0,2.0,42.0,0.0,0.0,17.0,0.0,60.0,6.0,1.0,0.0,650.0,6.0,10.0,0.0,0.0,5.0,0.0,0.0,10.0,4.0,1.0,251.0,10.0,0.0,133.0,58.0,0.0,176.0,158.0,35.0,61.0,4.0,17.0,25.0,53.0,3.0,3.0,0.0,13.0,5.0,49.0,1.0,0.0,10.0,1.0,34.0,6.0,4.0
07/12/2020,59.0,0.0,9.0,0.0,0.0,27.0,0.0,3.0,42.0,0.0,0.0,17.0,0.0,57.0,6.0,1.0,0.0,643.0,3.0,10.0,0.0,0.0,5.0,0.0,0.0,10.0,5.0,0.0,245.0,11.0,0.0,148.0,67.0,0.0,178.0,159.0,36.0,61.0,4.0,17.0,23.0,53.0,2.0,2.0,0.0,10.0,7.0,44.0,1.0,0.0,11.0,0.0,36.0,4.0,5.0
07/13/2020,61.0,1.0,9.0,2.0,0.0,30.0,0.0,2.0,50.0,0.0,0.0,22.0,0.0,62.0,6.0,2.0,0.0,668.0,3.0,8.0,0.0,0.0,5.0,0.0,0.0,10.0,7.0,0.0,251.0,11.0,0.0,149.0,68.0,0.0,179.0,163.0,33.0,56.0,4.0,16.0,28.0,51.0,2.0,2.0,0.0,13.0,10.0,42.0,1.0,0.0,9.0,0.0,36.0,7.0,4.0
07/14/2020,64.0,1.0,9.0,3.0,0.0,32.0,0.0,2.0,48.0,0.0,0.0,24.0,0.0,62.0,9.0,0.0,0.0,675.0,3.0,9.0,0.0,0.0,7.0,0.0,0.0,9.0,3.0,0.0,247.0,13.0,0.0,156.0,62.0,0.0,179.0,168.0,31.0,59.0,5.0,14.0,29.0,55.0,3.0,3.0,0.0,11.0,11.0,46.0,1.0,0.0,7.0,0.0,37.0,8.0,5.0
07/15/2020,68.0,1.0,7.0,3.0,0.0,37.0,0.0,3.0,47.0,0.0,1.0,26.0,0.0,68.0,11.0,1.0,0.0,657.0,3.0,7.0,0.0,2.0,7.0,0.0,0.0,11.0,4.0,1.0,256.0,11.0,0.0,148.0,63.0,0.0,182.0,163.0,32.0,59.0,4.0,16.0,26.0,59.0,2.0,3.0,0.0,12.0,14.0,47.0,1.0,0.0,7.0,0.0,35.0,10.0,5.0
07/16/2020,56.0,0.0,7.0,0.0,0.0,36.0,0.0,5.0,48.0,0.0,0.0,24.0,0.0,68.0,8.0,3.0,0.0,697.0,6.0,9.0,0.0,3.0,7.0,0.0,0.0,11.0,4.0,0.0,248.0,9.0,0.0,145.0,67.0,0.0,188.0,166.0,27.0,58.0,5.0,19.0,26.0,55.0,2.0,1.0,1.0,18.0,15.0,51.0,1.0,0.0,8.0,0.0,35.0,11.0,5.0
07/17/2020,53.0,0.0,4.0,0.0,0.0,32.0,0.0,4.0,55.0,0.0,1.0,27.0,0.0,75.0,8.0,2.0,0.0,644.0,4.0,9.0,0.0,6.0,6.0,0.0,0.0,11.0,3.0,2.0,244.0,10.0,0.0,157.0,62.0,0.0,181.0,173.0,27.0,63.0,6.0,18.0,27.0,50.0,3.0,1.0,0.0,19.0,17.0,55.0,1.0,0.0,11.0,0.0,38.0,11.0,5.0
07/18/2020,53.0,0.0,7.0,4.0,0.0,29.0,0.0,2.0,56.0,0.0,0.0,25.0,0.0,68.0,8.0,2.0,0.0,666.0,3.0,11.0,0.0,1.0,4.0,0.0,0.0,12.0,3.0,2.0,223.0,9.0,0.0,153.0,69.0,0.0,194.0,158.0,31.0,65.0,5.0,18.0,25.0,48.0,3.0,1.0,0.0,19.0,14.0,53.0,0.0,0.0,11.0,0.0,36.0,11.0,5.0
07/19/2020,63.0,0.0,7.0,1.0,0.0,32.0,1.0,2.0,54.0,0.0,0.0,24.0,0.0,66.0,8.0,0.0,0.0,670.0,12.0,11.0,0.0,2.0,6.0,0.0,0.0,11.0,1.0,2.0,227.0,9.0,0.0,158.0,77.0,0.0,200.0,158.0,33.0,66.0,6.0,19.0,26.0,49.0,6.0,1.0,0.0,19.0,15.0,56.0,0.0,0.0,13.0,0.0,36.0,8.0,2.0
07/20/2020,59.0,0.0,10.0,1.0,0.0,40.0,0.0,3.0,58.0,0.0,1.0,24.0,0.0,67.0,7.0,0.0,0.0,684.0,11.0,10.0,0.0,1.0,8.0,0.0,1.0,12.0,3.0,1.0,247.0,12.0,0.0,157.0,68.0,0.0,195.0,172.0,29.0,79.0,5.0,20.0,30.0,54.0,4.0,2.0,0.0,17.0,17.0,57.0,0.0,0.0,13.0,1.0,36.0,7.0,3.0
07/21/2020,62.0,1.0,9.0,2.0,0.0,45.0,0.0,3.0,61.0,0.0,2.0,20.0,0.0,67.0,10.0,0.0,0.0,717.0,14.0,9.0,0.0,1.0,9.0,0.0,1.0,10.0,3.0,1.0,243.0,17.0,0.0,161.0,79.0,2.0,194.0,166.0,29.0,72.0,4.0,22.0,28.0,57.0,6.0,1.0,0.0,21.0,15.0,57.0,0.0,0.0,18.0,1.0,31.0,6.0,7.0
07/22/2020,59.0,0.0,9.0,1.0,0.0,42.0,0.0,3.0,66.0,0.0,0.0,21.0,0.0,58.0,9.0,1.0,0.0,638.0,15.0,8.0,0.0,1.0,9.0,0.0,1.0,12.0,4.0,1.0,240.0,16.0,0.0,183.0,75.0,1.0,212.0,142.0,31.0,72.0,5.0,19.0,27.0,53.0,4.0,2.0,0.0,20.0,7.0,58.0,0.0,0.0,19.0,2.0,33.0,8.0,9.0
07/23/2020,56.0,0.0,11.0,1.0,0.0,39.0,0.0,3.0,71.0,0.0,0.0,21.0,0.0,75.0,10.0,0.0,0.0,670.0,12.0,7.0,0.0,1.0,11.0,0.0,1.0,11.0,4.0,2.0,223.0,15.0,0.0,186.0,79.0,1.0,201.0,143.0,28.0,64.0,4.0,20.0,27.0,58.0,5.0,2.0,0.0,16.0,14.0,58.0,0.0,0.0,21.0,1.0,32.0,7.0,9.0
07/24/2020,57.0,0.0,10.0,1.0,0.0,41.0,0.0,3.0,69.0,0.0,1.0,21.0,0.0,74.0,10.0,1.0,0.0,703.0,13.0,7.0,0.0,2.0,13.0,0.0,1.0,12.0,4.0,0.0,220.0,16.0,0.0,187.0,93.0,1.0,192.0,135.0,29.0,76.0,4.0,17.0,25.0,55.0,6.0,2.0,0.0,17.0,12.0,54.0,0.0,0.0,22.0,1.0,33.0,6.0,9.0
07/25/2020,65.0,0.0,9.0,0.0,0.0,42.0,0.0,1.0,70.0,0.0,0.0,23.0,0.0,64.0,10.0,1.0,0.0,671.0,11.0,9.0,0.0,2.0,11.0,0.0,1.0,9.0,6.0,0.0,210.0,18.0,0.0,176.0,82.0,1.0,205.0,129.0,31.0,79.0,5.0,20.0,24.0,59.0,6.0,1.0,0.0,18.0,13.0,52.0,0.0,0.0,21.0,1.0,31.0,5.0,7.0
07/26/2020,74.0,0.0,8.0,1.0,0.0,42.0,0.0,3.0,57.0,0.0,0.0,26.0,0.0,67.0,11.0,0.0,0.0,677.0,9.0,8.0,0.0,2.0,13.0,0.0,0.0,10.0,4.0,1.0,213.0,18.0,0.0,167.0,90.0,1.0,203.0,126.0,36.0,93.0,4.0,16.0,26.0,62.0,7.0,1.0,1.0,19.0,13.0,48.0,0.0,0.0,21.0,1.0,30.0,5.0,7.0
07/27/2020,75.0,1.0,9.0,2.0,0.0,45.0,0.0,2.0,58.0,0.0,1.0,27.0,0.0,70.0,11.0,0.0,0.0,669.0,10.0,7.0,0.0,1.0,13.0,0.0,1.0,7.0,4.0,1.0,212.0,21.0,0.0,167.0,89.0,1.0,193.0,116.0,35.0,80.0,5.0,18.0,25.0,66.0,5.0,1.0,2.0,18.0,12.0,54.0,0.0,0.0,20.0,0.0,32.0,6.0,6.0
07/28/2020,67.0,1.0,12.0,1.0,0.0,39.0,0.0,1.0,69.0,0.0,1.0,24.0,0.0,77.0,9.0,0.0,0.0,621.0,8.0,7.0,0.0,1.0,12.0,0.0,1.0,16.0,4.0,0.0,215.0,16.0,0.0,175.0,88.0,2.0,192.0,149.0,39.0,81.0,4.0,16.0,31.0,62.0,6.0,1.0,1.0,18.0,22.0,55.0,0.0,0.0,20.0,0.0,33.0,6.0,6.0
07/29/2020,69.0,2.0,8.0,1.0,0.0,41.0,0.0,2.0,70.0,0.0,0.0,23.0,0.0,63.0,10.0,0.0,0.0,635.0,12.0,9.0,0.0,1.0,8.0,0.0,1.0,17.0,5.0,1.0,201.0,16.0,0.0,188.0,91.0,2.0,192.0,139.0,41.0,88.0,4.0,18.0,30.0,64.0,6.0,2.0,1.0,19.0,25.0,53.0,0.0,0.0,19.0,0.0,30.0,5.0,8.0
07/30/2020,66.0,2.0,10.0,0.0,0.0,42.0,0.0,1.0,60.0,0.0,0.0,22.0,0.0,78.0,9.0,0.0,0.0,627.0,12.0,9.0,0.0,0.0,11.0,0.0,1.0,17.0,5.0,1.0,200.0,12.0,0.0,167.0,98.0,1.0,197.0,133.0,39.0,76.0,4.0,24.0,26.0,57.0,4.0,3.0,1.0,16.0,19.0,52.0,0.0,0.0,16.0,1.0,30.0,7.0,7.0
07/31/2020,63.0,2.0,9.0,0.0,0.0,43.0,0.0,3.0,60.0,0.0,1.0,20.0,0.0,78.0,9.0,1.0,0.0,628.0,14.0,7.0,0.0,0.0,10.0,0.0,1.0,15.0,7.0,1.0,174.0,17.0,0.0,163.0,97.0,1.0,192.0,120.0,37.0,76.0,5.0,22.0,23.0,62.0,3.0,3.0,1.0,17.0,17.0,54.0,1.0,0.0,15.0,0.0,34.0,7.0,7.0
08/01/2020,63.0,2.0,11.0,0.0,0.0,43.0,0.0,4.0,61.0,0.0,1.0,21.0,0.0,80.0,9.0,0.0,0.0,605.0,12.0,7.0,0.0,0.0,10.0,0.0,0.0,16.0,8.0,0.0,179.0,19.0,0.0,157.0,98.0,1.0,197.0,125.0,40.0,82.0,4.0,20.0,23.0,60.0,3.0,3.0,1.0,17.0,17.0,55.0,1.0,0.0,19.0,0.0,31.0,7.0,7.0
08/02/2020,64.0,4.0,8.0,0.0,0.0,45.0,0.0,2.0,67.0,0.0,1.0,21.0,0.0,76.0,9.0,0.0,0.0,600.0,15.0,6.0,0.0,0.0,12.0,0.0,0.0,16.0,3.0,0.0,183.0,13.0,0.0,153.0,91.0,0.0,198.0,123.0,38.0,66.0,5.0,21.0,25.0,61.0,3.0,3.0,1.0,18.0,16.0,53.0,0.0,0.0,14.0,0.0,25.0,4.0,6.0
08/03/2020,61.0,4.0,8.0,0.0,0.0,54.0,0.0,1.0,62.0,0.0,0.0,25.0,0.0,87.0,6.0,0.0,0.0,605.0,13.0,6.0,0.0,0.0,14.0,0.0,0.0,19.0,3.0,1.0,179.0,19.0,0.0,152.0,90.0,1.0,198.0,117.0,36.0,72.0,4.0,17.0,25.0,54.0,6.0,3.0,1.0,18.0,14.0,52.0,0.0,0.0,18.0,0.0,26.0,6.0,5.0
08/04/2020,63.0,3.0,11.0,0.0,0.0,52.0,0.0,0.0,60.0,0.0,0.0,20.0,0.0,68.0,9.0,0.0,0.0,565.0,15.0,5.0,0.0,0.0,14.0,0.0,0.0,18.0,3.0,0.0,179.0,19.0,0.0,154.0,93.0,1.0,180.0,130.0,34.0,64.0,5.0,14.0,25.0,54.0,7.0,3.0,0.0,18.0,12.0,53.0,0.0,0.0,17.0,0.0,27.0,5.0,5.0
08/05/2020,56.0,3.0,10.0,3.0,0.0,47.0,0.0,2.0,60.0,0.0,0.0,19.0,0.0,76.0,10.0,1.0,0.0,583.0,13.0,6.0,0.0,1.0,13.0,0.0,0.0,18.0,3.0,0.0,179.0,15.0,0.0,140.0,93.0,1.0,177.0,112.0,30.0,88.0,6.0,22.0,29.0,52.0,3.0,3.0,0.0,21.0,11.0,60.0,0.0,0.0,17.0,0.0,31.0,7.0,5.0
08/06/2020,59.0,3.0,8.0,2.0,0.0,46.0,2.0,1.0,61.0,0.0,0.0,17.0,0.0,72.0,8.0,1.0,0.0,572.0,9.0,6.0,0.0,2.0,16.0,0.0,1.0,19.0,5.0,0.0,183.0,11.0,0.0,139.0,91.0,1.0,175.0,107.0,32.0,69.0,4.0,17.0,29.0,55.0,5.0,2.0,1.0,18.0,12.0,58.0,1.0,0.0,12.0,1.0,31.0,7.0,7.0
08/07/2020,60.0,3.0,8.0,2.0,0.0,46.0,2.0,2.0,60.0,0.0,2.0,16.0,0.0,87.0,18.0,4.0,0.0,583.0,9.0,5.0,0.0,9.0,15.0,0.0,1.0,20.0,7.0,0.0,175.0,12.0,0.0,132.0,97.0,1.0,165.0,110.0,30.0,73.0,3.0,14.0,30.0,57.0,4.0,1.0,1.0,17.0,11.0,51.0,2.0,0.0,17.0,9.0,38.0,5.0,24.0
08/08/2020,64.0,2.0,7.0,3.0,0.0,42.0,1.0,4.0,54.0,0.0,2.0,14.0,0.0,74.0,7.0,1.0,0.0,542.0,9.0,6.0,0.0,1.0,13.0,0.0,1.0,21.0,2.0,0.0,174.0,14.0,0.0,127.0,93.0,1.0,161.0,101.0,31.0,65.0,4.0,15.0,31.0,63.0,3.0,1.0,1.0,17.0,12.0,50.0,2.0,0.0,11.0,2.0,30.0,5.0,7.0
08/09/2020,57.0,3.0,8.0,3.0,0.0,43.0,1.0,2.0,53.0,0.0,3.0,15.0,0.0,72.0,5.0,1.0,0.0,549.0,11.0,5.0,0.0,1.0,13.0,0.0,0.0,18.0,5.0,0.0,162.0,16.0,0.0,122.0,93.0,1.0,158.0,104.0,33.0,67.0,6.0,14.0,31.0,61.0,6.0,1.0,1.0,21.0,12.0,51.0,2.0,0.0,11.0,0.0,27.0,4.0,7.0
08/10/2020,58.0,2.0,8.0,3.0,0.0,40.0,1.0,4.0,59.0,0.0,2.0,14.0,0.0,73.0,4.0,0.0,0.0,551.0,12.0,4.0,0.0,2.0,15.0,0.0,1.0,18.0,5.0,1.0,154.0,17.0,0.0,120.0,89.0,1.0,160.0,113.0,32.0,63.0,4.0,12.0,32.0,58.0,6.0,1.0,0.0,20.0,13.0,60.0,2.0,0.0,12.0,0.0,27.0,5.0,7.0
08/11/2020,66.0,2.0,10.0,2.0,0.0,37.0,1.0,2.0,57.0,0.0,0.0,12.0,0.0,74.0,5.0,0.0,0.0,547.0,9.0,4.0,0.0,3.0,14.0,0.0,1.0,17.0,4.0,1.0,152.0,17.0,0.0,120.0,87.0,1.0,173.0,119.0,37.0,56.0,4.0,12.0,31.0,52.0,5.0,2.0,0.0,18.0,12.0,55.0,2.0,0.0,12.0,0.0,29.0,3.0,6.0
08/12/2020,60.0,2.0,11.0,1.0,0.0,43.0,2.0,2.0,59.0,0.0,2.0,15.0,1.0,77.0,6.0,0.0,0.0,516.0,6.0,4.0,0.0,4.0,13.0,0.0,1.0,17.0,3.0,3.0,149.0,17.0,0.0,106.0,91.0,2.0,171.0,116.0,35.0,52.0,5.0,12.0,27.0,51.0,4.0,2.0,0.0,16.0,13.0,54.0,2.0,0.0,9.0,0.0,32.0,6.0,6.0
08/13/2020,65.0,2.0,10.0,3.0,0.0,41.0,1.0,2.0,56.0,0.0,2.0,13.0,2.0,80.0,6.0,0.0,0.0,528.0,5.0,5.0,0.0,4.0,13.0,0.0,1.0,18.0,3.0,0.0,163.0,15.0,0.0,103.0,92.0,2.0,162.0,112.0,34.0,55.0,5.0,16.0,23.0,59.0,3.0,1.0,0.0,16.0,11.0,65.0,0.0,0.0,9.0,0.0,35.0,4.0,5.0
08/14/2020,68.0,1.0,10.0,2.0,0.0,39.0,1.0,1.0,57.0,0.0,2.0,12.0,1.0,76.0,5.0,0.0,0.0,516.0,9.0,5.0,0.0,4.0,14.0,0.0,1.0,17.0,3.0,0.0,150.0,14.0,0.0,101.0,89.0,2.0,158.0,103.0,35.0,58.0,5.0,17.0,22.0,60.0,2.0,2.0,0.0,19.0,15.0,63.0,1.0,0.0,10.0,1.0,34.0,2.0,5.0
08/15/2020,77.0,1.0,10.0,1.0,0.0,43.0,0.0,2.0,59.0,0.0,2.0,12.0,0.0,71.0,5.0,0.0,0.0,527.0,8.0,6.0,0.0,4.0,13.0,0.0,0.0,16.0,4.0,0.0,146.0,19.0,0.0,105.0,90.0,2.0,152.0,92.0,45.0,53.0,6.0,15.0,22.0,57.0,3.0,3.0,0.0,18.0,14.0,65.0,1.0,0.0,10.0,1.0,33.0,2.0,5.0
08/16/2020,73.0,2.0,9.0,2.0,0.0,42.0,0.0,2.0,59.0,0.0,2.0,14.0,0.0,70.0,7.0,1.0,0.0,521.0,9.0,6.0,0.0,4.0,12.0,0.0,0.0,16.0,2.0,0.0,149.0,16.0,0.0,104.0,88.0,1.0,148.0,105.0,38.0,56.0,7.0,16.0,23.0,55.0,4.0,3.0,0.0,17.0,14.0,65.0,1.0,0.0,9.0,1.0,31.0,3.0,4.0
08/17/2020,79.0,2.0,9.0,2.0,0.0,41.0,0.0,0.0,63.0,0.0,1.0,13.0,0.0,70.0,6.0,0.0,0.0,504.0,8.0,8.0,0.0,4.0,11.0,0.0,0.0,19.0,4.0,0.0,136.0,13.0,0.0,104.0,88.0,1.0,146.0,120.0,39.0,55.0,6.0,16.0,21.0,52.0,4.0,4.0,0.0,20.0,16.0,62.0,1.0,0.0,12.0,0.0,31.0,5.0,5.0
08/18/2020,75.0,1.0,8.0,3.0,0.0,33.0,0.0,1.0,63.0,0.0,2.0,13.0,0.0,68.0,6.0,0.0,0.0,488.0,7.0,6.0,0.0,4.0,13.0,0.0,0.0,20.0,2.0,0.0,138.0,14.0,0.0,110.0,88.0,2.0,137.0,105.0,42.0,58.0,5.0,15.0,25.0,55.0,2.0,4.0,0.0,17.0,12.0,63.0,1.0,0.0,12.0,0.0,35.0,4.0,4.0
08/19/2020,72.0,0.0,7.0,2.0,0.0,29.0,0.0,1.0,64.0,0.0,0.0,11.0,0.0,66.0,8.0,1.0,0.0,481.0,8.0,5.0,0.0,3.0,14.0,0.0,0.0,18.0,4.0,0.0,126.0,11.0,0.0,108.0,84.0,1.0,130.0,104.0,45.0,57.0,5.0,13.0,23.0,48.0,2.0,4.0,0.0,18.0,11.0,62.0,2.0,0.0,12.0,0.0,40.0,3.0,4.0
08/20/2020,77.0,0.0,5.0,2.0,0.0,28.0,2.0,3.0,63.0,0.0,0.0,13.0,0.0,62.0,9.0,0.0,0.0,478.0,8.0,7.0,0.0,2.0,16.0,0.0,0.0,15.0,2.0,0.0,126.0,13.0,0.0,102.0,84.0,1.0,127.0,101.0,44.0,51.0,5.0,20.0,19.0,51.0,2.0,4.0,0.0,19.0,10.0,62.0,2.0,0.0,13.0,0.0,45.0,9.0,4.0
08/21/2020,77.0,0.0,5.0,2.0,0.0,28.0,2.0,1.0,63.0,0.0,2.0,11.0,0.0,59.0,10.0,0.0,0.0,466.0,9.0,5.0,0.0,2.0,13.0,0.0,0.0,15.0,3.0,0.0,118.0,16.0,0.0,97.0,79.0,2.0,127.0,105.0,37.0,56.0,5.0,21.0,23.0,49.0,4.0,2.0,0.0,15.0,9.0,60.0,1.0,0.0,11.0,0.0,51.0,8.0,6.0
08/22/2020,74.0,0.0,8.0,2.0,0.0,28.0,1.0,1.0,60.0,0.0,2.0,13.0,0.0,57.0,8.0,0.0,0.0,444.0,6.0,7.0,0.0,1.0,13.0,0.0,0.0,16.0,4.0,0.0,116.0,16.0,0.0,98.0,77.0,2.0,118.0,100.0,36.0,43.0,4.0,15.0,19.0,44.0,1.0,4.0,0.0,15.0,11.0,59.0,1.0,0.0,11.0,0.0,39.0,4.0,4.0
08/23/2020,70.0,0.0,7.0,2.0,0.0,29.0,0.0,1.0,59.0,0.0,2.0,10.0,0.0,53.0,8.0,0.0,0.0,434.0,9.0,7.0,0.0,1.0,13.0,0.0,0.0,15.0,1.0,0.0,124.0,16.0,0.0,98.0,73.0,2.0,103.0,100.0,41.0,41.0,6.0,18.0,23.0,42.0,2.0,3.0,0.0,15.0,7.0,56.0,1.0,0.0,12.0,0.0,36.0,5.0,4.0
08/24/2020,76.0,0.0,8.0,3.0,0.0,31.0,1.0,1.0,54.0,0.0,2.0,9.0,0.0,56.0,5.0,0.0,0.0,426.0,9.0,5.0,0.0,1.0,12.0,0.0,0.0,15.0,1.0,0.0,128.0,21.0,0.0,94.0,67.0,2.0,114.0,99.0,38.0,43.0,5.0,14.0,24.0,43.0,2.0,3.0,0.0,13.0,9.0,44.0,0.0,0.0,12.0,0.0,43.0,4.0,3.0
08/25/2020,72.0,0.0,7.0,4.0,0.0,34.0,0.0,2.0,54.0,0.0,1.0,11.0,0.0,58.0,4.0,0.0,0.0,424.0,10.0,3.0,0.0,1.0,9.0,0.0,0.0,14.0,1.0,0.0,122.0,20.0,0.0,91.0,62.0,2.0,106.0,100.0,39.0,41.0,5.0,16.0,23.0,44.0,1.0,1.0,0.0,9.0,13.0,42.0,0.0,0.0,12.0,0.0,42.0,3.0,4.0
08/26/2020,78.0,0.0,9.0,3.0,0.0,35.0,0.0,2.0,52.0,0.0,1.0,12.0,0.0,50.0,3.0,1.0,0.0,417.0,9.0,3.0,0.0,1.0,9.0,0.0,0.0,15.0,1.0,0.0,116.0,14.0,0.0,95.0,65.0,2.0,106.0,106.0,44.0,38.0,7.0,13.0,21.0,49.0,2.0,0.0,0.0,9.0,10.0,40.0,0.0,0.0,12.0,0.0,34.0,4.0,4.0
08/27/2020,87.0,0.0,6.0,3.0,0.0,38.0,0.0,2.0,48.0,0.0,2.0,12.0,0.0,53.0,4.0,0.0,0.0,402.0,12.0,2.0,0.0,0.0,10.0,0.0,0.0,15.0,1.0,0.0,103.0,17.0,0.0,98.0,60.0,2.0,114.0,95.0,41.0,39.0,4.0,15.0,19.0,46.0,2.0,1.0,0.0,9.0,11.0,42.0,0.0,0.0,15.0,0.0,41.0,2.0,4.0
08/28/2020,70.0,1.0,6.0,2.0,0.0,38.0,0.0,0.0,44.0,0.0,2.0,9.0,0.0,49.0,4.0,1.0,0.0,397.0,8.0,1.0,0.0,0.0,11.0,0.0,0.0,17.0,1.0,0.0,106.0,18.0,0.0,87.0,64.0,2.0,115.0,86.0,31.0,36.0,3.0,13.0,19.0,53.0,2.0,1.0,0.0,8.0,12.0,40.0,0.0,0.0,13.0,0.0,36.0,1.0,4.0
08/29/2020,64.0,0.0,5.0,3.0,0.0,32.0,0.0,1.0,53.0,0.0,2.0,8.0,0.0,41.0,3.0,0.0,0.0,389.0,9.0,12.0,0.0,0.0,9.0,0.0,0.0,16.0,0.0,0.0,107.0,16.0,0.0,83.0,66.0,2.0,108.0,92.0,29.0,36.0,6.0,16.0,20.0,52.0,2.0,1.0,0.0,9.0,11.0,39.0,0.0,0.0,12.0,0.0,37.0,2.0,3.0
08/30/2020,56.0,0.0,4.0,2.0,0.0,32.0,0.0,1.0,47.0,0.0,2.0,8.0,0.0,34.0,3.0,0.0,0.0,398.0,11.0,2.0,0.0,0.0,10.0,0.0,0.0,15.0,0.0,2.0,107.0,14.0,0.0,78.0,57.0,2.0,106.0,96.0,31.0,31.0,4.0,19.0,17.0,48.0,2.0,1.0,0.0,8.0,8.0,39.0,0.0,0.0,12.0,0.0,34.0,3.0,2.0
08/31/2020,56.0,0.0,4.0,2.0,0.0,30.0,0.0,0.0,49.0,0.0,1.0,8.0,0.0,42.0,10.0,0.0,0.0,383.0,13.0,4.0,0.0,0.0,11.0,0.0,0.0,15.0,0.0,2.0,103.0,17.0,0.0,78.0,59.0,2.0,105.0,95.0,29.0,34.0,4.0,17.0,19.0,46.0,2.0,1.0,0.0,8.0,11.0,46.0,0.0,0.0,10.0,0.0,31.0,3.0,2.0
09/01/2020,57.0,0.0,3.0,4.0,0.0,29.0,0.0,1.0,50.0,0.0,1.0,8.0,0.0,39.0,9.0,1.0,0.0,372.0,10.0,2.0,0.0,2.0,12.0,0.0,0.0,17.0,0.0,1.0,102.0,11.0,0.0,77.0,60.0,2.0,107.0,96.0,27.0,34.0,5.0,15.0,18.0,51.0,3.0,1.0,0.0,6.0,13.0,44.0,1.0,0.0,10.0,0.0,32.0,4.0,2.0
09/02/2020,50.0,0.0,3.0,3.0,0.0,31.0,0.0,1.0,46.0,0.0,1.0,8.0,0.0,39.0,2.0,0.0,0.0,345.0,10.0,3.0,0.0,1.0,12.0,0.0,0.0,15.0,1.0,0.0,89.0,14.0,0.0,73.0,62.0,2.0,101.0,94.0,25.0,36.0,4.0,15.0,16.0,54.0,4.0,1.0,0.0,8.0,13.0,43.0,1.0,0.0,10.0,0.0,30.0,2.0,2.0
09/03/2020,47.0,0.0,3.0,3.0,0.0,27.0,0.0,2.0,45.0,0.0,1.0,7.0,0.0,37.0,3.0,0.0,0.0,361.0,9.0,2.0,0.0,1.0,11.0,0.0,0.0,15.0,2.0,0.0,86.0,16.0,0.0,73.0,58.0,2.0,93.0,85.0,25.0,30.0,3.0,13.0,18.0,51.0,4.0,1.0,0.0,10.0,13.0,39.0,1.0,0.0,7.0,0.0,28.0,1.0,2.0
09/04/2020,47.0,0.0,3.0,3.0,0.0,32.0,0.0,1.0,47.0,0.0,2.0,7.0,0.0,32.0,3.0,0.0,0.0,357.0,9.0,4.0,0.0,1.0,9.0,0.0,0.0,17.0,2.0,1.0,89.0,12.0,0.0,73.0,57.0,2.0,94.0,97.0,23.0,29.0,4.0,14.0,17.0,42.0,3.0,1.0,0.0,10.0,13.0,39.0,1.0,0.0,7.0,0.0,28.0,7.0,3.0
09/05/2020,41.0,0.0,4.0,3.0,0.0,29.0,0.0,0.0,45.0,0.0,2.0,7.0,0.0,27.0,3.0,0.0,0.0,348.0,9.0,5.0,0.0,1.0,12.0,0.0,0.0,10.0,5.0,0.0,83.0,13.0,0.0,69.0,53.0,1.0,90.0,94.0,22.0,31.0,3.0,13.0,16.0,42.0,3.0,1.0,0.0,11.0,10.0,42.0,1.0,0.0,7.0,1.0,34.0,7.0,3.0
09/06/2020,42.0,0.0,6.0,2.0,0.0,28.0,0.0,0.0,45.0,0.0,2.0,10.0,0.0,25.0,3.0,1.0,0.0,352.0,8.0,6.0,0.0,2.0,10.0,0.0,0.0,8.0,1.0,1.0,84.0,14.0,0.0,69.0,71.0,1.0,93.0,96.0,26.0,28.0,4.0,17.0,19.0,42.0,4.0,1.0,0.0,10.0,12.0,42.0,2.0,0.0,8.0,0.0,39.0,7.0,3.0
09/07/2020,43.0,0.0,6.0,1.0,0.0,27.0,0.0,0.0,43.0,0.0,2.0,10.0,0.0,28.0,3.0,0.0,0.0,356.0,9.0,5.0,0.0,2.0,11.0,0.0,0.0,8.0,1.0,1.0,81.0,11.0,0.0,73.0,56.0,1.0,90.0,93.0,27.0,30.0,5.0,12.0,14.0,41.0,4.0,1.0,0.0,9.0,12.0,43.0,1.0,0.0,10.0,0.0,38.0,6.0,3.0
09/08/2020,47.0,0.0,6.0,1.0,0.0,29.0,0.0,0.0,36.0,0.0,2.0,9.0,0.0,27.0,3.0,0.0,0.0,360.0,8.0,5.0,0.0,3.0,10.0,0.0,0.0,9.0,2.0,1.0,76.0,16.0,0.0,81.0,64.0,0.0,89.0,96.0,29.0,35.0,4.0,12.0,11.0,43.0,3.0,1.0,0.0,9.0,12.0,46.0,1.0,0.0,10.0,1.0,28.0,5.0,3.0
09/09/2020,46.0,0.0,5.0,3.0,0.0,28.0,0.0,0.0,34.0,0.0,2.0,10.0,0.0,27.0,3.0,0.0,0.0,341.0,7.0,6.0,0.0,1.0,9.0,0.0,0.0,9.0,2.0,1.0,76.0,11.0,0.0,67.0,62.0,0.0,87.0,99.0,29.0,32.0,3.0,14.0,12.0,41.0,3.0,1.0,0.0,8.0,9.0,46.0,1.0,0.0,7.0,0.0,32.0,7.0,3.0
09/10/2020,45.0,0.0,4.0,4.0,0.0,29.0,0.0,1.0,33.0,0.0,2.0,9.0,0.0,21.0,3.0,0.0,0.0,350.0,7.0,3.0,0.0,1.0,9.0,0.0,0.0,9.0,2.0,1.0,75.0,14.0,0.0,65.0,61.0,0.0,78.0,98.0,32.0,34.0,4.0,16.0,10.0,42.0,2.0,1.0,0.0,9.0,11.0,44.0,1.0,0.0,6.0,0.0,27.0,5.0,4.0
09/11/2020,43.0,0.0,3.0,2.0,0.0,28.0,0.0,2.0,30.0,0.0,2.0,9.0,0.0,21.0,3.0,1.0,0.0,334.0,6.0,3.0,0.0,1.0,8.0,0.0,0.0,9.0,2.0,1.0,71.0,11.0,0.0,59.0,57.0,0.0,77.0,100.0,26.0,30.0,4.0,16.0,9.0,42.0,2.0,1.0,0.0,8.0,10.0,46.0,1.0,0.0,7.0,0.0,26.0,5.0,4.0
09/12/2020,44.0,1.0,1.0,2.0,0.0,27.0,0.0,1.0,39.0,0.0,2.0,9.0,0.0,16.0,3.0,0.0,0.0,308.0,6.0,2.0,0.0,1.0,9.0,0.0,0.0,9.0,2.0,0.0,63.0,11.0,0.0,56.0,58.0,0.0,68.0,87.0,26.0,29.0,3.0,18.0,8.0,41.0,2.0,1.0,0.0,7.0,8.0,42.0,1.0,0.0,8.0,1.0,28.0,4.0,4.0
09/13/2020,42.0,0.0,3.0,2.0,0.0,30.0,0.0,2.0,35.0,0.0,1.0,7.0,0.0,19.0,3.0,0.0,0.0,298.0,6.0,3.0,0.0,1.0,8.0,0.0,0.0,8.0,4.0,0.0,62.0,11.0,0.0,58.0,54.0,1.0,69.0,90.0,26.0,31.0,4.0,16.0,8.0,43.0,2.0,0.0,0.0,8.0,9.0,37.0,1.0,0.0,7.0,0.0,23.0,3.0,5.0
09/14/2020,41.0,0.0,3.0,2.0,0.0,28.0,0.0,1.0,35.0,0.0,1.0,6.0,0.0,20.0,3.0,0.0,0.0,300.0,6.0,4.0,0.0,1.0,5.0,0.0,0.0,9.0,4.0,0.0,77.0,11.0,0.0,61.0,53.0,0.0,65.0,92.0,26.0,27.0,4.0,15.0,9.0,40.0,2.0,0.0,0.0,8.0,8.0,38.0,1.0,0.0,6.0,0.0,24.0,3.0,5.0
09/15/2020,42.0,0.0,3.0,2.0,0.0,24.0,0.0,0.0,35.0,0.0,1.0,6.0,0.0,17.0,3.0,0.0,0.0,294.0,6.0,1.0,0.0,1.0,7.0,0.0,0.0,8.0,3.0,0.0,84.0,11.0,0.0,63.0,52.0,0.0,61.0,92.0,25.0,25.0,4.0,18.0,9.0,44.0,2.0,0.0,0.0,8.0,8.0,38.0,0.0,0.0,6.0,0.0,23.0,1.0,5.0
09/16/2020,37.0,0.0,3.0,1.0,0.0,26.0,0.0,0.0,31.0,0.0,1.0,7.0,0.0,17.0,3.0,0.0,0.0,272.0,2.0,2.0,0.0,1.0,5.0,0.0,0.0,9.0,2.0,0.0,77.0,10.0,0.0,63.0,51.0,0.0,67.0,91.0,28.0,26.0,5.0,21.0,5.0,43.0,2.0,0.0,0.0,8.0,8.0,36.0,1.0,0.0,7.0,0.0,20.0,2.0,7.0
09/17/2020,36.0,0.0,3.0,0.0,0.0,26.0,0.0,0.0,31.0,0.0,1.0,8.0,0.0,21.0,4.0,0.0,0.0,264.0,3.0,3.0,0.0,1.0,5.0,0.0,0.0,8.0,2.0,0.0,75.0,9.0,0.0,56.0,44.0,0.0,63.0,91.0,30.0,27.0,6.0,14.0,5.0,38.0,2.0,0.0,0.0,9.0,8.0,33.0,0.0,0.0,6.0,0.0,24.0,2.0,7.0
09/18/2020,41.0,0.0,6.0,0.0,0.0,28.0,0.0,0.0,32.0,0.0,1.0,8.0,0.0,18.0,5.0,1.0,0.0,273.0,5.0,2.0,0.0,2.0,6.0,0.0,0.0,9.0,3.0,0.0,74.0,12.0,0.0,54.0,50.0,0.0,60.0,82.0,24.0,25.0,4.0,16.0,4.0,41.0,2.0,0.0,0.0,7.0,6.0,31.0,0.0,0.0,6.0,0.0,24.0,2.0,6.0
09/19/2020,42.0,0.0,4.0,0.0,0.0,23.0,0.0,0.0,32.0,0.0,1.0,8.0,0.0,21.0,4.0,0.0,0.0,255.0,3.0,2.0,0.0,1.0,6.0,0.0,0.0,9.0,2.0,0.0,72.0,12.0,0.0,54.0,49.0,1.0,56.0,82.0,20.0,24.0,4.0,13.0,4.0,39.0,2.0,0.0,0.0,6.0,6.0,34.0,0.0,0.0,4.0,0.0,22.0,2.0,6.0
09/20/2020,46.0,0.0,4.0,0.0,0.0,22.0,1.0,0.0,32.0,0.0,1.0,8.0,0.0,19.0,3.0,1.0,0.0,270.0,4.0,2.0,0.0,1.0,6.0,0.0,0.0,9.0,0.0,0.0,77.0,11.0,0.0,53.0,50.0,1.0,62.0,85.0,23.0,24.0,3.0,12.0,6.0,40.0,2.0,0.0,0.0,5.0,5.0,34.0,0.0,0.0,8.0,0.0,22.0,3.0,5.0
09/21/2020,41.0,0.0,4.0,0.0,0.0,21.0,0.0,0.0,30.0,0.0,1.0,9.0,0.0,22.0,2.0,0.0,0.0,268.0,5.0,2.0,0.0,2.0,6.0,0.0,0.0,10.0,1.0,0.0,68.0,11.0,0.0,52.0,55.0,1.0,58.0,80.0,18.0,25.0,2.0,14.0,4.0,34.0,2.0,0.0,0.0,5.0,3.0,29.0,0.0,0.0,7.0,0.0,23.0,3.0,5.0
09/22/2020,40.0,0.0,5.0,0.0,0.0,16.0,1.0,0.0,29.0,0.0,2.0,7.0,0.0,21.0,2.0,0.0,0.0,254.0,6.0,2.0,0.0,2.0,4.0,0.0,0.0,13.0,2.0,0.0,61.0,13.0,0.0,53.0,51.0,1.0,58.0,78.0,22.0,24.0,1.0,12.0,6.0,38.0,3.0,2.0,0.0,5.0,4.0,31.0,1.0,0.0,7.0,0.0,22.0,2.0,4.0
09/23/2020,37.0,0.0,6.0,0.0,0.0,15.0,0.0,0.0,29.0,0.0,2.0,7.0,0.0,21.0,2.0,0.0,0.0,278.0,5.0,3.0,0.0,2.0,4.0,0.0,0.0,11.0,3.0,0.0,52.0,14.0,0.0,50.0,49.0,1.0,56.0,80.0,23.0,21.0,1.0,14.0,5.0,42.0,2.0,3.0,0.0,5.0,4.0,30.0,1.0,0.0,6.0,0.0,25.0,2.0,3.0
09/24/2020,39.0,0.0,6.0,0.0,0.0,17.0,0.0,1.0,25.0,0.0,1.0,8.0,0.0,21.0,2.0,0.0,0.0,273.0,5.0,5.0,0.0,2.0,5.0,0.0,0.0,10.0,3.0,1.0,62.0,14.0,0.0,47.0,41.0,1.0,58.0,73.0,21.0,22.0,1.0,16.0,5.0,35.0,3.0,2.0,0.0,3.0,6.0,31.0,1.0,0.0,7.0,0.0,22.0,2.0,2.0
09/25/2020,32.0,0.0,7.0,0.0,0.0,16.0,0.0,1.0,21.0,0.0,1.0,9.0,0.0,20.0,1.0,1.0,0.0,263.0,4.0,4.0,0.0,2.0,4.0,0.0,0.0,11.0,3.0,1.0,54.0,13.0,0.0,45.0,34.0,1.0,53.0,75.0,25.0,20.0,1.0,13.0,6.0,39.0,5.0,2.0,0.0,5.0,9.0,27.0,1.0,0.0,7.0,0.0,22.0,2.0,2.0
09/26/2020,30.0,0.0,7.0,0.0,0.0,14.0,0.0,1.0,22.0,0.0,2.0,10.0,0.0,20.0,1.0,0.0,0.0,277.0,4.0,4.0,0.0,3.0,4.0,0.0,0.0,10.0,3.0,0.0,47.0,13.0,0.0,50.0,39.0,1.0,51.0,79.0,21.0,20.0,1.0,12.0,5.0,36.0,5.0,1.0,0.0,6.0,9.0,25.0,1.0,0.0,6.0,0.0,23.0,2.0,2.0
09/27/2020,30.0,0.0,8.0,0.0,0.0,14.0,0.0,1.0,22.0,0.0,1.0,8.0,0.0,16.0,1.0,0.0,0.0,266.0,3.0,3.0,0.0,3.0,4.0,0.0,0.0,9.0,3.0,0.0,50.0,15.0,0.0,46.0,44.0,1.0,52.0,78.0,18.0,18.0,1.0,9.0,5.0,36.0,4.0,1.0,0.0,2.0,8.0,21.0,1.0,0.0,7.0,0.0,18.0,3.0,1.0
09/28/2020,32.0,0.0,6.0,0.0,0.0,12.0,1.0,1.0,22.0,0.0,2.0,8.0,0.0,14.0,1.0,1.0,0.0,262.0,3.0,3.0,0.0,3.0,4.0,0.0,0.0,8.0,4.0,0.0,56.0,11.0,0.0,40.0,42.0,1.0,56.0,87.0,18.0,18.0,1.0,10.0,6.0,30.0,5.0,1.0,0.0,3.0,8.0,22.0,1.0,0.0,7.0,0.0,15.0,2.0,1.0
09/29/2020,31.0,1.0,6.0,0.0,0.0,16.0,0.0,1.0,27.0,0.0,1.0,8.0,0.0,16.0,3.0,1.0,0.0,254.0,3.0,4.0,0.0,2.0,5.0,0.0,0.0,8.0,3.0,1.0,57.0,7.0,0.0,43.0,37.0,1.0,54.0,74.0,17.0,19.0,1.0,12.0,6.0,33.0,4.0,1.0,0.0,6.0,8.0,27.0,1.0,0.0,7.0,0.0,20.0,3.0,1.0
09/30/2020,29.0,1.0,3.0,0.0,0.0,13.0,0.0,0.0,23.0,0.0,1.0,8.0,0.0,14.0,2.0,0.0,0.0,252.0,2.0,4.0,0.0,2.0,5.0,0.0,0.0,8.0,3.0,2.0,58.0,8.0,0.0,50.0,37.0,1.0,57.0,78.0,17.0,16.0,0.0,10.0,6.0,31.0,6.0,1.0,0.0,3.0,6.0,25.0,1.0,0.0,9.0,0.0,20.0,4.0,1.0
10/01/2020,33.0,0.0,2.0,0.0,0.0,12.0,0.0,0.0,21.0,0.0,1.0,6.0,0.0,15.0,2.0,0.0,0.0,255.0,2.0,4.0,0.0,3.0,3.0,0.0,0.0,7.0,5.0,1.0,49.0,7.0,0.0,50.0,36.0,1.0,49.0,85.0,16.0,17.0,0.0,11.0,7.0,29.0,6.0,0.0,0.0,5.0,5.0,22.0,1.0,0.0,9.0,0.0,16.0,2.0,1.0
10/02/2020,31.0,0.0,3.0,0.0,0.0,11.0,0.0,0.0,25.0,0.0,1.0,7.0,0.0,16.0,1.0,0.0,0.0,236.0,1.0,3.0,0.0,3.0,3.0,0.0,0.0,7.0,3.0,1.0,56.0,6.0,0.0,52.0,35.0,1.0,46.0,87.0,21.0,15.0,0.0,11.0,6.0,35.0,6.0,0.0,0.0,4.0,6.0,19.0,1.0,0.0,7.0,0.0,18.0,1.0,2.0
10/03/2020,33.0,0.0,4.0,0.0,0.0,10.0,0.0,0.0,24.0,0.0,1.0,8.0,0.0,18.0,1.0,1.0,0.0,239.0,1.0,4.0,0.0,2.0,3.0,0.0,0.0,5.0,2.0,1.0,56.0,4.0,0.0,56.0,32.0,1.0,50.0,81.0,18.0,15.0,0.0,12.0,5.0,32.0,6.0,1.0,0.0,3.0,8.0,18.0,0.0,0.0,11.0,0.0,18.0,1.0,2.0
10/04/2020,29.0,0.0,4.0,0.0,0.0,9.0,0.0,0.0,25.0,0.0,1.0,10.0,0.0,19.0,1.0,0.0,0.0,252.0,1.0,1.0,0.0,2.0,3.0,0.0,0.0,7.0,2.0,2.0,60.0,6.0,0.0,53.0,30.0,1.0,57.0,82.0,17.0,15.0,0.0,10.0,6.0,34.0,5.0,0.0,0.0,4.0,7.0,21.0,1.0,0.0,8.0,1.0,17.0,0.0,2.0
10/05/2020,29.0,0.0,4.0,0.0,0.0,10.0,0.0,1.0,23.0,0.0,1.0,10.0,0.0,16.0,1.0,2.0,0.0,242.0,1.0,1.0,0.0,3.0,2.0,0.0,0.0,6.0,2.0,2.0,73.0,5.0,0.0,58.0,34.0,0.0,56.0,76.0,16.0,14.0,0.0,10.0,6.0,32.0,4.0,0.0,0.0,5.0,11.0,23.0,0.0,0.0,10.0,0.0,18.0,0.0,2.0
10/06/2020,29.0,0.0,5.0,0.0,0.0,10.0,0.0,0.0,21.0,0.0,1.0,11.0,1.0,10.0,2.0,2.0,0.0,255.0,2.0,0.0,0.0,3.0,1.0,0.0,0.0,7.0,2.0,1.0,71.0,6.0,0.0,54.0,31.0,0.0,57.0,70.0,15.0,12.0,0.0,8.0,7.0,34.0,4.0,0.0,0.0,4.0,11.0,18.0,1.0,0.0,9.0,0.0,20.0,0.0,2.0
10/07/2020,28.0,0.0,4.0,0.0,0.0,12.0,0.0,0.0,14.0,0.0,1.0,9.0,0.0,12.0,3.0,0.0,0.0,228.0,1.0,0.0,0.0,3.0,1.0,0.0,0.0,8.0,2.0,2.0,65.0,8.0,0.0,53.0,34.0,0.0,50.0,72.0,17.0,12.0,1.0,9.0,7.0,24.0,5.0,0.0,0.0,9.0,7.0,20.0,2.0,0.0,8.0,0.0,21.0,0.0,2.0
10/08/2020,25.0,0.0,3.0,0.0,0.0,9.0,0.0,1.0,19.0,0.0,1.0,9.0,1.0,11.0,4.0,0.0,0.0,222.0,3.0,0.0,0.0,3.0,2.0,0.0,0.0,6.0,2.0,1.0,71.0,5.0,0.0,53.0,35.0,0.0,45.0,74.0,18.0,9.0,1.0,8.0,8.0,27.0,4.0,0.0,0.0,6.0,6.0,21.0,0.0,0.0,6.0,0.0,20.0,0.0,3.0
10/09/2020,25.0,0.0,3.0,0.0,0.0,11.0,0.0,1.0,17.0,0.0,0.0,11.0,1.0,11.0,3.0,0.0,0.0,227.0,2.0,0.0,0.0,4.0,2.0,0.0,0.0,6.0,2.0,0.0,71.0,4.0,0.0,50.0,32.0,0.0,41.0,69.0,16.0,11.0,1.0,12.0,6.0,22.0,4.0,0.0,0.0,5.0,7.0,21.0,0.0,0.0,7.0,0.0,26.0,0.0,1.0
10/10/2020,29.0,0.0,3.0,0.0,0.0,9.0,0.0,1.0,15.0,0.0,0.0,11.0,0.0,13.0,2.0,1.0,0.0,259.0,1.0,0.0,0.0,3.0,2.0,0.0,0.0,8.0,0.0,0.0,62.0,9.0,0.0,47.0,34.0,0.0,44.0,59.0,13.0,5.0,1.0,10.0,6.0,22.0,4.0,0.0,0.0,4.0,7.0,23.0,0.0,0.0,6.0,0.0,21.0,0.0,1.0
10/11/2020,27.0,0.0,4.0,0.0,0.0,10.0,0.0,2.0,14.0,0.0,1.0,11.0,0.0,13.0,2.0,0.0,0.0,240.0,1.0,0.0,0.0,3.0,3.0,0.0,0.0,9.0,2.0,0.0,63.0,6.0,0.0,45.0,34.0,0.0,57.0,67.0,12.0,7.0,1.0,8.0,5.0,27.0,5.0,0.0,0.0,4.0,6.0,20.0,0.0,0.0,4.0,0.0,19.0,2.0,2.0
10/12/2020,28.0,0.0,4.0,0.0,0.0,8.0,0.0,1.0,18.0,0.0,2.0,12.0,0.0,13.0,2.0,1.0,0.0,245.0,1.0,0.0,0.0,3.0,3.0,0.0,0.0,9.0,0.0,0.0,64.0,6.0,0.0,51.0,27.0,0.0,50.0,71.0,13.0,7.0,0.0,8.0,9.0,27.0,5.0,0.0,0.0,6.0,7.0,19.0,1.0,0.0,4.0,0.0,20.0,2.0,1.0
10/13/2020,24.0,0.0,2.0,0.0,0.0,8.0,0.0,1.0,20.0,0.0,1.0,13.0,0.0,17.0,2.0,1.0,0.0,245.0,0.0,1.0,0.0,1.0,3.0,0.0,0.0,10.0,0.0,0.0,72.0,6.0,0.0,59.0,24.0,0.0,45.0,75.0,9.0,6.0,0.0,6.0,9.0,27.0,5.0,0.0,0.0,9.0,6.0,17.0,1.0,0.0,5.0,0.0,20.0,2.0,1.0
10/14/2020,20.0,0.0,2.0,0.0,0.0,7.0,0.0,1.0,21.0,0.0,1.0,14.0,0.0,18.0,0.0,1.0,0.0,239.0,0.0,1.0,0.0,0.0,2.0,0.0,0.0,8.0,1.0,0.0,72.0,3.0,0.0,50.0,24.0,0.0,43.0,67.0,8.0,4.0,0.0,6.0,7.0,28.0,5.0,1.0,0.0,6.0,6.0,17.0,0.0,0.0,6.0,0.0,16.0,1.0,0.0
10/15/2020,17.0,0.0,1.0,0.0,0.0,9.0,0.0,0.0,17.0,0.0,2.0,14.0,0.0,17.0,2.0,2.0,0.0,220.0,0.0,2.0,0.0,0.0,1.0,0.0,0.0,8.0,1.0,0.0,69.0,2.0,0.0,53.0,26.0,0.0,50.0,73.0,9.0,5.0,0.0,7.0,6.0,33.0,5.0,2.0,0.0,6.0,8.0,17.0,1.0,0.0,5.0,0.0,19.0,3.0,1.0
10/16/2020,19.0,0.0,2.0,0.0,0.0,8.0,0.0,0.0,24.0,0.0,4.0,13.0,0.0,20.0,1.0,1.0,0.0,234.0,0.0,2.0,0.0,0.0,2.0,0.0,0.0,8.0,0.0,0.0,64.0,8.0,0.0,56.0,27.0,0.0,50.0,74.0,6.0,8.0,0.0,9.0,5.0,30.0,6.0,1.0,0.0,7.0,7.0,18.0,2.0,0.0,4.0,0.0,19.0,4.0,0.0
10/17/2020,24.0,0.0,2.0,0.0,0.0,5.0,0.0,0.0,25.0,0.0,3.0,14.0,0.0,18.0,1.0,1.0,0.0,228.0,1.0,2.0,0.0,0.0,2.0,0.0,0.0,6.0,0.0,0.0,71.0,7.0,0.0,55.0,26.0,0.0,48.0,73.0,9.0,7.0,0.0,9.0,4.0,23.0,6.0,1.0,0.0,7.0,4.0,19.0,2.0,0.0,4.0,0.0,16.0,4.0,0.0
10/18/2020,25.0,0.0,2.0,0.0,0.0,4.0,0.0,0.0,30.0,0.0,1.0,15.0,1.0,17.0,1.0,1.0,0.0,246.0,1.0,1.0,0.0,1.0,2.0,0.0,0.0,7.0,0.0,0.0,69.0,8.0,0.0,52.0,35.0,0.0,50.0,73.0,10.0,6.0,0.0,7.0,6.0,27.0,6.0,1.0,0.0,5.0,6.0,17.0,2.0,0.0,3.0,0.0,16.0,4.0,0.0
10/19/2020,25.0,0.0,2.0,0.0,0.0,6.0,0.0,0.0,26.0,0.0,3.0,15.0,0.0,18.0,1.0,2.0,0.0,262.0,2.0,1.0,0.0,1.0,3.0,0.0,0.0,7.0,0.0,1.0,68.0,4.0,0.0,56.0,36.0,0.0,47.0,85.0,10.0,4.0,0.0,9.0,4.0,27.0,5.0,1.0,0.0,6.0,4.0,17.0,2.0,0.0,1.0,0.0,16.0,3.0,1.0
10/20/2020,23.0,0.0,3.0,0.0,0.0,11.0,0.0,0.0,25.0,0.0,1.0,15.0,0.0,17.0,2.0,2.0,0.0,261.0,1.0,2.0,0.0,0.0,3.0,0.0,0.0,10.0,0.0,0.0,71.0,7.0,0.0,51.0,28.0,0.0,48.0,77.0,7.0,4.0,0.0,9.0,4.0,26.0,4.0,1.0,0.0,5.0,4.0,15.0,2.0,0.0,2.0,0.0,19.0,3.0,0.0
10/21/2020,19.0,0.0,1.0,0.0,0.0,8.0,0.0,0.0,19.0,0.0,2.0,17.0,0.0,19.0,2.0,2.0,0.0,255.0,3.0,2.0,0.0,1.0,2.0,0.0,0.0,9.0,0.0,0.0,65.0,5.0,0.0,57.0,24.0,0.0,53.0,75.0,12.0,6.0,0.0,9.0,3.0,27.0,4.0,1.0,0.0,7.0,5.0,15.0,2.0,0.0,2.0,0.0,22.0,3.0,0.0
10/22/2020,18.0,0.0,1.0,0.0,0.0,9.0,0.0,0.0,21.0,0.0,1.0,17.0,0.0,20.0,3.0,2.0,0.0,259.0,3.0,4.0,0.0,0.0,3.0,0.0,0.0,8.0,0.0,1.0,63.0,6.0,0.0,54.0,23.0,0.0,49.0,71.0,10.0,8.0,1.0,7.0,2.0,26.0,5.0,2.0,0.0,5.0,6.0,16.0,2.0,0.0,4.0,0.0,21.0,3.0,0.0
10/23/2020,18.0,0.0,1.0,0.0,0.0,10.0,0.0,0.0,25.0,0.0,2.0,16.0,0.0,19.0,4.0,3.0,0.0,256.0,2.0,3.0,0.0,0.0,3.0,0.0,0.0,8.0,0.0,0.0,64.0,5.0,0.0,50.0,22.0,0.0,49.0,81.0,10.0,6.0,1.0,6.0,2.0,18.0,4.0,1.0,0.0,4.0,5.0,17.0,2.0,0.0,5.0,1.0,18.0,3.0,0.0
10/24/2020,19.0,0.0,1.0,0.0,0.0,11.0,0.0,0.0,24.0,0.0,1.0,15.0,0.0,20.0,3.0,3.0,0.0,264.0,4.0,2.0,0.0,1.0,2.0,0.0,0.0,8.0,0.0,0.0,60.0,4.0,0.0,43.0,24.0,0.0,44.0,70.0,7.0,5.0,1.0,5.0,2.0,19.0,3.0,3.0,0.0,4.0,5.0,14.0,2.0,0.0,5.0,0.0,20.0,4.0,0.0
10/25/2020,20.0,0.0,1.0,0.0,0.0,11.0,0.0,2.0,25.0,0.0,2.0,16.0,0.0,19.0,2.0,2.0,0.0,238.0,4.0,0.0,0.0,0.0,2.0,0.0,0.0,8.0,0.0,0.0,64.0,5.0,0.0,48.0,22.0,0.0,52.0,74.0,7.0,7.0,1.0,6.0,3.0,19.0,3.0,3.0,0.0,3.0,5.0,14.0,2.0,0.0,4.0,0.0,15.0,3.0,0.0
10/26/2020,19.0,0.0,1.0,0.0,0.0,11.0,0.0,2.0,26.0,0.0,0.0,17.0,0.0,18.0,2.0,2.0,0.0,257.0,3.0,0.0,0.0,0.0,2.0,0.0,0.0,8.0,0.0,1.0,64.0,5.0,0.0,67.0,22.0,0.0,56.0,83.0,5.0,9.0,2.0,4.0,3.0,24.0,3.0,3.0,1.0,5.0,7.0,14.0,2.0,0.0,6.0,0.0,17.0,3.0,0.0
10/27/2020,23.0,0.0,3.0,0.0,0.0,11.0,0.0,2.0,28.0,0.0,0.0,14.0,0.0,19.0,3.0,2.0,0.0,267.0,3.0,0.0,0.0,0.0,2.0,0.0,0.0,9.0,2.0,0.0,65.0,6.0,0.0,43.0,20.0,0.0,64.0,80.0,6.0,7.0,1.0,5.0,3.0,20.0,2.0,2.0,1.0,7.0,6.0,18.0,2.0,0.0,7.0,0.0,14.0,3.0,0.0
10/28/2020,23.0,0.0,3.0,0.0,0.0,9.0,0.0,2.0,30.0,0.0,0.0,17.0,1.0,20.0,2.0,2.0,0.0,263.0,3.0,1.0,0.0,0.0,2.0,0.0,0.0,7.0,1.0,1.0,69.0,5.0,0.0,47.0,22.0,0.0,62.0,74.0,7.0,8.0,2.0,4.0,1.0,19.0,2.0,1.0,1.0,4.0,7.0,16.0,2.0,0.0,7.0,2.0,15.0,4.0,0.0
10/29/2020,19.0,0.0,2.0,0.0,0.0,6.0,0.0,1.0,25.0,0.0,0.0,17.0,0.0,20.0,2.0,2.0,0.0,265.0,4.0,1.0,0.0,0.0,4.0,0.0,0.0,10.0,0.0,2.0,66.0,8.0,0.0,40.0,20.0,0.0,70.0,79.0,9.0,7.0,2.0,4.0,2.0,21.0,2.0,2.0,1.0,4.0,10.0,18.0,2.0,0.0,7.0,0.0,13.0,5.0,0.0
10/30/2020,22.0,0.0,2.0,0.0,0.0,6.0,0.0,1.0,27.0,0.0,0.0,13.0,0.0,24.0,3.0,2.0,0.0,258.0,3.0,2.0,0.0,0.0,2.0,0.0,0.0,10.0,0.0,0.0,63.0,7.0,0.0,48.0,23.0,0.0,64.0,87.0,7.0,8.0,2.0,2.0,3.0,23.0,2.0,2.0,0.0,4.0,7.0,17.0,1.0,0.0,5.0,0.0,16.0,5.0,0.0
10/31/2020,23.0,0.0,3.0,0.0,0.0,8.0,0.0,1.0,26.0,0.0,0.0,13.0,0.0,23.0,5.0,2.0,0.0,250.0,4.0,1.0,0.0,1.0,1.0,0.0,0.0,9.0,0.0,0.0,64.0,9.0,0.0,44.0,20.0,0.0,67.0,100.0,6.0,10.0,3.0,5.0,4.0,26.0,2.0,3.0,0.0,4.0,5.0,21.0,0.0,0.0,4.0,0.0,18.0,5.0,1.0
11/01/2020,24.0,0.0,2.0,0.0,0.0,10.0,0.0,0.0,26.0,0.0,0.0,14.0,0.0,24.0,5.0,2.0,0.0,262.0,4.0,2.0,0.0,1.0,1.0,0.0,0.0,9.0,1.0,1.0,63.0,8.0,0.0,53.0,25.0,0.0,72.0,96.0,9.0,11.0,3.0,7.0,2.0,22.0,2.0,3.0,0.0,7.0,4.0,19.0,0.0,0.0,3.0,0.0,22.0,4.0,0.0
11/02/2020,23.0,0.0,5.0,0.0,0.0,12.0,0.0,1.0,29.0,0.0,0.0,14.0,0.0,23.0,5.0,1.0,0.0,262.0,3.0,3.0,0.0,1.0,2.0,0.0,0.0,11.0,1.0,0.0,69.0,6.0,0.0,60.0,28.0,1.0,69.0,99.0,12.0,8.0,2.0,4.0,2.0,27.0,2.0,4.0,1.0,4.0,4.0,18.0,0.0,0.0,3.0,0.0,17.0,3.0,1.0
11/03/2020,20.0,0.0,4.0,0.0,0.0,15.0,1.0,2.0,32.0,0.0,0.0,14.0,0.0,23.0,6.0,1.0,0.0,275.0,3.0,2.0,0.0,2.0,2.0,0.0,0.0,12.0,3.0,0.0,86.0,8.0,0.0,64.0,25.0,1.0,75.0,106.0,12.0,9.0,2.0,3.0,4.0,29.0,3.0,3.0,1.0,4.0,7.0,19.0,0.0,0.0,3.0,0.0,16.0,3.0,1.0
11/04/2020,23.0,0.0,4.0,0.0,0.0,13.0,0.0,2.0,28.0,0.0,0.0,15.0,0.0,21.0,3.0,1.0,0.0,284.0,1.0,1.0,0.0,2.0,4.0,0.0,0.0,12.0,3.0,0.0,83.0,4.0,0.0,64.0,25.0,1.0,86.0,105.0,13.0,10.0,2.0,3.0,4.0,26.0,20.0,3.0,1.0,7.0,6.0,20.0,0.0,0.0,4.0,1.0,13.0,3.0,1.0
11/05/2020,21.0,0.0,1.0,0.0,0.0,9.0,0.0,3.0,30.0,0.0,0.0,16.0,0.0,20.0,2.0,1.0,0.0,285.0,1.0,1.0,0.0,2.0,4.0,0.0,0.0,11.0,2.0,1.0,84.0,7.0,0.0,68.0,23.0,1.0,86.0,109.0,11.0,8.0,2.0,6.0,3.0,27.0,16.0,3.0,1.0,7.0,7.0,15.0,0.0,0.0,7.0,1.0,17.0,3.0,1.0
11/06/2020,20.0,0.0,1.0,0.0,0.0,11.0,0.0,2.0,26.0,0.0,0.0,15.0,0.0,20.0,2.0,1.0,0.0,290.0,1.0,1.0,0.0,2.0,6.0,0.0,0.0,12.0,2.0,1.0,75.0,5.0,0.0,69.0,26.0,1.0,83.0,110.0,12.0,12.0,2.0,6.0,3.0,27.0,3.0,2.0,1.0,7.0,8.0,15.0,0.0,0.0,6.0,1.0,10.0,3.0,1.0
11/07/2020,23.0,0.0,3.0,0.0,0.0,8.0,0.0,2.0,25.0,0.0,0.0,14.0,0.0,19.0,2.0,1.0,0.0,285.0,1.0,3.0,0.0,3.0,5.0,0.0,0.0,10.0,2.0,1.0,77.0,6.0,0.0,76.0,31.0,1.0,78.0,106.0,10.0,13.0,3.0,6.0,2.0,27.0,3.0,2.0,2.0,9.0,8.0,13.0,0.0,0.0,6.0,0.0,20.0,3.0,1.0
11/08/2020,28.0,1.0,1.0,0.0,0.0,13.0,0.0,2.0,27.0,0.0,0.0,15.0,0.0,19.0,2.0,1.0,0.0,283.0,2.0,2.0,0.0,2.0,5.0,0.0,0.0,9.0,2.0,0.0,83.0,9.0,0.0,77.0,32.0,1.0,80.0,104.0,11.0,14.0,4.0,4.0,3.0,30.0,3.0,3.0,0.0,10.0,9.0,17.0,0.0,0.0,6.0,1.0,21.0,3.0,2.0
11/09/2020,25.0,0.0,0.0,0.0,0.0,16.0,0.0,5.0,32.0,0.0,0.0,16.0,0.0,17.0,4.0,1.0,0.0,297.0,1.0,4.0,0.0,4.0,5.0,0.0,0.0,10.0,3.0,1.0,93.0,9.0,0.0,81.0,33.0,1.0,84.0,107.0,12.0,13.0,4.0,3.0,2.0,27.0,3.0,3.0,0.0,12.0,5.0,17.0,0.0,0.0,6.0,1.0,24.0,1.0,2.0
11/10/2020,30.0,0.0,1.0,0.0,0.0,19.0,0.0,4.0,30.0,0.0,0.0,16.0,0.0,15.0,4.0,2.0,0.0,315.0,2.0,3.0,0.0,4.0,6.0,0.0,0.0,9.0,2.0,1.0,89.0,9.0,0.0,79.0,39.0,1.0,84.0,107.0,9.0,15.0,3.0,3.0,2.0,34.0,3.0,4.0,1.0,13.0,6.0,20.0,0.0,0.0,5.0,1.0,12.0,2.0,2.0
11/11/2020,25.0,0.0,1.0,0.0,0.0,21.0,0.0,6.0,34.0,0.0,1.0,17.0,0.0,16.0,3.0,2.0,0.0,315.0,2.0,2.0,0.0,5.0,9.0,0.0,0.0,9.0,2.0,1.0,95.0,13.0,0.0,75.0,37.0,1.0,86.0,100.0,9.0,16.0,3.0,3.0,2.0,29.0,4.0,7.0,1.0,12.0,5.0,19.0,0.0,0.0,4.0,1.0,12.0,3.0,2.0
11/12/2020,25.0,0.0,0.0,0.0,0.0,19.0,0.0,4.0,29.0,0.0,2.0,20.0,0.0,13.0,3.0,2.0,0.0,321.0,2.0,2.0,0.0,3.0,6.0,0.0,0.0,8.0,2.0,1.0,101.0,7.0,0.0,71.0,43.0,1.0,93.0,105.0,11.0,18.0,2.0,4.0,4.0,30.0,4.0,8.0,3.0,16.0,5.0,20.0,2.0,0.0,3.0,0.0,13.0,3.0,2.0
11/13/2020,26.0,0.0,2.0,1.0,0.0,19.0,0.0,4.0,34.0,0.0,3.0,18.0,1.0,15.0,3.0,2.0,0.0,300.0,2.0,3.0,0.0,1.0,6.0,0.0,0.0,8.0,1.0,1.0,93.0,6.0,0.0,77.0,45.0,1.0,91.0,103.0,9.0,18.0,1.0,4.0,5.0,37.0,4.0,8.0,3.0,12.0,6.0,24.0,2.0,0.0,3.0,0.0,17.0,3.0,2.0
11/14/2020,25.0,0.0,1.0,2.0,0.0,17.0,0.0,4.0,34.0,0.0,3.0,17.0,0.0,14.0,3.0,2.0,0.0,336.0,2.0,3.0,0.0,0.0,4.0,0.0,0.0,9.0,1.0,2.0,94.0,5.0,0.0,89.0,50.0,1.0,93.0,114.0,11.0,17.0,3.0,5.0,5.0,40.0,3.0,7.0,3.0,11.0,6.0,21.0,2.0,0.0,6.0,1.0,20.0,5.0,3.0
11/15/2020,27.0,0.0,2.0,2.0,0.0,18.0,0.0,3.0,37.0,0.0,1.0,20.0,0.0,17.0,4.0,2.0,0.0,351.0,3.0,3.0,0.0,1.0,5.0,0.0,0.0,10.0,2.0,2.0,88.0,7.0,0.0,86.0,52.0,1.0,100.0,116.0,10.0,20.0,1.0,5.0,4.0,42.0,3.0,3.0,3.0,12.0,8.0,20.0,3.0,0.0,6.0,0.0,22.0,6.0,3.0
11/16/2020,27.0,0.0,1.0,2.0,0.0,27.0,0.0,5.0,38.0,0.0,3.0,19.0,0.0,19.0,4.0,1.0,0.0,370.0,4.0,3.0,0.0,2.0,7.0,0.0,0.0,8.0,2.0,2.0,92.0,12.0,0.0,91.0,56.0,1.0,111.0,122.0,10.0,19.0,1.0,6.0,3.0,44.0,4.0,4.0,2.0,13.0,9.0,18.0,2.0,0.0,6.0,0.0,25.0,8.0,3.0
11/17/2020,26.0,0.0,2.0,1.0,0.0,25.0,0.0,7.0,36.0,0.0,2.0,19.0,0.0,19.0,5.0,1.0,0.0,380.0,3.0,3.0,0.0,3.0,9.0,0.0,0.0,10.0,1.0,2.0,100.0,11.0,0.0,98.0,53.0,1.0,119.0,129.0,14.0,20.0,1.0,8.0,3.0,43.0,6.0,4.0,2.0,16.0,9.0,16.0,3.0,0.0,9.0,2.0,26.0,7.0,4.0
11/18/2020,25.0,1.0,2.0,1.0,0.0,27.0,0.0,4.0,29.0,0.0,1.0,19.0,0.0,21.0,5.0,2.0,0.0,384.0,3.0,3.0,0.0,5.0,7.0,0.0,0.0,9.0,1.0,2.0,92.0,12.0,0.0,91.0,59.0,1.0,127.0,126.0,12.0,21.0,2.0,8.0,3.0,48.0,6.0,6.0,2.0,12.0,7.0,16.0,3.0,0.0,8.0,2.0,27.0,7.0,4.0
11/19/2020,28.0,0.0,3.0,1.0,0.0,27.0,0.0,4.0,27.0,0.0,0.0,20.0,1.0,22.0,6.0,2.0,0.0,404.0,4.0,3.0,0.0,5.0,9.0,0.0,0.0,9.0,1.0,4.0,106.0,13.0,0.0,106.0,54.0,1.0,131.0,130.0,15.0,24.0,1.0,8.0,4.0,50.0,8.0,7.0,2.0,11.0,9.0,18.0,4.0,0.0,8.0,2.0,28.0,7.0,5.0
11/20/2020,30.0,0.0,2.0,0.0,0.0,22.0,0.0,4.0,32.0,0.0,0.0,18.0,1.0,20.0,6.0,2.0,0.0,408.0,5.0,4.0,0.0,5.0,9.0,0.0,0.0,9.0,1.0,4.0,96.0,12.0,0.0,104.0,53.0,1.0,136.0,126.0,13.0,27.0,2.0,8.0,7.0,51.0,9.0,6.0,2.0,11.0,9.0,19.0,5.0,0.0,7.0,1.0,32.0,7.0,6.0
11/21/2020,29.0,1.0,2.0,0.0,0.0,26.0,0.0,5.0,32.0,0.0,0.0,18.0,1.0,19.0,8.0,1.0,0.0,439.0,5.0,4.0,0.0,3.0,3.0,0.0,0.0,12.0,2.0,3.0,98.0,13.0,0.0,103.0,56.0,1.0,138.0,132.0,15.0,34.0,2.0,11.0,5.0,56.0,8.0,6.0,2.0,11.0,6.0,23.0,4.0,0.0,8.0,2.0,29.0,9.0,5.0
11/22/2020,26.0,1.0,2.0,2.0,0.0,25.0,0.0,5.0,34.0,0.0,1.0,16.0,1.0,21.0,7.0,1.0,0.0,463.0,7.0,3.0,0.0,2.0,2.0,0.0,0.0,14.0,2.0,3.0,112.0,10.0,0.0,107.0,58.0,1.0,146.0,139.0,16.0,35.0,4.0,7.0,4.0,57.0,8.0,6.0,2.0,14.0,7.0,26.0,4.0,0.0,8.0,2.0,31.0,8.0,5.0
11/23/2020,28.0,1.0,4.0,2.0,0.0,26.0,0.0,5.0,40.0,0.0,1.0,15.0,1.0,24.0,7.0,1.0,0.0,469.0,6.0,4.0,0.0,5.0,2.0,0.0,0.0,15.0,1.0,4.0,126.0,12.0,0.0,117.0,56.0,1.0,151.0,152.0,15.0,35.0,3.0,7.0,5.0,52.0,8.0,7.0,1.0,15.0,5.0,25.0,4.0,0.0,9.0,2.0,32.0,7.0,6.0
11/24/2020,37.0,0.0,4.0,1.0,0.0,22.0,0.0,6.0,42.0,0.0,1.0,14.0,0.0,25.0,7.0,2.0,0.0,481.0,6.0,4.0,0.0,3.0,4.0,0.0,0.0,15.0,3.0,3.0,120.0,11.0,0.0,130.0,54.0,1.0,158.0,151.0,19.0,35.0,2.0,9.0,6.0,54.0,9.0,8.0,2.0,17.0,5.0,25.0,4.0,0.0,9.0,2.0,28.0,6.0,6.0
11/25/2020,43.0,0.0,4.0,1.0,0.0,21.0,0.0,5.0,47.0,0.0,0.0,14.0,0.0,29.0,7.0,0.0,0.0,497.0,6.0,4.0,0.0,4.0,6.0,0.0,0.0,14.0,4.0,4.0,133.0,10.0,0.0,125.0,54.0,2.0,165.0,165.0,22.0,34.0,2.0,8.0,8.0,62.0,9.0,9.0,2.0,18.0,4.0,28.0,4.0,0.0,7.0,3.0,22.0,5.0,6.0
11/26/2020,46.0,0.0,8.0,1.0,0.0,23.0,0.0,4.0,41.0,0.0,0.0,15.0,0.0,33.0,6.0,0.0,0.0,536.0,6.0,3.0,0.0,5.0,6.0,0.0,0.0,13.0,4.0,3.0,140.0,17.0,0.0,130.0,53.0,2.0,175.0,172.0,20.0,37.0,1.0,9.0,8.0,72.0,7.0,11.0,2.0,21.0,6.0,34.0,4.0,0.0,8.0,4.0,28.0,5.0,7.0
11/27/2020,46.0,0.0,6.0,1.0,0.0,21.0,0.0,4.0,54.0,0.0,0.0,14.0,0.0,33.0,7.0,0.0,0.0,559.0,7.0,3.0,0.0,6.0,8.0,0.0,0.0,14.0,4.0,3.0,141.0,15.0,0.0,123.0,56.0,2.0,172.0,172.0,26.0,33.0,1.0,10.0,7.0,76.0,6.0,10.0,2.0,20.0,4.0,34.0,4.0,0.0,10.0,3.0,33.0,5.0,8.0
11/28/2020,53.0,0.0,8.0,1.0,0.0,23.0,0.0,6.0,57.0,0.0,0.0,13.0,0.0,37.0,8.0,0.0,0.0,568.0,6.0,3.0,0.0,4.0,9.0,0.0,0.0,15.0,4.0,4.0,153.0,13.0,0.0,129.0,65.0,2.0,178.0,172.0,25.0,30.0,1.0,9.0,7.0,75.0,4.0,9.0,2.0,20.0,5.0,34.0,5.0,0.0,11.0,2.0,37.0,7.0,9.0
11/29/2020,59.0,0.0,5.0,3.0,0.0,27.0,0.0,5.0,57.0,0.0,1.0,13.0,0.0,37.0,8.0,0.0,0.0,597.0,7.0,3.0,0.0,4.0,11.0,0.0,0.0,17.0,4.0,6.0,155.0,16.0,0.0,144.0,73.0,3.0,176.0,172.0,24.0,34.0,1.0,14.0,10.0,82.0,6.0,10.0,1.0,18.0,6.0,38.0,5.0,0.0,12.0,2.0,35.0,8.0,10.0
11/30/2020,55.0,0.0,7.0,2.0,0.0,30.0,0.0,3.0,55.0,0.0,2.0,14.0,1.0,41.0,6.0,0.0,0.0,612.0,6.0,5.0,0.0,4.0,11.0,0.0,0.0,19.0,6.0,4.0,166.0,17.0,0.0,135.0,80.0,3.0,185.0,187.0,28.0,31.0,1.0,15.0,14.0,85.0,8.0,10.0,2.0,21.0,8.0,46.0,4.0,0.0,15.0,3.0,37.0,7.0,9.0
12/01/2020,60.0,1.0,6.0,2.0,0.0,34.0,0.0,2.0,64.0,0.0,3.0,16.0,1.0,41.0,6.0,0.0,0.0,642.0,7.0,4.0,0.0,4.0,12.0,0.0,0.0,17.0,7.0,5.0,179.0,20.0,0.0,134.0,82.0,3.0,202.0,204.0,27.0,40.0,1.0,18.0,14.0,89.0,9.0,9.0,3.0,24.0,7.0,42.0,4.0,0.0,12.0,4.0,43.0,9.0,8.0
12/02/2020,63.0,2.0,7.0,3.0,0.0,28.0,0.0,1.0,64.0,0.0,3.0,18.0,0.0,42.0,11.0,0.0,0.0,657.0,8.0,6.0,0.0,4.0,7.0,0.0,0.0,17.0,6.0,3.0,185.0,21.0,0.0,129.0,80.0,3.0,204.0,208.0,28.0,42.0,1.0,22.0,16.0,85.0,9.0,8.0,3.0,23.0,5.0,43.0,3.0,0.0,13.0,2.0,43.0,11.0,10.0
12/03/2020,61.0,3.0,8.0,2.0,0.0,39.0,0.0,4.0,70.0,0.0,2.0,21.0,0.0,39.0,12.0,0.0,0.0,682.0,8.0,6.0,0.0,3.0,7.0,0.0,0.0,23.0,5.0,5.0,201.0,22.0,0.0,140.0,75.0,3.0,208.0,211.0,35.0,47.0,1.0,22.0,16.0,81.0,8.0,11.0,3.0,19.0,7.0,51.0,2.0,0.0,13.0,2.0,49.0,11.0,10.0
12/04/2020,64.0,3.0,8.0,2.0,0.0,38.0,0.0,5.0,58.0,0.0,3.0,27.0,1.0,40.0,10.0,1.0,0.0,700.0,7.0,6.0,0.0,3.0,8.0,0.0,0.0,25.0,4.0,4.0,199.0,20.0,0.0,151.0,73.0,2.0,217.0,202.0,35.0,50.0,1.0,20.0,15.0,86.0,10.0,11.0,3.0,20.0,8.0,47.0,1.0,0.0,12.0,1.0,44.0,10.0,10.0
12/05/2020,61.0,2.0,6.0,2.0,0.0,37.0,0.0,5.0,64.0,0.0,1.0,29.0,1.0,46.0,9.0,1.0,0.0,761.0,7.0,7.0,0.0,3.0,9.0,0.0,0.0,25.0,5.0,5.0,214.0,28.0,0.0,150.0,73.0,2.0,230.0,216.0,34.0,56.0,1.0,20.0,12.0,85.0,8.0,11.0,3.0,22.0,9.0,51.0,2.0,0.0,13.0,0.0,47.0,11.0,9.0
12/06/2020,62.0,3.0,6.0,2.0,0.0,35.0,0.0,10.0,67.0,0.0,1.0,28.0,0.0,47.0,9.0,2.0,0.0,811.0,7.0,6.0,0.0,3.0,8.0,0.0,0.0,20.0,4.0,4.0,226.0,29.0,0.0,153.0,81.0,2.0,218.0,221.0,32.0,54.0,5.0,22.0,11.0,88.0,7.0,12.0,2.0,21.0,15.0,48.0,2.0,0.0,17.0,1.0,48.0,12.0,8.0
12/07/2020,61.0,3.0,5.0,1.0,0.0,36.0,1.0,10.0,82.0,0.0,0.0,28.0,0.0,49.0,9.0,2.0,0.0,818.0,8.0,7.0,0.0,2.0,6.0,0.0,0.0,20.0,3.0,4.0,247.0,26.0,0.0,151.0,85.0,2.0,225.0,224.0,31.0,52.0,5.0,21.0,12.0,96.0,6.0,13.0,3.0,18.0,14.0,51.0,2.0,0.0,17.0,0.0,49.0,11.0,10.0
12/08/2020,68.0,3.0,9.0,1.0,0.0,42.0,1.0,13.0,77.0,0.0,1.0,28.0,1.0,54.0,9.0,2.0,0.0,847.0,8.0,7.0,0.0,2.0,6.0,0.0,0.0,19.0,2.0,5.0,253.0,25.0,0.0,181.0,86.0,2.0,223.0,235.0,31.0,55.0,6.0,20.0,13.0,96.0,10.0,12.0,3.0,18.0,11.0,56.0,1.0,0.0,16.0,0.0,47.0,11.0,11.0
12/09/2020,77.0,3.0,8.0,1.0,0.0,40.0,1.0,11.0,97.0,0.0,1.0,32.0,3.0,52.0,8.0,2.0,0.0,848.0,9.0,7.0,0.0,2.0,7.0,0.0,0.0,18.0,3.0,5.0,267.0,21.0,0.0,181.0,84.0,1.0,231.0,245.0,33.0,61.0,6.0,25.0,15.0,100.0,10.0,13.0,2.0,23.0,11.0,56.0,1.0,0.0,16.0,0.0,49.0,13.0,11.0
12/10/2020,86.0,3.0,6.0,3.0,0.0,33.0,1.0,14.0,87.0,0.0,3.0,33.0,3.0,52.0,7.0,2.0,0.0,894.0,9.0,8.0,0.0,2.0,5.0,0.0,0.0,18.0,7.0,5.0,270.0,21.0,0.0,179.0,87.0,2.0,241.0,256.0,33.0,61.0,4.0,24.0,17.0,101.0,9.0,10.0,2.0,23.0,11.0,49.0,1.0,0.0,14.0,0.0,54.0,12.0,11.0
12/11/2020,82.0,3.0,9.0,4.0,0.0,35.0,1.0,11.0,93.0,0.0,2.0,30.0,1.0,58.0,7.0,2.0,0.0,892.0,10.0,8.0,0.0,2.0,8.0,0.0,0.0,21.0,11.0,4.0,283.0,19.0,0.0,181.0,90.0,2.0,254.0,274.0,33.0,65.0,5.0,26.0,21.0,102.0,9.0,8.0,2.0,27.0,12.0,59.0,1.0,0.0,15.0,1.0,56.0,12.0,15.0
12/12/2020,86.0,2.0,9.0,4.0,0.0,42.0,1.0,10.0,92.0,0.0,3.0,32.0,2.0,62.0,5.0,2.0,0.0,936.0,7.0,12.0,0.0,2.0,8.0,0.0,0.0,23.0,6.0,4.0,289.0,16.0,0.0,179.0,90.0,2.0,258.0,274.0,37.0,62.0,7.0,24.0,20.0,106.0,10.0,15.0,2.0,27.0,11.0,59.0,2.0,0.0,15.0,1.0,63.0,3.0,15.0
12/13/2020,94.0,4.0,14.0,4.0,0.0,46.0,1.0,8.0,98.0,0.0,2.0,31.0,2.0,66.0,6.0,2.0,0.0,987.0,8.0,11.0,0.0,2.0,8.0,0.0,0.0,23.0,7.0,3.0,293.0,21.0,0.0,191.0,91.0,2.0,269.0,276.0,37.0,66.0,8.0,27.0,21.0,112.0,11.0,15.0,2.0,30.0,14.0,60.0,2.0,0.0,13.0,1.0,63.0,11.0,15.0
12/14/2020,98.0,3.0,14.0,4.0,0.0,46.0,0.0,9.0,76.0,0.0,4.0,31.0,0.0,61.0,6.0,2.0,0.0,1026.0,8.0,12.0,0.0,3.0,8.0,0.0,0.0,26.0,8.0,3.0,312.0,26.0,0.0,201.0,94.0,2.0,281.0,290.0,40.0,72.0,9.0,27.0,23.0,126.0,9.0,13.0,2.0,33.0,14.0,65.0,2.0,0.0,15.0,0.0,62.0,14.0,13.0
12/15/2020,98.0,3.0,13.0,4.0,0.0,50.0,1.0,9.0,88.0,0.0,4.0,35.0,0.0,64.0,7.0,2.0,0.0,1026.0,7.0,12.0,0.0,3.0,9.0,0.0,0.0,25.0,6.0,1.0,330.0,28.0,0.0,219.0,101.0,3.0,279.0,307.0,42.0,72.0,8.0,27.0,25.0,136.0,10.0,15.0,2.0,33.0,12.0,65.0,2.0,0.0,21.0,1.0,62.0,16.0,14.0
12/16/2020,94.0,3.0,11.0,2.0,0.0,51.0,1.0,10.0,96.0,0.0,5.0,38.0,2.0,62.0,7.0,1.0,0.0,1071.0,6.0,10.0,0.0,3.0,12.0,0.0,0.0,25.0,7.0,3.0,358.0,29.0,0.0,223.0,105.0,3.0,297.0,301.0,41.0,76.0,10.0,32.0,26.0,128.0,11.0,13.0,2.0,33.0,11.0,60.0,1.0,0.0,18.0,0.0,67.0,14.0,13.0
12/17/2020,96.0,2.0,13.0,2.0,0.0,64.0,1.0,9.0,106.0,0.0,5.0,40.0,2.0,70.0,8.0,1.0,0.0,1144.0,6.0,8.0,0.0,4.0,15.0,0.0,0.0,29.0,9.0,5.0,374.0,26.0,0.0,231.0,108.0,3.0,299.0,314.0,42.0,77.0,9.0,30.0,25.0,132.0,12.0,12.0,2.0,33.0,15.0,60.0,1.0,0.0,18.0,0.0,67.0,12.0,12.0
12/18/2020,101.0,1.0,11.0,3.0,0.0,62.0,2.0,8.0,111.0,0.0,3.0,40.0,0.0,71.0,8.0,3.0,0.0,1181.0,7.0,9.0,0.0,4.0,15.0,0.0,0.0,29.0,8.0,6.0,374.0,29.0,0.0,233.0,114.0,3.0,303.0,316.0,43.0,78.0,10.0,30.0,22.0,140.0,12.0,14.0,2.0,33.0,13.0,62.0,1.0,0.0,21.0,0.0,61.0,11.0,12.0
12/19/2020,110.0,1.0,17.0,3.0,0.0,61.0,2.0,8.0,115.0,0.0,3.0,40.0,0.0,72.0,8.0,3.0,0.0,1198.0,10.0,10.0,0.0,3.0,17.0,0.0,0.0,30.0,6.0,5.0,386.0,31.0,0.0,243.0,115.0,3.0,304.0,324.0,39.0,82.0,10.0,28.0,24.0,137.0,14.0,9.0,2.0,33.0,17.0,65.0,2.0,0.0,23.0,0.0,73.0,12.0,12.0
12/20/2020,105.0,1.0,9.0,3.0,0.0,57.0,2.0,6.0,109.0,0.0,1.0,41.0,0.0,73.0,8.0,2.0,0.0,1233.0,10.0,12.0,0.0,3.0,15.0,0.0,0.0,30.0,6.0,5.0,391.0,29.0,0.0,235.0,107.0,3.0,337.0,341.0,43.0,78.0,8.0,35.0,24.0,139.0,15.0,7.0,2.0,32.0,17.0,60.0,4.0,0.0,22.0,1.0,73.0,12.0,10.0
12/21/2020,112.0,1.0,10.0,3.0,0.0,58.0,1.0,5.0,126.0,0.0,2.0,40.0,0.0,73.0,10.0,2.0,0.0,1268.0,10.0,9.0,0.0,4.0,15.0,0.0,0.0,32.0,6.0,4.0,404.0,28.0,0.0,257.0,110.0,3.0,331.0,347.0,47.0,76.0,9.0,31.0,24.0,142.0,15.0,7.0,3.0,34.0,16.0,59.0,4.0,0.0,26.0,3.0,73.0,12.0,9.0
12/22/2020,127.0,2.0,12.0,4.0,0.0,55.0,1.0,5.0,109.0,0.0,2.0,42.0,0.0,72.0,9.0,2.0,0.0,1326.0,11.0,10.0,0.0,4.0,15.0,0.0,0.0,33.0,6.0,5.0,405.0,26.0,0.0,256.0,113.0,3.0,335.0,360.0,47.0,74.0,9.0,34.0,21.0,151.0,17.0,9.0,3.0,34.0,18.0,63.0,2.0,0.0,27.0,1.0,75.0,11.0,9.0
12/23/2020,132.0,3.0,11.0,3.0,0.0,56.0,1.0,5.0,127.0,0.0,2.0,43.0,0.0,67.0,10.0,3.0,0.0,1364.0,11.0,11.0,0.0,5.0,14.0,0.0,0.0,34.0,7.0,6.0,417.0,28.0,0.0,261.0,105.0,4.0,336.0,380.0,46.0,84.0,9.0,42.0,26.0,154.0,16.0,10.0,2.0,28.0,20.0,64.0,2.0,0.0,26.0,1.0,74.0,12.0,7.0
12/24/2020,121.0,3.0,14.0,2.0,0.0,52.0,1.0,7.0,110.0,0.0,2.0,43.0,1.0,69.0,11.0,3.0,0.0,1362.0,10.0,9.0,0.0,6.0,13.0,0.0,0.0,34.0,5.0,6.0,425.0,29.0,0.0,273.0,103.0,4.0,328.0,368.0,53.0,79.0,8.0,37.0,27.0,156.0,17.0,6.0,1.0,36.0,22.0,59.0,4.0,0.0,22.0,0.0,73.0,12.0,9.0
12/25/2020,115.0,3.0,15.0,2.0,0.0,57.0,0.0,8.0,139.0,0.0,2.0,44.0,0.0,77.0,9.0,3.0,0.0,1409.0,9.0,10.0,0.0,3.0,13.0,0.0,0.0,35.0,8.0,6.0,436.0,26.0,0.0,270.0,103.0,4.0,341.0,370.0,50.0,76.0,8.0,33.0,26.0,160.0,18.0,8.0,1.0,33.0,21.0,60.0,2.0,0.0,22.0,0.0,71.0,12.0,13.0
12/26/2020,122.0,2.0,16.0,2.0,0.0,61.0,1.0,10.0,139.0,0.0,2.0,42.0,0.0,71.0,9.0,5.0,0.0,1439.0,9.0,10.0,0.0,4.0,12.0,0.0,0.0,38.0,10.0,4.0,450.0,25.0,0.0,278.0,103.0,4.0,335.0,397.0,47.0,81.0,9.0,34.0,29.0,154.0,18.0,8.0,1.0,37.0,20.0,62.0,2.0,0.0,21.0,1.0,72.0,4.0,14.0
12/27/2020,119.0,3.0,17.0,1.0,0.0,67.0,1.0,9.0,143.0,0.0,1.0,42.0,0.0,73.0,9.0,3.0,0.0,1514.0,8.0,9.0,0.0,5.0,12.0,0.0,0.0,37.0,9.0,5.0,461.0,28.0,0.0,289.0,100.0,4.0,348.0,398.0,46.0,77.0,13.0,37.0,34.0,160.0,17.0,6.0,1.0,38.0,21.0,63.0,2.0,0.0,23.0,1.0,79.0,13.0,14.0
12/28/2020,120.0,3.0,12.0,0.0,0.0,65.0,1.0,9.0,118.0,0.0,2.0,48.0,1.0,80.0,8.0,3.0,0.0,1530.0,8.0,9.0,0.0,3.0,16.0,0.0,0.0,34.0,11.0,3.0,474.0,29.0,0.0,292.0,98.0,3.0,347.0,399.0,51.0,83.0,14.0,39.0,36.0,171.0,17.0,4.0,1.0,35.0,23.0,63.0,2.0,0.0,22.0,1.0,81.0,7.0,14.0
12/29/2020,126.0,3.0,11.0,1.0,0.0,62.0,2.0,10.0,136.0,0.0,3.0,53.0,1.0,80.0,10.0,3.0,0.0,1570.0,8.0,6.0,0.0,2.0,16.0,0.0,0.0,36.0,12.0,4.0,481.0,24.0,0.0,304.0,95.0,3.0,352.0,398.0,57.0,86.0,15.0,34.0,34.0,163.0,15.0,5.0,1.0,35.0,24.0,69.0,2.0,0.0,23.0,2.0,77.0,6.0,18.0
12/30/2020,120.0,3.0,15.0,0.0,0.0,69.0,2.0,11.0,122.0,0.0,3.0,50.0,1.0,79.0,7.0,3.0,0.0,1620.0,7.0,5.0,0.0,2.0,16.0,0.0,0.0,34.0,14.0,4.0,496.0,25.0,0.0,299.0,100.0,3.0,345.0,399.0,58.0,82.0,14.0,41.0,35.0,157.0,17.0,6.0,1.0,35.0,18.0,72.0,1.0,0.0,25.0,2.0,76.0,6.0,18.0
12/31/2020,121.0,3.0,11.0,0.0,0.0,67.0,2.0,14.0,148.0,0.0,1.0,52.0,1.0,79.0,9.0,4.0,0.0,1636.0,9.0,7.0,0.0,2.0,18.0,0.0,0.0,35.0,16.0,5.0,501.0,25.0,0.0,315.0,110.0,3.0,351.0,393.0,57.0,86.0,15.0,40.0,36.0,167.0,17.0,6.0,2.0,39.0,19.0,65.0,1.0,0.0,26.0,2.0,76.0,8.0,17.0
01/01/2021,118.0,4.0,19.0,0.0,0.0,67.0,1.0,9.0,136.0,0.0,2.0,59.0,2.0,83.0,11.0,5.0,0.0,1614.0,9.0,9.0,0.0,3.0,18.0,0.0,0.0,31.0,16.0,4.0,512.0,28.0,0.0,300.0,112.0,4.0,350.0,386.0,56.0,82.0,15.0,41.0,39.0,162.0,18.0,8.0,2.0,43.0,20.0,70.0,5.0,0.0,23.0,1.0,77.0,12.0,20.0
01/02/2021,124.0,4.0,13.0,0.0,0.0,65.0,1.0,11.0,131.0,0.0,1.0,61.0,2.0,79.0,12.0,4.0,0.0,1638.0,9.0,6.0,0.0,4.0,18.0,0.0,0.0,31.0,16.0,4.0,492.0,33.0,0.0,302.0,110.0,4.0,368.0,375.0,58.0,83.0,16.0,42.0,40.0,150.0,18.0,9.0,2.0,39.0,17.0,76.0,1.0,0.0,27.0,0.0,84.0,13.0,20.0
01/03/2021,122.0,4.0,10.0,0.0,0.0,65.0,1.0,10.0,132.0,0.0,2.0,60.0,2.0,83.0,12.0,3.0,0.0,1658.0,10.0,6.0,0.0,3.0,18.0,0.0,0.0,31.0,16.0,4.0,506.0,33.0,0.0,333.0,112.0,3.0,350.0,377.0,55.0,89.0,12.0,46.0,48.0,150.0,17.0,9.0,1.0,43.0,17.0,72.0,1.0,0.0,28.0,1.0,83.0,15.0,18.0
01/04/2021,115.0,3.0,9.0,0.0,0.0,71.0,1.0,12.0,129.0,0.0,3.0,67.0,2.0,90.0,14.0,4.0,0.0,1669.0,11.0,6.0,0.0,4.0,17.0,0.0,0.0,32.0,14.0,4.0,509.0,36.0,0.0,347.0,111.0,3.0,351.0,387.0,56.0,88.0,14.0,41.0,57.0,152.0,18.0,10.0,1.0,39.0,20.0,62.0,2.0,0.0,27.0,1.0,95.0,12.0,18.0
01/05/2021,116.0,4.0,8.0,3.0,0.0,65.0,1.0,12.0,122.0,0.0,4.0,64.0,2.0,86.0,16.0,4.0,0.0,1668.0,11.0,6.0,0.0,5.0,16.0,0.0,0.0,33.0,16.0,4.0,488.0,32.0,0.0,345.0,127.0,4.0,355.0,391.0,61.0,88.0,17.0,38.0,56.0,167.0,16.0,10.0,1.0,35.0,23.0,69.0,3.0,0.0,25.0,2.0,87.0,10.0,15.0
01/06/2021,116.0,4.0,9.0,3.0,0.0,68.0,1.0,10.0,114.0,0.0,5.0,66.0,2.0,94.0,16.0,4.0,0.0,1701.0,11.0,8.0,0.0,4.0,16.0,0.0,0.0,32.0,22.0,4.0,506.0,30.0,0.0,376.0,121.0,5.0,368.0,400.0,61.0,87.0,17.0,40.0,59.0,171.0,14.0,7.0,1.0,37.0,21.0,68.0,4.0,0.0,26.0,1.0,87.0,11.0,13.0
01/07/2021,114.0,4.0,12.0,3.0,0.0,70.0,1.0,11.0,102.0,0.0,2.0,65.0,2.0,103.0,15.0,3.0,0.0,1741.0,13.0,7.0,0.0,4.0,16.0,0.0,0.0,34.0,17.0,4.0,517.0,35.0,0.0,381.0,125.0,4.0,367.0,410.0,61.0,88.0,12.0,41.0,60.0,172.0,13.0,5.0,1.0,42.0,23.0,67.0,4.0,0.0,28.0,2.0,80.0,10.0,14.0
01/08/2021,117.0,3.0,9.0,3.0,0.0,76.0,0.0,10.0,119.0,0.0,2.0,64.0,1.0,91.0,12.0,3.0,0.0,1756.0,14.0,8.0,0.0,4.0,14.0,0.0,0.0,30.0,18.0,4.0,531.0,35.0,0.0,390.0,112.0,6.0,364.0,421.0,63.0,86.0,11.0,33.0,58.0,175.0,20.0,8.0,1.0,44.0,17.0,70.0,3.0,0.0,26.0,2.0,82.0,10.0,13.0
01/09/2021,0.0,0.0,0.0,0.0,0.0,0.0,0.0,0.0,0.0,0.0,0.0,0.0,0.0,0.0,0.0,0.0,0.0,0.0,0.0,0.0,0.0,0.0,0.0,0.0,0.0,0.0,0.0,0.0,0.0,0.0,0.0,0.0,0.0,0.0,0.0,0.0,0.0,0.0,0.0,0.0,0.0,0.0,0.0,0.0,0.0,0.0,0.0,0.0,0.0,0.0,0.0,0.0,0.0,0.0,0.0
