RISK_Covid19,6001,6005,6007,6009,6011,6013,6015,6017,6019,6021,6023,6025,6027,6029,6031,6033,6035,6037,6039,6041,6043,6045,6047,6049,6051,6053,6055,6057,6059,6061,6063,6065,6067,6069,6071,6073,6075,6077,6079,6081,6083,6085,6087,6089,6093,6095,6097,6099,6103,6105,6107,6109,6111,6113,6115
ID,186,188,189,190,191,192,193,194,195,196,197,198,199,200,201,202,203,204,205,206,207,208,209,210,211,212,213,214,215,216,217,218,219,220,221,222,223,224,225,226,227,228,229,230,232,233,234,235,237,238,239,240,241,242,243
FIPS,6001,6005,6007,6009,6011,6013,6015,6017,6019,6021,6023,6025,6027,6029,6031,6033,6035,6037,6039,6041,6043,6045,6047,6049,6051,6053,6055,6057,6059,6061,6063,6065,6067,6069,6071,6073,6075,6077,6079,6081,6083,6085,6087,6089,6093,6095,6097,6099,6103,6105,6107,6109,6111,6113,6115
State,CA,CA,CA,CA,CA,CA,CA,CA,CA,CA,CA,CA,CA,CA,CA,CA,CA,CA,CA,CA,CA,CA,CA,CA,CA,CA,CA,CA,CA,CA,CA,CA,CA,CA,CA,CA,CA,CA,CA,CA,CA,CA,CA,CA,CA,CA,CA,CA,CA,CA,CA,CA,CA,CA,CA
County,Alameda County,Amador County,Butte County,Calaveras County,Colusa County,Contra Costa County,Del Norte County,El Dorado County,Fresno County,Glenn County,Humboldt County,Imperial County,Inyo County,Kern County,Kings County,Lake County,Lassen County,Los Angeles County,Madera County,Marin County,Mariposa County,Mendocino County,Merced County,Modoc County,Mono County,Monterey County,Napa County,Nevada County,Orange County,Placer County,Plumas County,Riverside County,Sacramento County,San Benito County,San Bernardino County,San Diego County,San Francisco County,San Joaquin County,San Luis Obispo County,San Mateo County,Santa Barbara County,Santa Clara County,Santa Cruz County,Shasta County,Siskiyou County,Solano County,Sonoma County,Stanislaus County,Tehama County,Trinity County,Tulare County,Tuolumne County,Ventura County,Yolo County,Yuba County
Full,"Alameda County, CA","Amador County, CA","Butte County, CA","Calaveras County, CA","Colusa County, CA","Contra Costa County, CA","Del Norte County, CA","El Dorado County, CA","Fresno County, CA","Glenn County, CA","Humboldt County, CA","Imperial County, CA","Inyo County, CA","Kern County, CA","Kings County, CA","Lake County, CA","Lassen County, CA","Los Angeles County, CA","Madera County, CA","Marin County, CA","Mariposa County, CA","Mendocino County, CA","Merced County, CA","Modoc County, CA","Mono County, CA","Monterey County, CA","Napa County, CA","Nevada County, CA","Orange County, CA","Placer County, CA","Plumas County, CA","Riverside County, CA","Sacramento County, CA","San Benito County, CA","San Bernardino County, CA","San Diego County, CA","San Francisco County, CA","San Joaquin County, CA","San Luis Obispo County, CA","San Mateo County, CA","Santa Barbara County, CA","Santa Clara County, CA","Santa Cruz County, CA","Shasta County, CA","Siskiyou County, CA","Solano County, CA","Sonoma County, CA","Stanislaus County, CA","Tehama County, CA","Trinity County, CA","Tulare County, CA","Tuolumne County, CA","Ventura County, CA","Yolo County, CA","Yuba County, CA"
01/01/2020,0,0,0,0,0,0,0,0,0,0,0,0,0,0,0,0,0,0,0,0,0,0,0,0,0,0,0,0,0,0,0,0,0,0,0,0,0,0,0,0,0,0,0,0,0,0,0,0,0,0,0,0,0,0,0
01/02/2020,0,0,0,0,0,0,0,0,0,0,0,0,0,0,0,0,0,0,0,0,0,0,0,0,0,0,0,0,0,0,0,0,0,0,0,0,0,0,0,0,0,0,0,0,0,0,0,0,0,0,0,0,0,0,0
01/03/2020,0,0,0,0,0,0,0,0,0,0,0,0,0,0,0,0,0,0,0,0,0,0,0,0,0,0,0,0,0,0,0,0,0,0,0,0,0,0,0,0,0,0,0,0,0,0,0,0,0,0,0,0,0,0,0
01/04/2020,0,0,0,0,0,0,0,0,0,0,0,0,0,0,0,0,0,0,0,0,0,0,0,0,0,0,0,0,0,0,0,0,0,0,0,0,0,0,0,0,0,0,0,0,0,0,0,0,0,0,0,0,0,0,0
01/05/2020,0,0,0,0,0,0,0,0,0,0,0,0,0,0,0,0,0,0,0,0,0,0,0,0,0,0,0,0,0,0,0,0,0,0,0,0,0,0,0,0,0,0,0,0,0,0,0,0,0,0,0,0,0,0,0
01/06/2020,0,0,0,0,0,0,0,0,0,0,0,0,0,0,0,0,0,0,0,0,0,0,0,0,0,0,0,0,0,0,0,0,0,0,0,0,0,0,0,0,0,0,0,0,0,0,0,0,0,0,0,0,0,0,0
01/07/2020,0,0,0,0,0,0,0,0,0,0,0,0,0,0,0,0,0,0,0,0,0,0,0,0,0,0,0,0,0,0,0,0,0,0,0,0,0,0,0,0,0,0,0,0,0,0,0,0,0,0,0,0,0,0,0
01/08/2020,0,0,0,0,0,0,0,0,0,0,0,0,0,0,0,0,0,0,0,0,0,0,0,0,0,0,0,0,0,0,0,0,0,0,0,0,0,0,0,0,0,0,0,0,0,0,0,0,0,0,0,0,0,0,0
01/09/2020,0,0,0,0,0,0,0,0,0,0,0,0,0,0,0,0,0,0,0,0,0,0,0,0,0,0,0,0,0,0,0,0,0,0,0,0,0,0,0,0,0,0,0,0,0,0,0,0,0,0,0,0,0,0,0
01/10/2020,0,0,0,0,0,0,0,0,0,0,0,0,0,0,0,0,0,0,0,0,0,0,0,0,0,0,0,0,0,0,0,0,0,0,0,0,0,0,0,0,0,0,0,0,0,0,0,0,0,0,0,0,0,0,0
01/11/2020,0,0,0,0,0,0,0,0,0,0,0,0,0,0,0,0,0,0,0,0,0,0,0,0,0,0,0,0,0,0,0,0,0,0,0,0,0,0,0,0,0,0,0,0,0,0,0,0,0,0,0,0,0,0,0
01/12/2020,0,0,0,0,0,0,0,0,0,0,0,0,0,0,0,0,0,0,0,0,0,0,0,0,0,0,0,0,0,0,0,0,0,0,0,0,0,0,0,0,0,0,0,0,0,0,0,0,0,0,0,0,0,0,0
01/13/2020,0,0,0,0,0,0,0,0,0,0,0,0,0,0,0,0,0,0,0,0,0,0,0,0,0,0,0,0,0,0,0,0,0,0,0,0,0,0,0,0,0,0,0,0,0,0,0,0,0,0,0,0,0,0,0
01/14/2020,0,0,0,0,0,0,0,0,0,0,0,0,0,0,0,0,0,0,0,0,0,0,0,0,0,0,0,0,0,0,0,0,0,0,0,0,0,0,0,0,0,0,0,0,0,0,0,0,0,0,0,0,0,0,0
01/15/2020,0,0,0,0,0,0,0,0,0,0,0,0,0,0,0,0,0,0,0,0,0,0,0,0,0,0,0,0,0,0,0,0,0,0,0,0,0,0,0,0,0,0,0,0,0,0,0,0,0,0,0,0,0,0,0
01/16/2020,0,0,0,0,0,0,0,0,0,0,0,0,0,0,0,0,0,0,0,0,0,0,0,0,0,0,0,0,0,0,0,0,0,0,0,0,0,0,0,0,0,0,0,0,0,0,0,0,0,0,0,0,0,0,0
01/17/2020,0,0,0,0,0,0,0,0,0,0,0,0,0,0,0,0,0,0,0,0,0,0,0,0,0,0,0,0,0,0,0,0,0,0,0,0,0,0,0,0,0,0,0,0,0,0,0,0,0,0,0,0,0,0,0
01/18/2020,0,0,0,0,0,0,0,0,0,0,0,0,0,0,0,0,0,0,0,0,0,0,0,0,0,0,0,0,0,0,0,0,0,0,0,0,0,0,0,0,0,0,0,0,0,0,0,0,0,0,0,0,0,0,0
01/19/2020,0,0,0,0,0,0,0,0,0,0,0,0,0,0,0,0,0,0,0,0,0,0,0,0,0,0,0,0,0,0,0,0,0,0,0,0,0,0,0,0,0,0,0,0,0,0,0,0,0,0,0,0,0,0,0
01/20/2020,0,0,0,0,0,0,0,0,0,0,0,0,0,0,0,0,0,0,0,0,0,0,0,0,0,0,0,0,0,0,0,0,0,0,0,0,0,0,0,0,0,0,0,0,0,0,0,0,0,0,0,0,0,0,0
01/21/2020,0,0,0,0,0,0,0,0,0,0,0,0,0,0,0,0,0,0,0,0,0,0,0,0,0,0,0,0,0,0,0,0,0,0,0,0,0,0,0,0,0,0,0,0,0,0,0,0,0,0,0,0,0,0,0
01/22/2020,0,0,0,0,0,0,0,0,0,0,0,0,0,0,0,0,0,0,0,0,0,0,0,0,0,0,0,0,0,0,0,0,0,0,0,0,0,0,0,0,0,0,0,0,0,0,0,0,0,0,0,0,0,0,0
01/23/2020,0,0,0,0,0,0,0,0,0,0,0,0,0,0,0,0,0,0,0,0,0,0,0,0,0,0,0,0,0,0,0,0,0,0,0,0,0,0,0,0,0,0,0,0,0,0,0,0,0,0,0,0,0,0,0
01/24/2020,0,0,0,0,0,0,0,0,0,0,0,0,0,0,0,0,0,0,0,0,0,0,0,0,0,0,0,0,0,0,0,0,0,0,0,0,0,0,0,0,0,0,0,0,0,0,0,0,0,0,0,0,0,0,0
01/25/2020,0,0,0,0,0,0,0,0,0,0,0,0,0,0,0,0,0,0,0,0,0,0,0,0,0,0,0,0,0,0,0,0,0,0,0,0,0,0,0,0,0,0,0,0,0,0,0,0,0,0,0,0,0,0,0
01/26/2020,0,0,0,0,0,0,0,0,0,0,0,0,0,0,0,0,0,0,0,0,0,0,0,0,0,0,0,0,0,0,0,0,0,0,0,0,0,0,0,0,0,0,0,0,0,0,0,0,0,0,0,0,0,0,0
01/27/2020,0,0,0,0,0,0,0,0,0,0,0,0,0,0,0,0,0,0,0,0,0,0,0,0,0,0,0,0,0,0,0,0,0,0,0,0,0,0,0,0,0,0,0,0,0,0,0,0,0,0,0,0,0,0,0
01/28/2020,0,0,0,0,0,0,0,0,0,0,0,0,0,0,0,0,0,0,0,0,0,0,0,0,0,0,0,0,0,0,0,0,0,0,0,0,0,0,0,0,0,0,0,0,0,0,0,0,0,0,0,0,0,0,0
01/29/2020,0,0,0,0,0,0,0,0,0,0,0,0,0,0,0,0,0,0,0,0,0,0,0,0,0,0,0,0,0,0,0,0,0,0,0,0,0,0,0,0,0,0,0,0,0,0,0,0,0,0,0,0,0,0,0
01/30/2020,0,0,0,0,0,0,0,0,0,0,0,0,0,0,0,0,0,0,0,0,0,0,0,0,0,0,0,0,0,0,0,0,0,0,0,0,0,0,0,0,0,0,0,0,0,0,0,0,0,0,0,0,0,0,0
01/31/2020,0,0,0,0,0,0,0,0,0,0,0,0,0,0,0,0,0,0,0,0,0,0,0,0,0,0,0,0,0,0,0,0,0,0,0,0,0,0,0,0,0,0,0,0,0,0,0,0,0,0,0,0,0,0,0
02/01/2020,0,0,0,0,0,0,0,0,0,0,0,0,0,0,0,0,0,0,0,0,0,0,0,0,0,0,0,0,0,0,0,0,0,0,0,0,0,0,0,0,0,0,0,0,0,0,0,0,0,0,0,0,0,0,0
02/02/2020,0,0,0,0,0,0,0,0,0,0,0,0,0,0,0,0,0,0,0,0,0,0,0,0,0,0,0,0,0,0,0,0,0,0,0,0,0,0,0,0,0,0,0,0,0,0,0,0,0,0,0,0,0,0,0
02/03/2020,0,0,0,0,0,0,0,0,0,0,0,0,0,0,0,0,0,0,0,0,0,0,0,0,0,0,0,0,0,0,0,0,0,0,0,0,0,0,0,0,0,0,0,0,0,0,0,0,0,0,0,0,0,0,0
02/04/2020,0,0,0,0,0,0,0,0,0,0,0,0,0,0,0,0,0,0,0,0,0,0,0,0,0,0,0,0,0,0,0,0,0,0,0,0,0,0,0,0,0,0,0,0,0,0,0,0,0,0,0,0,0,0,0
02/05/2020,0,0,0,0,0,0,0,0,0,0,0,0,0,0,0,0,0,0,0,0,0,0,0,0,0,0,0,0,0,0,0,0,0,0,0,0,0,0,0,0,0,0,0,0,0,0,0,0,0,0,0,0,0,0,0
02/06/2020,0,0,0,0,0,0,0,0,0,0,0,0,0,0,0,0,0,0,0,0,0,0,0,0,0,0,0,0,0,0,0,0,0,0,0,0,0,0,0,0,0,0,0,0,0,0,0,0,0,0,0,0,0,0,0
02/07/2020,0,0,0,0,0,0,0,0,0,0,0,0,0,0,0,0,0,0,0,0,0,0,0,0,0,0,0,0,0,0,0,0,0,0,0,0,0,0,0,0,0,0,0,0,0,0,0,0,0,0,0,0,0,0,0
02/08/2020,0,0,0,0,0,0,0,0,0,0,0,0,0,0,0,0,0,0,0,0,0,0,0,0,0,0,0,0,0,0,0,0,0,0,0,0,0,0,0,0,0,0,0,0,0,0,0,0,0,0,0,0,0,0,0
02/09/2020,0,0,0,0,0,0,0,0,0,0,0,0,0,0,0,0,0,0,0,0,0,0,0,0,0,0,0,0,0,0,0,0,0,0,0,0,0,0,0,0,0,0,0,0,0,0,0,0,0,0,0,0,0,0,0
02/10/2020,0,0,0,0,0,0,0,0,0,0,0,0,0,0,0,0,0,0,0,0,0,0,0,0,0,0,0,0,0,0,0,0,0,0,0,0,0,0,0,0,0,0,0,0,0,0,0,0,0,0,0,0,0,0,0
02/11/2020,0,0,0,0,0,0,0,0,0,0,0,0,0,0,0,0,0,0,0,0,0,0,0,0,0,0,0,0,0,0,0,0,0,0,0,0,0,0,0,0,0,0,0,0,0,0,0,0,0,0,0,0,0,0,0
02/12/2020,0,0,0,0,0,0,0,0,0,0,0,0,0,0,0,0,0,0,0,0,0,0,0,0,0,0,0,0,0,0,0,0,0,0,0,0,0,0,0,0,0,0,0,0,0,0,0,0,0,0,0,0,0,0,0
02/13/2020,0,0,0,0,0,0,0,0,0,0,0,0,0,0,0,0,0,0,0,0,0,0,0,0,0,0,0,0,0,0,0,0,0,0,0,0,0,0,0,0,0,0,0,0,0,0,0,0,0,0,0,0,0,0,0
02/14/2020,0,0,0,0,0,0,0,0,0,0,0,0,0,0,0,0,0,0,0,0,0,0,0,0,0,0,0,0,0,0,0,0,0,0,0,0,0,0,0,0,0,0,0,0,0,0,0,0,0,0,0,0,0,0,0
02/15/2020,0,0,0,0,0,0,0,0,0,0,0,0,0,0,0,0,0,0,0,0,0,0,0,0,0,0,0,0,0,0,0,0,0,0,0,0,0,0,0,0,0,0,0,0,0,0,0,0,0,0,0,0,0,0,0
02/16/2020,0,0,0,0,0,0,0,0,0,0,0,0,0,0,0,0,0,0,0,0,0,0,0,0,0,0,0,0,0,0,0,0,0,0,0,0,0,0,0,0,0,0,0,0,0,0,0,0,0,0,0,0,0,0,0
02/17/2020,0,0,0,0,0,0,0,0,0,0,0,0,0,0,0,0,0,0,0,0,0,0,0,0,0,0,0,0,0,0,0,0,0,0,0,0,0,0,0,0,0,0,0,0,0,0,0,0,0,0,0,0,0,0,0
02/18/2020,0,0,0,0,0,0,0,0,0,0,0,0,0,0,0,0,0,0,0,0,0,0,0,0,0,0,0,0,0,0,0,0,0,0,0,0,0,0,0,0,0,0,0,0,0,0,0,0,0,0,0,0,0,0,0
02/19/2020,0,0,0,0,0,0,0,0,0,0,0,0,0,0,0,0,0,0,0,0,0,0,0,0,0,0,0,0,0,0,0,0,0,0,0,0,0,0,0,0,0,0,0,0,0,0,0,0,0,0,0,0,0,0,0
02/20/2020,0,0,0,0,0,0,0,0,0,0,0,0,0,0,0,0,0,0,0,0,0,0,0,0,0,0,0,0,0,0,0,0,0,0,0,0,0,0,0,0,0,0,0,0,0,0,0,0,0,0,0,0,0,0,0
02/21/2020,0,0,0,0,0,0,0,0,0,0,0,0,0,0,0,0,0,0,0,0,0,0,0,0,0,0,0,0,0,0,0,0,0,0,0,0,0,0,0,0,0,0,0,0,0,0,0,0,0,0,0,0,0,0,0
02/22/2020,0,0,0,0,0,0,0,0,0,0,0,0,0,0,0,0,0,0,0,0,0,0,0,0,0,0,0,0,0,0,0,0,0,0,0,0,0,0,0,0,0,0,0,0,0,0,0,0,0,0,0,0,0,0,0
02/23/2020,0,0,0,0,0,0,0,0,0,0,0,0,0,0,0,0,0,0,0,0,0,0,0,0,0,0,0,0,0,0,0,0,0,0,0,0,0,0,0,0,0,0,0,0,0,0,0,0,0,0,0,0,0,0,0
02/24/2020,0,0,0,0,0,0,0,0,0,0,0,0,0,0,0,0,0,0,0,0,0,0,0,0,0,0,0,0,0,0,0,0,0,0,0,0,0,0,0,0,0,0,0,0,0,0,0,0,0,0,0,0,0,0,0
02/25/2020,0,0,0,0,0,0,0,0,0,0,0,0,0,0,0,0,0,0,0,0,0,0,0,0,0,0,0,0,0,0,0,0,0,0,0,0,0,0,0,0,0,0,0,0,0,0,0,0,0,0,0,0,0,0,0
02/26/2020,0,0,0,0,0,0,0,0,0,0,0,0,0,0,0,0,0,0,0,0,0,0,0,0,0,0,0,0,0,0,0,0,0,0,0,0,0,0,0,0,0,0,0,0,0,0,0,0,0,0,0,0,0,0,0
02/27/2020,0,0,0,0,0,0,0,0,0,0,0,0,0,0,0,0,0,0,0,0,0,0,0,0,0,0,0,0,0,0,0,0,0,0,0,0,0,0,0,0,0,0,0,0,0,0,0,0,0,0,0,0,0,0,0
02/28/2020,0,0,0,0,0,0,0,0,0,0,0,0,0,0,0,0,0,0,0,0,0,0,0,0,0,0,0,0,0,0,0,0,0,0,0,0,0,0,0,0,0,0,0,0,0,0,0,0,0,0,0,0,0,0,0
02/29/2020,0,0,0,0,0,0,0,0,0,0,0,0,0,0,0,0,0,0,0,0,0,0,0,0,0,0,0,0,0,0,0,0,0,0,0,0,0,0,0,0,0,0,0,0,0,0,0,0,0,0,0,0,0,0,0
03/01/2020,0,0,0,0,0,0,0,0,0,0,0,0,0,0,0,0,0,0,0,0,0,0,0,0,0,0,0,0,0,0,0,0,0,0,0,0,0,0,0,0,0,0,0,0,0,0,0,0,0,0,0,0,0,0,0
03/02/2020,0,0,0,0,0,0,0,0,0,0,0,0,0,0,0,0,0,0,0,0,0,0,0,0,0,0,0,0,0,0,0,0,0,0,0,0,0,0,0,0,0,0,0,0,0,0,0,0,0,0,0,0,0,0,0
03/03/2020,0,0,0,0,0,0,0,0,0,0,0,0,0,0,0,0,0,0,0,0,0,0,0,0,0,0,0,0,0,0,0,0,0,0,0,0,0,0,0,0,0,0,0,0,0,0,0,0,0,0,0,0,0,0,0
03/04/2020,0,0,0,0,0,0,0,0,0,0,0,0,0,0,0,0,0,0,0,0,0,0,0,0,0,0,0,0,0,0,0,0,0,0,0,0,0,0,0,0,0,0,0,0,0,0,0,0,0,0,0,0,0,0,0
03/05/2020,0,0,0,0,0,0,0,0,0,0,0,0,0,0,0,0,0,0,0,0,0,0,0,0,0,0,0,0,0,0,0,0,0,0,0,0,0,0,0,0,0,0,0,0,0,0,0,0,0,0,0,0,0,0,0
03/06/2020,0,0,0,0,0,0,0,0,0,0,0,0,0,0,0,0,0,0,0,0,0,0,0,0,0,0,0,0,0,0,0,0,0,0,0,0,0,0,0,0,0,0,0,0,0,0,0,0,0,0,0,0,0,0,0
03/07/2020,0,0,0,0,0,0,0,0,0,0,0,0,0,0,0,0,0,0,0,0,0,0,0,0,0,0,0,0,0,0,0,0,0,0,0,0,0,0,0,0,0,0,0,0,0,0,0,0,0,0,0,0,0,0,0
03/08/2020,0,0,0,0,0,0,0,0,0,0,0,0,0,0,0,0,0,0,0,0,0,0,0,0,0,0,0,0,0,0,0,0,0,0,0,0,0,0,0,0,0,0,0,0,0,0,0,0,0,0,0,0,0,0,0
03/09/2020,0,0,0,0,0,0,0,0,0,0,0,0,0,0,0,0,0,0,0,0,0,0,0,0,0,0,0,0,0,0,0,0,0,0,0,0,0,0,0,0,0,0,0,0,0,0,0,0,0,0,0,0,0,0,0
03/10/2020,0,0,0,0,0,0,0,0,0,0,0,0,0,0,0,0,0,0,0,0,0,0,0,0,0,0,0,0,0,0,0,0,0,0,0,0,0,0,0,0,0,0,0,0,0,0,0,0,0,0,0,0,0,0,0
03/11/2020,0,0,0,0,0,0,0,0,0,0,0,0,0,0,0,0,0,0,0,0,0,0,0,0,0,0,0,0,0,0,0,0,0,0,0,0,0,0,0,0,0,0,0,0,0,0,0,0,0,0,0,0,0,0,0
03/12/2020,0,0,0,0,0,0,0,0,0,0,0,0,0,0,0,0,0,0,0,0,0,0,0,0,0,0,0,0,0,0,0,0,0,0,0,0,0,0,0,0,0,0,0,0,0,0,0,0,0,0,0,0,0,0,0
03/13/2020,0,0,0,0,0,0,0,0,0,0,0,0,0,0,0,0,0,0,0,0,0,0,0,0,0,0,0,0,0,0,0,0,0,1,0,0,0,0,0,0,0,0,0,0,0,0,0,0,0,0,0,0,0,0,0
03/14/2020,0,0,0,0,0,0,0,0,0,0,0,0,0,0,0,0,0,0,0,0,0,0,0,0,0,0,0,0,0,0,0,0,0,0,0,0,0,0,0,0,0,0,0,0,0,0,0,0,0,0,0,0,0,0,0
03/15/2020,0,0,0,0,0,0,0,0,0,0,0,0,0,0,0,0,0,0,0,0,0,0,0,0,0,0,0,0,0,0,0,0,0,0,0,0,0,0,0,0,0,0,0,0,0,0,0,0,0,0,0,0,0,0,0
03/16/2020,0,0,0,0,0,0,0,0,0,0,0,0,0,0,0,0,0,0,0,0,0,0,0,0,0,0,0,1,0,0,0,0,0,0,0,0,0,0,0,0,0,0,0,0,0,0,0,0,0,0,0,0,0,0,0
03/17/2020,0,0,0,0,0,0,0,0,0,0,0,0,0,0,0,0,0,0,0,0,0,0,0,0,0,0,0,0,0,0,0,0,0,0,0,0,0,0,0,3,0,0,0,0,0,0,0,0,0,0,0,0,0,0,0
03/18/2020,0,0,0,0,0,0,0,0,0,0,0,0,0,0,0,0,0,0,0,0,0,1,0,0,0,0,0,0,0,0,0,0,0,1,0,0,0,0,0,3,0,0,0,0,0,0,0,0,0,0,0,0,0,0,0
03/19/2020,0,0,0,0,0,0,0,0,0,0,0,0,0,0,0,0,0,0,0,3,0,0,0,0,0,0,0,0,0,0,0,0,0,1,0,0,0,0,0,3,0,0,0,0,0,0,0,0,0,0,0,0,0,0,0
03/20/2020,0,1,0,0,0,0,0,0,0,0,0,1,0,0,0,0,0,0,0,3,0,0,0,0,0,0,0,0,0,0,0,0,0,0,0,0,0,0,0,3,0,0,0,0,0,0,0,0,0,0,0,0,0,0,0
03/21/2020,0,1,0,0,0,0,0,1,0,0,0,1,0,0,0,0,0,0,0,3,0,0,0,0,0,0,0,0,0,0,0,0,0,0,0,0,0,0,1,3,0,0,0,0,1,0,0,0,0,0,0,0,0,0,1
03/22/2020,0,0,0,0,0,0,0,0,0,0,0,0,0,0,0,0,0,0,0,3,0,0,0,0,0,0,0,0,0,0,0,0,0,0,0,0,3,0,2,3,0,3,0,0,1,0,0,0,0,0,0,0,0,0,1
03/23/2020,0,0,0,0,0,0,0,0,0,0,0,0,0,0,0,0,0,0,0,3,0,0,0,0,0,0,0,0,0,0,0,0,0,3,0,0,3,0,2,3,0,3,3,0,1,0,0,0,0,0,0,0,0,0,1
03/24/2020,0,0,0,1,0,0,0,0,0,0,0,0,0,0,0,0,0,0,0,3,0,0,0,0,2,0,0,0,0,0,0,0,0,3,0,0,3,0,2,3,0,3,3,0,1,0,0,0,0,0,0,0,0,0,0
03/25/2020,0,0,0,1,0,0,0,0,0,0,0,0,1,0,0,0,0,0,0,3,0,0,0,0,2,0,0,0,0,0,0,0,0,0,0,0,3,3,2,3,0,3,3,0,1,0,0,0,0,0,0,0,0,0,0
03/26/2020,3,0,0,1,0,3,0,0,0,0,3,1,1,0,0,0,0,0,0,3,0,0,0,0,2,0,0,3,0,0,0,0,0,0,0,3,3,3,2,3,0,3,3,0,1,0,3,0,0,0,0,0,0,0,0
03/27/2020,3,0,0,1,1,3,0,0,0,0,3,1,1,0,0,0,0,3,0,3,0,0,0,0,2,0,0,3,3,3,0,0,0,3,0,3,3,3,2,3,3,3,0,0,0,0,3,0,0,0,0,0,3,0,0
03/28/2020,3,0,0,1,1,3,0,0,0,1,3,3,1,0,0,0,0,3,3,3,0,0,0,0,2,0,0,3,3,3,0,0,0,3,0,3,3,3,2,3,3,3,3,0,0,0,3,0,0,0,0,0,3,0,0
03/29/2020,3,0,0,1,1,3,0,0,0,1,3,3,1,0,0,0,0,3,3,3,0,0,0,0,2,0,0,3,3,3,0,0,0,3,0,3,3,3,2,3,3,3,3,0,0,0,3,0,0,0,0,1,3,0,0
03/30/2020,3,0,0,0,1,3,0,0,0,1,3,3,1,3,0,0,0,3,3,3,0,0,0,0,2,0,3,3,3,3,0,3,3,3,0,3,3,3,2,3,3,3,3,0,0,0,3,0,0,0,0,0,3,3,0
03/31/2020,3,0,0,0,0,3,0,3,0,1,3,3,1,3,0,0,0,3,3,2,0,0,0,0,2,0,3,3,3,3,1,3,3,3,0,3,3,2,2,2,3,3,3,0,0,0,3,0,0,0,0,0,3,0,0
04/01/2020,3,0,0,0,0,3,0,3,0,1,3,2,1,3,0,0,0,3,3,2,0,0,0,0,2,0,3,3,3,3,1,3,3,3,3,3,3,2,1,2,3,3,3,0,0,0,3,0,0,0,3,0,3,3,0
04/02/2020,3,0,0,0,0,3,0,0,0,1,3,2,3,3,0,0,0,3,3,2,0,0,0,0,2,0,3,3,3,3,1,3,3,3,3,3,3,2,1,2,3,2,2,0,0,0,2,0,0,0,3,0,3,3,0
04/03/2020,3,0,0,0,0,3,0,0,0,1,3,2,3,3,0,0,0,3,3,2,0,0,0,0,2,0,3,3,3,3,1,3,3,3,3,3,2,2,1,2,3,2,2,0,0,3,2,0,0,0,3,0,2,3,3
04/04/2020,2,0,0,0,0,2,1,0,0,0,3,2,3,3,0,0,0,3,3,2,0,0,0,0,2,2,3,3,3,2,1,3,3,3,3,3,2,2,1,2,3,2,2,3,0,2,2,0,0,0,3,0,2,3,3
04/05/2020,2,0,0,0,0,2,1,0,0,0,3,2,2,3,0,0,0,3,3,1,0,0,3,0,2,0,3,3,3,2,1,3,3,3,3,3,2,2,1,2,2,2,2,3,0,2,2,3,0,0,3,0,2,3,3
04/06/2020,2,0,0,0,3,2,1,0,3,0,3,2,2,3,0,0,0,3,3,1,0,0,3,0,2,0,0,3,2,2,1,3,3,3,3,2,2,2,0,2,2,2,2,3,0,2,2,3,0,0,3,0,2,3,0
04/07/2020,2,0,0,0,3,2,1,0,3,0,2,2,2,3,0,0,0,3,0,1,0,0,3,0,2,0,0,2,2,2,1,3,3,2,3,2,2,2,0,2,2,2,2,3,0,2,2,3,0,0,3,0,2,3,3
04/08/2020,2,0,0,0,3,2,1,0,2,0,2,2,2,3,0,0,0,3,0,1,0,0,3,0,2,0,0,2,2,2,3,3,2,2,3,2,2,1,0,2,2,2,1,3,0,2,0,3,0,0,3,0,2,3,3
04/09/2020,2,3,0,3,3,2,0,0,2,0,2,2,0,3,0,0,0,2,0,1,0,0,3,0,2,0,2,0,2,1,3,3,2,2,3,2,2,1,0,1,2,2,1,3,0,2,1,2,0,0,3,0,2,3,3
04/10/2020,2,3,0,3,0,2,0,0,2,0,2,2,2,2,0,0,0,2,0,1,0,0,3,0,2,0,2,0,2,0,3,3,2,2,3,2,2,1,0,1,2,1,1,3,0,2,1,2,0,0,3,0,1,2,3
04/11/2020,2,3,0,3,0,2,0,0,2,0,0,2,2,2,0,0,0,2,0,0,0,0,2,0,2,0,2,0,2,0,0,3,2,2,3,2,2,1,0,1,2,1,1,0,0,2,1,2,0,0,3,0,1,2,3
04/12/2020,2,3,0,3,0,2,0,0,2,0,0,2,0,2,0,0,0,2,0,1,0,0,2,0,2,0,2,0,2,0,0,3,2,2,2,1,2,1,0,1,2,1,0,0,0,2,1,2,0,0,2,0,1,2,0
04/13/2020,2,3,0,3,0,1,0,0,2,3,0,2,0,2,0,0,0,2,0,1,0,0,2,0,1,0,2,0,1,0,0,2,2,2,2,1,2,1,1,1,1,1,1,0,0,1,1,2,0,0,2,0,1,2,0
04/14/2020,2,3,0,2,0,1,0,0,2,3,0,2,0,2,0,0,0,2,0,1,0,0,2,0,1,1,2,0,1,0,0,2,2,2,2,1,2,1,1,1,1,1,0,0,0,1,1,2,0,0,2,0,1,2,0
04/15/2020,2,3,0,2,0,1,0,0,2,3,0,2,2,2,0,0,0,2,0,1,0,0,2,0,1,1,2,0,1,0,0,2,1,1,2,1,1,1,1,1,1,1,1,0,0,0,1,2,0,0,2,0,1,2,0
04/16/2020,2,0,0,0,0,1,0,0,2,3,0,2,2,2,3,0,0,2,0,1,0,0,2,0,1,1,2,0,1,0,0,2,1,1,2,1,1,1,1,1,1,1,0,0,0,1,1,2,0,0,2,0,1,2,0
04/17/2020,1,0,0,2,0,1,0,0,2,0,0,2,2,2,3,0,0,2,0,1,0,0,2,0,1,1,2,0,1,0,0,2,1,1,2,1,1,1,1,1,1,1,0,0,0,1,1,2,0,0,2,0,1,2,0
04/18/2020,1,0,0,2,0,1,0,0,2,0,0,2,2,2,3,0,0,2,0,1,0,0,1,0,1,1,2,0,1,0,0,2,1,1,2,1,1,1,1,1,1,1,0,0,0,1,1,2,0,0,2,0,1,1,0
04/19/2020,1,0,0,2,0,1,0,0,2,0,0,2,2,1,3,0,0,2,0,1,0,0,1,0,0,1,2,0,1,0,0,2,1,1,2,1,1,1,0,1,1,1,0,0,0,1,0,1,0,0,2,0,1,1,0
04/20/2020,1,0,0,0,0,1,0,0,2,0,0,2,1,1,3,0,0,2,0,1,0,0,1,0,0,1,2,0,1,0,0,2,1,1,2,1,1,1,0,1,1,1,0,0,0,1,0,1,0,0,2,0,1,1,0
04/21/2020,1,0,0,0,0,1,0,0,2,0,0,2,1,1,3,0,0,2,0,1,0,0,0,0,0,1,2,0,1,0,0,2,1,1,1,1,1,1,0,1,1,1,0,0,0,1,0,1,0,0,1,0,1,1,0
04/22/2020,1,0,0,0,0,1,0,0,2,0,0,2,1,1,3,0,0,2,0,1,0,0,0,0,0,1,2,0,1,0,0,1,1,1,1,1,1,1,0,1,1,1,0,0,0,1,0,1,0,0,1,0,1,1,0
04/23/2020,1,0,0,0,0,1,0,0,2,0,0,2,1,1,3,0,0,2,0,1,0,0,0,0,0,1,2,0,1,0,0,1,0,1,1,1,1,1,1,1,1,1,0,0,0,1,1,1,0,0,1,0,1,1,0
04/24/2020,1,0,0,0,0,1,0,0,2,0,0,2,0,1,3,0,0,2,0,1,0,3,0,0,0,1,1,0,1,0,0,1,1,0,1,1,1,1,1,1,1,1,0,0,0,0,1,1,0,0,1,0,1,1,0
04/25/2020,1,0,0,0,0,1,0,0,2,0,0,2,0,1,3,0,0,2,0,1,0,0,0,0,0,1,1,0,1,0,0,1,1,0,1,1,1,1,1,1,1,1,0,0,0,0,1,1,0,0,1,0,1,1,0
04/26/2020,1,0,0,0,0,1,0,0,2,0,0,2,0,1,3,0,0,2,0,1,0,0,0,0,0,1,1,0,1,0,0,1,1,0,1,2,1,1,1,1,1,1,0,0,0,0,1,1,0,0,1,0,1,1,0
04/27/2020,1,0,0,0,0,1,0,0,2,0,0,2,1,1,3,0,0,2,0,1,0,0,1,0,1,1,1,0,2,0,0,1,0,0,1,2,1,1,1,1,1,1,0,0,0,1,1,1,0,0,1,0,1,1,0
04/28/2020,1,0,0,0,0,1,0,0,2,0,0,2,1,1,3,0,0,2,0,1,0,0,1,0,1,1,1,0,2,0,0,1,0,1,1,2,1,1,1,1,1,1,0,0,0,1,1,1,0,0,1,0,1,1,0
04/29/2020,1,0,0,0,0,1,0,0,2,0,0,2,0,1,3,0,0,2,0,1,0,3,1,0,1,1,0,0,2,0,0,1,0,0,1,2,1,1,1,1,1,1,0,0,0,1,1,1,0,0,1,0,1,0,0
04/30/2020,1,0,0,0,0,1,0,0,2,0,0,2,0,1,3,0,0,2,0,1,1,3,1,0,1,1,1,0,2,0,0,1,0,0,1,2,1,1,1,1,1,1,0,0,0,1,0,1,0,0,2,0,1,0,0
05/01/2020,1,0,0,0,0,1,0,0,2,0,0,2,0,1,3,0,0,2,0,1,2,0,1,0,1,1,1,0,2,0,0,1,0,0,1,2,1,1,1,1,1,1,0,0,0,1,0,1,0,0,2,0,1,0,0
05/02/2020,1,0,0,0,0,1,0,0,2,0,0,2,0,1,3,0,0,2,0,1,2,0,1,0,1,1,1,0,2,0,0,1,0,0,1,2,1,0,1,1,1,1,0,0,0,1,0,1,0,0,2,0,1,0,0
05/03/2020,1,0,0,0,0,1,0,0,2,0,0,2,0,1,3,0,0,2,0,1,2,0,1,0,1,1,1,0,2,0,0,1,0,0,1,2,1,0,1,1,1,1,0,0,0,1,1,1,0,0,2,0,1,0,0
05/04/2020,1,0,0,0,0,1,0,0,2,0,0,2,0,1,3,0,0,2,0,0,2,0,1,0,0,1,1,0,2,0,0,1,0,0,1,2,1,0,1,1,2,1,0,0,0,1,1,1,0,0,2,0,1,0,0
05/05/2020,1,0,0,0,0,1,0,0,2,0,0,2,0,1,3,0,0,1,0,0,2,0,1,0,0,1,0,0,2,0,0,1,0,0,1,2,1,0,1,1,2,0,0,0,0,1,0,1,0,0,2,0,1,0,0
05/06/2020,1,0,0,0,0,1,0,0,2,0,0,2,0,1,2,0,0,1,0,0,2,3,1,0,0,1,1,0,2,0,0,1,0,0,1,2,1,0,1,1,2,0,0,0,0,1,1,1,0,0,2,0,1,0,0
05/07/2020,1,0,0,0,0,1,0,0,2,0,0,2,0,1,2,0,0,1,2,0,2,3,1,0,1,1,1,0,2,0,0,1,0,0,1,2,1,0,1,1,2,0,0,0,0,1,1,1,0,0,2,0,1,0,0
05/08/2020,1,0,0,0,0,1,0,0,2,0,0,2,0,1,2,0,0,1,2,0,2,3,1,0,1,0,1,0,2,0,0,1,0,0,1,2,1,0,1,1,2,0,0,0,0,1,1,1,0,0,2,0,1,0,0
05/09/2020,1,0,0,0,0,1,0,0,2,0,0,2,0,1,2,0,0,1,2,0,2,3,1,0,1,1,0,0,2,0,0,1,0,0,2,1,1,0,0,1,2,0,0,0,0,1,1,1,0,0,2,0,1,0,0
05/10/2020,1,0,0,0,0,1,0,0,2,0,0,2,0,1,2,0,0,1,2,0,2,3,1,0,1,1,0,0,2,0,0,1,0,0,2,1,1,0,0,1,2,0,0,0,0,1,1,1,0,1,2,0,1,0,0
05/11/2020,1,0,0,0,0,1,0,0,2,0,0,2,0,1,2,0,0,1,2,1,0,2,1,0,1,1,0,0,2,0,0,1,0,0,2,1,1,0,1,1,2,0,0,0,0,1,1,1,0,1,2,0,1,0,0
05/12/2020,1,0,0,0,0,1,0,0,2,0,2,2,0,1,2,0,0,1,2,1,0,2,1,0,1,1,0,0,2,0,0,1,0,1,2,1,1,0,1,1,2,0,0,0,0,1,1,1,0,1,2,0,1,0,0
05/13/2020,1,0,0,0,0,1,0,0,2,3,2,2,0,1,2,0,0,1,2,1,0,0,1,0,1,1,0,0,2,0,0,1,0,1,2,1,1,1,1,1,2,0,0,0,0,1,1,1,0,1,2,0,1,0,1
05/14/2020,1,0,0,0,0,1,0,0,2,3,2,2,0,1,2,0,0,1,0,1,0,0,1,0,1,1,0,0,2,0,0,1,0,1,2,1,1,1,1,1,2,0,0,0,0,1,1,1,0,1,2,0,1,0,0
05/15/2020,1,0,0,0,0,1,0,0,2,3,2,2,0,1,1,0,0,1,0,1,0,0,1,0,1,1,0,0,2,0,0,1,0,1,2,1,1,1,1,1,2,0,0,0,0,1,1,1,0,1,2,0,1,0,0
05/16/2020,1,0,0,0,0,1,3,0,2,3,2,2,0,1,2,0,0,1,0,1,0,0,1,0,1,1,1,0,1,0,0,1,0,1,2,1,1,1,1,1,2,0,0,0,0,1,1,1,0,1,2,0,1,0,0
05/17/2020,1,0,0,0,0,1,3,0,2,3,2,2,0,1,2,0,0,1,0,2,0,0,1,0,1,1,1,0,1,0,0,1,0,2,2,1,1,1,1,1,2,0,0,0,0,1,1,1,0,1,1,0,1,0,1
05/18/2020,1,0,0,0,0,1,3,0,2,3,2,2,0,1,1,0,0,1,0,2,0,0,1,0,1,1,1,0,1,0,0,1,0,2,2,1,1,1,1,1,1,0,1,0,0,1,1,1,0,3,1,0,1,0,1
05/19/2020,1,0,0,0,0,1,3,0,2,3,2,2,0,1,1,0,0,1,1,2,0,0,1,0,1,1,1,0,1,0,0,1,0,2,2,1,1,1,1,1,1,0,0,0,0,1,1,1,0,0,1,0,2,0,0
05/20/2020,1,0,0,0,0,1,3,0,1,3,2,3,0,1,1,0,0,1,1,2,0,0,1,0,0,1,1,0,1,0,0,1,0,2,2,1,1,1,0,1,1,0,1,0,0,1,1,1,0,0,1,0,2,0,0
05/21/2020,2,0,0,0,0,1,3,0,1,3,2,3,0,1,2,0,0,1,1,2,0,0,1,0,0,1,1,0,1,0,0,1,0,2,1,1,1,1,0,1,1,0,1,0,0,1,1,1,0,0,1,0,2,0,0
05/22/2020,2,0,0,0,3,1,3,0,1,2,2,3,0,1,2,0,0,1,1,2,0,1,1,0,0,1,1,0,1,0,0,1,0,2,1,1,1,1,0,1,1,1,2,0,0,1,1,1,0,0,1,0,1,0,0
05/23/2020,2,0,0,0,3,1,3,0,1,2,2,3,0,1,2,0,0,1,1,2,0,1,1,0,0,1,1,0,1,0,0,1,0,2,1,1,1,1,0,1,1,1,2,0,0,1,1,1,0,0,1,0,1,0,0
05/24/2020,2,0,0,0,3,1,3,0,1,2,2,3,0,2,2,0,1,1,1,2,0,1,1,0,0,1,1,0,1,0,0,1,0,2,1,1,1,1,0,1,1,1,2,0,0,1,1,1,0,0,1,0,1,0,0
05/25/2020,2,0,0,0,3,1,3,0,1,0,2,3,0,2,3,0,1,2,0,2,0,1,1,0,0,1,1,0,1,0,0,1,0,2,1,1,1,1,0,1,1,1,2,0,0,0,1,1,0,0,1,0,1,0,0
05/26/2020,2,0,0,0,3,1,3,0,1,0,0,3,0,2,3,0,1,2,0,2,0,1,1,0,0,1,1,0,1,0,0,1,0,2,1,1,1,1,0,1,1,1,2,0,0,0,1,1,0,0,1,0,1,0,0
05/27/2020,2,0,0,0,0,1,3,2,1,0,1,3,0,2,3,3,1,2,2,2,0,1,1,0,0,2,1,0,1,0,0,1,0,2,1,1,1,2,0,1,1,1,1,0,0,0,1,1,0,0,1,0,1,2,0
05/28/2020,2,0,0,0,0,1,3,2,1,2,1,3,0,2,2,3,1,2,2,2,0,1,1,0,0,2,1,0,1,0,0,1,0,2,1,1,1,2,0,1,1,1,1,0,0,0,1,1,0,0,1,0,1,2,0
05/29/2020,2,0,0,0,0,1,3,2,1,2,0,3,0,2,2,3,1,2,2,2,0,1,1,0,0,2,1,0,1,0,0,2,0,2,1,1,1,0,0,1,1,1,0,0,0,0,1,1,0,0,1,0,1,2,0
05/30/2020,2,0,0,0,0,1,3,2,1,1,0,3,0,2,2,3,1,2,2,2,0,1,1,0,0,2,2,0,1,2,0,2,2,2,1,1,1,0,0,1,1,1,1,0,0,0,1,1,0,0,1,0,1,2,0
05/31/2020,2,0,0,0,0,1,2,2,1,1,0,3,0,2,3,3,0,2,2,1,0,1,1,0,1,2,2,0,1,2,0,2,2,2,1,1,1,2,0,1,1,1,1,0,0,0,1,1,0,0,1,0,1,2,0
06/01/2020,2,0,2,0,3,1,2,2,1,1,0,3,0,2,3,3,0,2,2,1,0,1,1,0,1,2,2,0,1,2,0,2,2,2,1,1,1,2,0,1,1,1,0,0,0,1,1,1,0,0,1,0,1,0,0
06/02/2020,1,0,0,0,3,2,2,2,1,1,0,3,0,2,3,2,0,2,2,1,0,1,1,0,1,2,0,3,1,2,0,2,2,2,1,1,1,2,0,1,1,1,0,0,0,1,1,2,0,0,1,0,1,0,0
06/03/2020,1,0,0,0,3,2,2,2,1,1,0,3,0,2,3,2,0,2,2,1,0,1,1,0,1,2,2,3,1,2,0,2,2,2,1,1,1,2,0,1,1,1,0,0,0,1,1,2,0,0,1,0,1,0,0
06/04/2020,1,0,2,0,3,2,1,1,1,1,0,3,0,2,3,2,0,2,2,1,0,0,1,0,1,2,2,3,1,2,0,2,2,2,1,1,1,2,1,1,1,1,0,0,0,1,1,2,0,0,1,0,1,0,0
06/05/2020,1,0,2,3,3,2,1,1,1,1,1,3,0,2,3,2,0,2,2,1,0,0,1,0,1,2,2,3,1,2,0,2,2,2,1,1,1,3,1,1,1,1,0,0,0,1,1,2,0,3,1,0,1,0,0
06/06/2020,1,0,2,3,3,2,1,1,1,1,1,3,0,2,3,2,0,2,2,1,0,0,1,0,1,2,2,3,1,2,0,2,2,2,1,1,1,3,1,1,1,1,0,0,0,1,1,2,0,3,2,0,1,0,0
06/07/2020,1,0,2,3,3,2,1,1,2,1,1,5,0,2,3,2,0,2,2,1,0,0,1,0,0,2,2,3,1,2,0,2,2,2,1,1,1,3,1,1,1,1,0,0,0,1,1,2,0,3,2,0,1,0,0
06/08/2020,1,0,2,3,0,2,0,0,2,1,1,3,0,2,3,2,2,2,2,1,0,0,1,0,0,2,2,3,1,2,0,2,2,2,1,1,1,3,1,1,1,1,0,0,3,1,1,2,0,3,2,0,2,0,0
06/09/2020,1,0,2,3,0,2,0,1,2,1,0,3,3,2,3,0,2,2,2,2,0,0,1,0,0,2,2,0,1,2,0,2,2,1,1,1,1,3,1,1,1,1,0,0,3,1,1,2,0,3,2,3,2,0,0
06/10/2020,1,0,1,3,0,2,0,0,2,1,0,3,3,2,3,0,2,2,2,2,0,0,1,0,0,2,2,0,1,2,0,2,2,1,1,1,1,3,1,1,2,1,1,0,3,1,1,2,0,3,2,0,2,0,0
06/11/2020,1,0,0,3,0,2,0,0,2,2,0,3,3,2,3,0,2,2,2,2,0,0,1,0,0,2,2,0,1,2,0,2,2,1,2,1,1,3,1,1,2,2,1,0,3,1,1,2,0,3,2,0,2,2,0
06/12/2020,1,0,0,3,0,2,0,0,2,2,0,5,3,2,3,0,2,2,2,2,0,0,1,0,0,2,2,0,1,2,0,2,2,1,2,1,1,3,2,1,2,2,1,0,3,1,1,2,0,0,2,0,2,2,0
06/13/2020,1,0,0,3,0,2,0,0,2,2,0,5,3,2,2,0,2,2,2,2,0,0,2,0,0,2,2,0,1,2,0,2,2,1,2,1,1,3,2,1,2,2,1,0,3,1,1,2,2,0,2,0,2,2,0
06/14/2020,1,0,0,3,0,2,0,0,2,2,0,5,3,2,2,0,2,2,2,2,0,0,2,0,0,2,2,0,1,2,0,2,2,1,2,1,1,2,2,1,2,2,1,0,3,2,1,2,2,0,2,0,2,2,0
06/15/2020,1,0,0,3,0,2,0,0,2,2,0,5,3,1,2,0,0,2,2,2,0,2,2,0,0,2,2,0,1,2,0,2,2,1,2,1,1,2,2,1,2,2,1,0,3,2,1,2,2,0,2,0,2,2,0
06/16/2020,1,0,1,3,0,2,0,0,2,2,0,5,0,1,2,0,0,2,2,2,0,2,2,0,0,2,2,3,1,2,0,2,2,1,2,2,1,2,2,1,2,2,1,0,3,2,1,2,2,0,2,0,2,2,0
06/17/2020,1,0,1,3,0,2,0,0,2,2,0,5,3,1,2,0,0,2,2,2,3,2,2,0,0,2,2,3,2,2,0,2,2,1,2,2,1,2,2,1,2,2,1,0,3,2,1,2,2,0,2,0,2,2,1
06/18/2020,1,0,1,0,0,2,0,1,2,2,0,5,3,1,3,0,0,2,2,2,3,2,2,0,0,2,2,3,2,2,0,2,2,2,2,2,1,2,2,1,2,2,1,2,3,2,1,2,3,0,2,0,2,2,0
06/19/2020,1,0,1,0,0,2,0,1,2,2,0,5,3,1,3,1,0,2,2,3,3,2,2,0,0,2,1,3,2,2,0,2,2,2,2,2,1,2,2,1,2,2,1,2,3,2,2,2,3,0,2,0,2,2,0
06/20/2020,1,3,1,0,0,2,0,1,2,2,0,3,3,1,3,1,0,2,2,3,3,2,2,0,0,2,1,3,2,2,0,2,2,2,2,2,1,2,2,1,2,2,1,2,3,2,2,2,3,0,2,0,2,2,2
06/21/2020,1,3,1,0,0,2,0,1,2,2,0,3,3,1,3,1,0,2,2,3,3,2,2,0,0,2,1,3,2,2,3,2,2,2,2,2,1,2,2,1,2,2,1,2,3,2,2,2,3,0,2,0,2,2,2
06/22/2020,1,3,2,0,0,2,0,1,2,2,0,3,3,1,2,0,0,2,2,3,0,2,2,0,3,2,1,3,2,2,3,2,2,2,2,2,1,2,2,1,2,2,1,2,3,2,2,2,3,0,2,0,2,2,2
06/23/2020,2,3,2,0,3,2,0,2,2,2,0,3,3,1,3,2,3,2,2,3,3,2,2,0,3,2,1,3,2,2,3,2,2,2,2,2,1,2,2,1,2,2,1,2,3,2,2,2,2,0,2,2,2,2,2
06/24/2020,2,3,2,0,3,2,0,2,2,2,2,5,3,1,3,2,3,2,2,3,3,2,2,0,3,2,1,3,2,2,0,2,2,2,2,2,1,2,2,1,2,2,2,2,3,2,2,2,2,0,2,2,2,2,2
06/25/2020,2,3,2,0,3,2,0,2,2,2,2,5,3,1,3,2,3,2,2,3,3,2,2,0,3,2,1,3,2,2,0,2,3,1,2,2,2,2,2,1,2,2,2,2,3,2,2,2,2,0,2,2,2,2,2
06/26/2020,2,3,2,2,3,2,0,2,2,2,2,5,3,1,2,2,5,2,2,3,3,2,2,0,3,2,1,2,2,2,0,2,3,1,2,2,2,2,2,2,2,2,2,2,2,2,2,2,2,0,2,2,2,2,2
06/27/2020,2,3,2,2,3,2,2,2,2,2,2,5,2,1,2,2,5,2,2,3,3,2,2,0,3,2,1,2,2,2,0,2,3,1,2,2,2,2,2,2,2,2,2,2,2,2,2,2,2,0,2,2,2,2,3
06/28/2020,2,3,2,2,3,2,2,2,2,2,2,5,2,1,2,2,5,2,2,3,3,2,2,0,3,2,1,2,2,2,0,2,3,1,2,2,2,2,2,2,2,2,2,2,2,3,2,2,2,0,2,2,2,2,3
06/29/2020,2,3,2,2,3,2,2,2,2,3,2,5,2,1,3,2,5,2,2,3,3,2,2,0,0,2,1,2,2,2,0,2,3,1,2,2,2,2,2,2,2,2,2,2,2,3,2,2,2,0,2,2,2,2,3
06/30/2020,2,3,2,0,3,2,2,2,2,2,2,5,2,1,2,2,5,2,2,3,3,2,2,0,0,2,1,2,2,2,0,2,3,2,2,2,2,2,2,2,2,2,2,2,2,3,2,2,2,0,2,2,2,2,3
07/01/2020,2,3,2,2,3,2,2,2,2,2,2,5,2,2,3,2,5,2,2,3,3,1,2,0,0,2,2,2,2,2,3,2,3,2,2,2,2,2,2,2,2,2,2,2,2,3,2,2,2,0,2,2,2,2,3
07/02/2020,2,3,2,2,3,2,2,2,2,2,2,5,2,2,3,2,3,2,2,3,3,1,2,0,0,2,2,2,2,2,3,3,2,2,2,2,2,3,2,2,2,2,2,2,2,3,2,2,2,0,3,2,2,2,3
07/03/2020,2,3,2,2,3,2,2,2,2,2,0,5,2,2,3,2,3,2,2,3,3,1,2,0,2,2,2,2,2,2,3,3,2,2,2,2,2,3,2,2,2,2,2,2,2,3,2,2,2,0,3,2,2,2,3
07/04/2020,2,3,2,2,3,2,2,2,2,2,2,5,2,2,3,2,3,3,2,3,3,1,2,0,2,2,2,1,3,2,3,3,2,2,2,2,2,3,2,2,2,2,2,2,2,3,2,2,1,0,3,2,2,2,3
07/05/2020,2,3,2,2,3,2,2,2,2,2,2,5,2,2,3,2,2,2,2,3,3,1,2,0,2,2,2,1,3,2,3,3,2,2,2,2,2,3,2,2,2,2,2,1,2,2,2,3,1,0,3,2,2,2,3
07/06/2020,2,3,2,2,3,2,2,2,3,2,2,5,2,2,3,2,2,2,2,3,3,1,3,0,2,2,2,1,3,2,3,3,2,2,2,2,2,3,2,2,3,2,2,1,2,2,2,3,1,0,3,2,2,2,3
07/07/2020,2,3,2,2,3,2,2,2,3,1,2,5,2,2,3,2,2,2,2,3,3,1,3,0,2,2,2,1,3,2,3,3,2,2,2,2,2,3,2,2,3,2,2,1,0,2,2,3,1,0,3,2,2,2,2
07/08/2020,2,2,2,2,3,2,2,2,3,2,2,3,1,2,3,2,2,2,3,3,3,1,3,0,2,2,2,1,3,2,3,3,2,2,3,2,2,3,2,2,2,2,2,1,0,2,2,3,1,0,3,2,2,2,2
07/09/2020,2,2,2,2,2,2,2,2,3,2,2,3,1,2,3,2,2,2,3,3,3,2,3,0,2,2,2,1,3,2,3,3,2,2,3,2,2,3,2,2,2,2,2,1,0,2,2,3,1,0,3,2,2,2,2
07/10/2020,2,2,2,2,3,2,2,2,3,2,1,3,1,2,3,2,2,2,3,2,2,2,3,0,2,2,2,1,3,2,3,3,2,2,2,2,2,3,2,2,2,2,2,1,0,2,2,3,1,0,3,2,2,2,2
07/11/2020,2,2,2,2,3,2,2,2,3,2,1,3,1,2,3,2,2,2,3,2,2,2,3,0,2,2,2,1,2,2,0,2,2,2,3,2,2,3,2,2,2,2,2,1,2,2,2,3,1,0,3,2,2,2,2
07/12/2020,2,2,2,2,2,2,2,2,3,2,1,3,1,2,3,1,3,3,3,3,2,2,3,0,2,2,1,1,2,2,0,3,2,2,3,2,2,3,2,2,2,2,2,1,2,2,2,3,1,0,3,2,2,2,2
07/13/2020,2,2,2,2,3,2,2,2,3,2,1,3,1,2,3,1,5,3,3,3,2,2,3,0,2,2,1,1,3,2,2,3,2,2,3,2,2,3,2,2,2,2,2,1,2,2,2,3,1,0,3,2,2,2,2
07/14/2020,2,2,2,2,3,2,2,2,3,2,1,3,1,2,3,1,5,3,2,3,2,2,3,0,3,2,1,1,3,2,2,3,2,2,3,2,2,3,2,2,2,2,2,1,2,2,2,3,1,0,3,1,2,2,2
07/15/2020,2,2,2,2,3,2,2,1,2,2,1,3,1,2,3,1,5,3,2,3,2,2,3,0,3,2,2,1,2,2,2,3,2,2,3,2,2,3,2,2,2,2,2,1,2,2,2,3,1,0,3,1,2,2,2
07/16/2020,2,2,2,1,3,2,2,1,2,2,1,3,0,2,3,1,5,3,3,3,2,2,3,0,3,2,2,1,3,2,2,3,2,2,3,2,2,3,2,2,2,2,2,1,2,2,2,3,1,0,3,1,2,2,2
07/17/2020,2,2,2,1,3,2,2,1,2,2,1,3,1,3,3,1,5,3,3,3,2,2,3,0,3,2,2,1,3,2,2,2,2,2,3,2,2,3,2,2,3,2,2,1,2,2,2,3,1,0,3,1,2,2,2
07/18/2020,2,2,2,1,3,2,2,1,2,2,1,3,1,3,3,1,5,3,3,3,2,2,3,0,3,2,2,1,2,1,2,2,2,2,3,2,2,3,2,1,3,2,2,1,0,2,2,3,1,0,3,1,2,2,2
07/19/2020,2,2,2,1,3,2,2,1,3,3,1,3,1,3,3,1,5,3,2,3,2,2,3,0,3,2,2,1,2,2,2,2,2,2,3,2,2,3,2,1,3,2,2,1,0,2,2,3,1,0,3,1,2,2,2
07/20/2020,2,2,2,1,3,2,2,1,3,2,1,3,1,3,3,1,3,3,2,2,2,2,3,0,3,2,2,1,2,2,2,2,2,2,3,2,2,2,2,1,3,2,2,1,2,2,2,3,1,0,3,1,2,2,2
07/21/2020,1,2,2,1,3,2,2,1,3,3,1,3,1,3,3,1,3,3,2,2,2,2,3,0,3,2,2,1,2,2,2,2,2,2,3,2,2,3,2,1,3,1,2,1,2,2,2,3,1,0,3,1,2,2,2
07/22/2020,1,2,2,1,3,2,2,1,3,3,1,3,1,5,3,1,2,3,3,2,2,2,3,0,3,2,2,1,2,2,2,3,2,2,3,2,2,3,2,1,2,2,2,1,2,2,1,3,1,0,3,1,2,2,2
07/23/2020,2,2,2,1,3,2,2,1,3,3,1,3,1,5,3,1,3,3,3,2,2,2,3,0,3,2,2,1,2,2,2,3,2,2,3,2,2,3,2,2,2,2,2,1,2,2,1,3,1,3,3,1,2,2,2
07/24/2020,2,2,2,1,3,2,2,1,3,3,1,3,0,5,3,1,3,3,3,2,2,2,3,0,3,3,2,1,2,2,1,3,2,2,3,2,2,3,2,2,2,2,2,1,2,2,2,3,1,3,3,2,2,2,2
07/25/2020,2,2,2,1,3,2,2,1,3,2,1,3,1,5,3,1,3,3,3,2,2,2,3,0,3,3,2,1,2,2,1,3,2,2,3,2,2,3,2,2,2,2,2,1,2,2,2,3,1,3,3,2,2,2,2
07/26/2020,1,2,2,1,3,2,2,1,3,2,1,3,1,5,3,1,2,3,3,2,2,2,3,0,3,3,2,1,2,2,1,3,2,2,3,2,2,3,2,1,2,2,2,1,2,2,2,3,1,3,3,2,2,2,2
07/27/2020,2,2,2,1,3,2,2,1,3,3,1,3,1,5,3,1,2,2,3,2,2,2,3,0,3,2,2,1,2,2,1,3,2,2,3,2,2,3,2,2,3,2,2,1,2,2,2,3,1,3,3,1,2,2,2
07/28/2020,2,2,2,1,3,2,2,1,3,3,1,3,1,5,3,1,2,2,3,2,2,2,3,0,3,3,2,1,2,2,1,3,2,2,3,2,2,3,2,1,2,1,1,1,2,2,2,3,2,3,3,1,2,2,2
07/29/2020,2,2,2,1,3,2,2,1,3,3,1,3,1,5,3,1,3,3,3,2,2,2,3,1,3,2,2,1,2,2,1,2,2,2,3,2,2,3,2,1,2,1,1,1,2,2,2,3,2,3,3,1,2,2,2
07/30/2020,2,2,2,1,3,2,2,1,3,3,1,3,1,5,3,1,3,3,3,3,2,2,3,1,3,2,2,1,2,2,1,2,2,2,3,2,2,3,2,1,2,1,2,1,2,2,2,3,2,3,3,1,2,2,2
07/31/2020,1,2,2,1,3,2,0,1,3,3,1,3,2,5,3,1,3,3,3,3,2,2,3,1,3,2,2,1,2,2,1,2,2,2,3,2,2,3,2,1,2,1,2,1,2,2,2,3,2,3,3,1,2,2,2
08/01/2020,1,2,2,1,3,2,0,1,3,3,1,3,2,3,3,1,3,3,3,3,2,1,3,1,3,2,2,1,2,2,1,2,2,3,2,2,2,3,2,1,2,2,2,1,2,2,2,3,1,3,3,1,2,2,2
08/02/2020,2,2,2,1,3,2,0,1,3,3,1,3,2,3,3,1,3,3,3,3,2,1,3,1,3,3,2,1,2,1,1,2,2,3,2,2,2,3,2,1,2,2,2,1,2,2,2,3,2,3,3,1,2,2,2
08/03/2020,2,2,2,1,3,2,1,1,3,3,1,2,2,3,3,1,3,3,3,2,2,1,3,1,3,3,2,1,2,1,1,2,2,3,3,2,2,2,2,2,2,2,2,1,2,2,2,3,2,3,3,1,2,2,2
08/04/2020,2,2,1,1,3,2,1,1,3,2,1,3,2,3,3,1,3,2,3,2,2,2,3,1,3,3,2,1,2,1,1,2,1,2,3,2,2,2,2,2,2,2,2,1,2,2,2,3,1,3,3,1,2,2,2
08/05/2020,2,2,1,1,3,2,1,1,3,2,1,2,2,3,3,1,2,2,2,2,2,2,3,1,2,3,2,1,2,1,1,2,1,2,2,2,2,2,2,1,2,2,2,1,2,2,2,2,1,3,3,1,2,2,2
08/06/2020,1,2,1,1,3,2,1,1,3,2,1,2,2,3,3,1,2,2,3,2,1,2,3,3,2,2,2,1,2,1,0,2,1,2,2,2,2,2,2,1,2,2,1,1,1,2,2,2,1,3,3,1,2,2,2
08/07/2020,1,2,2,1,3,2,1,1,3,2,1,2,2,3,1,1,2,2,3,2,1,2,3,3,2,2,2,1,2,1,0,2,1,2,2,2,2,2,2,1,2,2,1,1,1,2,2,2,1,3,3,1,2,2,2
08/08/2020,2,2,2,1,3,2,1,1,3,2,1,2,3,3,1,1,2,2,2,2,1,2,3,3,2,2,2,1,2,1,0,2,1,2,2,2,2,2,2,2,2,2,1,1,1,2,2,2,1,0,3,1,2,2,2
08/09/2020,2,2,2,1,3,2,1,1,3,2,1,2,3,3,0,1,3,2,2,2,1,2,3,3,1,2,2,1,2,2,1,2,1,2,2,2,2,2,2,2,1,1,1,1,1,2,2,2,1,0,3,1,2,2,3
08/10/2020,2,2,2,1,3,2,1,1,3,2,1,2,3,3,0,1,3,2,3,2,1,2,3,3,2,2,2,1,2,2,1,2,2,2,2,2,2,2,2,2,1,2,1,1,1,2,2,3,1,0,3,1,2,2,3
08/11/2020,2,2,2,1,3,2,1,1,3,3,1,2,3,3,3,1,2,2,3,2,1,2,3,3,2,2,2,1,2,2,1,3,2,2,2,2,2,2,2,2,1,2,1,1,1,2,2,3,2,0,3,1,2,2,3
08/12/2020,2,2,2,1,3,2,1,1,3,3,1,2,3,3,3,1,3,2,3,2,1,2,3,3,2,2,2,1,2,2,1,3,2,2,3,2,2,2,2,2,1,2,1,1,1,2,2,3,2,0,3,1,2,2,2
08/13/2020,2,2,2,1,3,2,1,1,3,3,1,2,3,3,3,1,3,2,3,2,1,2,3,3,1,3,2,1,2,2,1,3,2,2,3,2,2,3,2,2,1,2,1,1,1,2,2,3,2,3,3,1,2,2,3
08/14/2020,2,2,2,2,3,2,1,1,3,3,1,2,3,3,5,2,3,2,3,2,1,2,3,0,1,3,2,1,2,2,1,3,3,2,3,1,2,3,2,2,2,2,1,1,1,2,2,3,2,3,3,1,2,2,3
08/15/2020,2,2,2,2,3,2,1,1,3,3,1,2,3,3,5,2,3,2,3,2,1,2,3,0,1,3,2,1,2,2,1,3,3,3,3,1,2,3,2,2,2,2,1,1,1,2,2,3,2,3,3,1,2,2,3
08/16/2020,2,2,2,2,3,3,1,1,3,3,1,2,3,3,5,2,2,2,3,2,1,2,3,0,1,3,2,1,2,2,1,3,3,3,3,1,2,3,2,2,2,2,2,1,1,2,2,3,2,3,3,1,2,2,2
08/17/2020,2,2,2,2,2,2,1,1,3,2,1,2,3,3,5,1,1,2,3,2,1,2,3,0,1,3,2,1,2,2,1,3,2,2,3,1,2,3,2,2,2,2,2,1,1,2,2,3,2,3,3,1,2,2,2
08/18/2020,2,1,2,1,2,2,1,1,3,2,1,3,2,3,3,1,1,2,3,2,1,2,3,0,1,3,2,1,2,1,1,3,2,2,3,1,2,3,2,2,2,2,2,1,1,2,2,3,1,3,3,1,2,2,2
08/19/2020,2,1,2,1,2,2,1,1,3,2,1,3,2,3,3,1,1,2,3,2,1,2,3,0,1,3,2,1,2,1,1,3,2,2,3,1,2,3,2,2,2,2,2,1,1,2,3,3,1,3,3,1,1,2,2
08/20/2020,2,1,2,1,2,2,1,1,3,2,1,3,3,3,3,1,1,2,3,1,1,2,3,0,1,3,2,1,2,1,1,2,2,3,3,1,2,3,2,2,2,2,1,1,1,2,2,3,2,3,3,1,1,2,2
08/21/2020,2,1,2,1,2,2,1,1,3,2,1,3,3,3,3,1,1,2,3,1,1,2,3,0,1,3,2,1,2,1,1,2,2,2,3,1,2,2,2,2,2,2,2,1,1,2,2,3,2,3,3,1,2,2,2
08/22/2020,2,1,2,1,2,2,1,1,3,2,1,3,2,3,3,1,0,2,3,1,1,2,3,0,1,3,1,1,2,1,1,2,2,3,3,1,2,2,2,2,2,2,2,1,1,2,2,2,2,3,3,1,1,2,2
08/23/2020,2,1,2,1,2,2,1,1,3,2,1,3,2,2,3,1,0,2,3,1,1,2,3,0,1,3,1,1,2,1,1,2,2,3,2,1,1,2,2,2,2,1,1,1,1,2,2,2,2,3,3,1,1,2,2
08/24/2020,2,1,2,1,2,2,1,1,3,2,1,3,2,2,3,1,0,2,3,1,1,2,3,0,0,2,2,1,2,1,1,2,2,3,2,1,1,2,1,1,2,2,1,1,1,2,2,2,2,3,3,1,2,2,2
08/25/2020,2,1,2,2,1,2,1,1,3,1,1,2,2,2,3,1,1,2,3,1,1,2,3,0,1,2,2,1,2,1,1,2,2,3,2,1,1,2,2,2,2,2,2,1,1,2,3,2,2,3,3,1,2,2,2
08/26/2020,2,1,2,2,2,2,1,1,3,2,1,2,2,2,3,1,1,2,3,1,1,2,3,0,0,2,1,1,2,1,1,2,2,3,2,1,1,3,2,1,2,1,1,1,1,2,2,2,2,2,3,1,2,2,2
08/27/2020,2,1,2,2,2,2,1,1,3,1,1,2,2,2,3,1,1,2,2,2,1,2,2,0,0,2,2,1,2,1,1,2,2,3,2,1,1,2,2,1,2,1,1,1,1,2,2,3,2,2,2,1,2,1,2
08/28/2020,2,1,2,2,2,2,1,1,3,1,1,2,2,2,3,1,1,2,3,2,1,2,2,0,0,2,1,1,2,1,1,2,2,3,2,1,1,2,2,1,2,1,1,1,1,2,2,3,2,2,2,1,2,1,2
08/29/2020,1,1,2,2,2,2,1,1,3,1,1,2,2,2,2,1,1,2,3,2,1,2,2,3,0,2,1,1,2,1,1,2,2,3,2,1,1,2,2,2,2,1,1,1,1,2,2,3,2,2,2,1,2,1,2
08/30/2020,2,1,2,2,2,2,1,1,2,1,1,2,2,2,3,1,1,2,3,2,1,2,2,3,0,2,1,1,2,1,1,2,2,3,2,1,1,3,2,2,2,1,1,1,1,2,2,3,2,2,2,1,2,2,1
08/31/2020,2,1,2,2,2,2,1,1,2,1,1,3,2,2,3,1,1,2,3,2,1,1,2,3,0,2,1,1,2,1,1,2,2,3,2,1,1,3,2,1,2,1,1,1,1,1,2,3,1,2,2,1,2,2,1
09/01/2020,2,1,3,2,2,2,1,1,2,1,1,3,2,2,3,1,0,2,3,2,1,2,2,3,0,2,1,1,1,1,1,2,2,3,2,1,1,2,2,1,1,1,1,1,1,2,2,3,1,2,2,1,2,2,2
09/02/2020,2,1,3,2,2,2,1,1,2,2,1,2,2,2,3,1,0,2,3,2,1,1,2,3,0,2,1,1,1,1,0,2,2,3,2,1,1,2,2,1,2,2,2,1,1,1,2,3,1,2,2,1,1,2,2
09/03/2020,2,1,3,2,2,2,1,1,2,2,1,2,2,2,3,1,0,2,3,2,1,2,2,3,0,2,1,1,2,1,0,2,2,3,2,1,1,3,2,1,2,2,2,1,1,1,2,2,1,1,2,1,2,2,2
09/04/2020,1,2,3,2,2,2,1,1,2,2,1,3,2,2,3,1,1,2,3,2,1,2,2,3,0,2,1,1,2,1,0,2,2,3,2,1,1,3,1,1,2,2,2,1,1,1,2,2,1,1,2,1,2,2,2
09/05/2020,2,2,3,2,2,2,1,1,2,2,1,3,2,2,3,1,1,2,3,2,0,2,2,3,0,2,1,1,2,1,1,2,2,2,2,1,1,2,1,2,2,2,2,1,1,1,2,2,1,1,2,1,1,2,2
09/06/2020,1,2,3,2,2,1,1,1,2,2,1,3,2,2,3,1,1,2,3,2,0,2,2,3,0,2,1,1,2,1,1,2,2,2,2,2,1,2,1,2,2,2,2,1,1,1,2,2,1,1,2,1,1,2,2
09/07/2020,1,2,3,2,2,1,0,1,2,2,1,3,2,2,3,1,1,2,2,2,0,2,2,3,0,2,1,1,2,1,1,1,2,2,2,1,1,2,1,1,1,2,1,0,1,1,2,2,1,0,2,1,1,1,2
09/08/2020,1,2,2,1,2,1,0,1,2,3,1,3,2,2,3,1,1,1,2,1,0,2,2,3,0,2,1,1,1,1,1,1,2,2,2,1,1,2,1,1,2,1,1,1,1,1,2,2,1,0,2,1,2,1,2
09/09/2020,1,2,2,1,2,1,0,1,2,2,1,3,0,2,3,1,1,1,2,1,0,2,2,3,0,2,1,1,1,1,1,1,2,2,2,1,1,2,1,1,2,1,1,1,1,1,2,2,1,0,2,1,1,1,2
09/10/2020,1,2,2,1,2,1,1,1,2,3,1,3,1,2,3,1,1,1,2,1,0,1,2,3,0,2,1,1,1,1,1,1,1,2,2,1,1,2,1,1,1,1,1,1,1,1,2,2,1,1,2,1,1,1,2
09/11/2020,1,1,2,1,2,1,1,1,2,3,1,2,1,2,3,1,1,1,2,1,0,1,2,3,0,2,1,1,1,1,1,1,2,2,2,1,1,2,1,1,1,1,1,1,1,1,2,2,1,1,2,1,1,1,2
09/12/2020,1,1,2,1,2,1,1,1,2,3,1,2,1,1,3,1,1,1,2,1,0,1,2,3,0,2,1,1,1,1,0,1,2,2,1,1,1,2,1,1,1,1,1,1,1,1,2,2,1,1,2,1,1,1,2
09/13/2020,1,1,2,1,2,2,1,1,2,2,1,2,1,2,3,1,1,1,2,1,0,1,2,3,0,2,1,1,1,1,0,1,2,2,1,1,1,2,1,1,1,1,1,1,1,1,2,2,1,1,2,1,1,1,2
09/14/2020,1,1,2,1,2,1,1,1,2,2,1,2,1,2,3,1,1,1,2,1,0,1,2,3,0,2,1,1,1,1,0,2,2,1,1,1,1,2,1,2,1,1,1,1,1,1,2,2,1,1,2,1,1,1,2
09/15/2020,1,1,2,1,2,1,1,1,1,2,1,3,1,2,2,1,1,1,2,1,0,1,2,2,0,2,1,1,1,1,0,1,1,1,1,1,1,2,1,1,1,1,1,1,1,1,1,2,1,1,2,1,1,1,2
09/16/2020,1,1,2,1,1,1,1,1,1,2,1,3,1,2,2,2,2,1,2,1,0,1,2,2,0,2,1,1,1,1,1,1,2,2,1,1,1,2,1,1,1,1,1,1,1,1,1,1,1,1,2,1,1,1,2
09/17/2020,1,1,1,1,1,1,1,1,1,2,1,2,1,2,3,2,2,1,2,1,0,1,2,2,0,2,1,1,1,1,1,1,2,2,1,1,1,2,1,1,1,1,1,1,1,1,1,2,1,1,2,1,1,1,2
09/18/2020,1,1,1,1,2,1,2,1,2,2,1,2,0,2,2,2,2,1,2,1,0,1,2,2,0,2,1,1,1,1,1,1,2,2,1,1,1,2,1,1,1,1,1,2,1,1,2,2,1,1,2,1,1,1,2
09/19/2020,1,1,1,1,2,1,2,1,1,2,1,2,1,2,2,2,2,1,2,1,0,2,2,2,3,2,1,1,1,1,1,1,2,2,2,1,1,2,1,1,1,1,1,2,1,1,1,1,1,1,2,1,1,1,2
09/20/2020,1,1,1,1,2,1,2,1,1,2,1,2,0,2,3,2,2,1,2,1,0,2,2,2,3,2,1,1,1,1,1,1,2,2,2,1,1,2,1,1,1,1,1,2,1,1,2,1,1,1,2,1,1,1,2
09/21/2020,1,1,1,1,2,1,2,1,1,2,1,2,0,2,3,2,2,1,2,1,0,2,2,1,3,2,1,1,1,1,1,1,2,2,2,1,1,1,1,1,1,1,2,2,1,1,2,1,1,1,2,1,1,1,1
09/22/2020,1,1,1,1,2,1,2,1,1,2,1,2,0,2,3,2,2,2,2,1,0,2,2,1,3,2,1,1,1,1,1,1,2,2,2,1,1,1,1,1,1,1,1,2,1,1,2,1,1,1,2,1,1,1,1
09/23/2020,1,1,1,1,2,1,2,1,1,2,0,2,0,2,3,2,2,2,2,1,0,2,1,1,3,2,1,1,1,1,1,1,2,2,2,1,1,1,1,1,1,1,1,2,1,1,2,1,1,0,2,1,1,1,1
09/24/2020,1,1,1,1,2,1,2,1,1,2,1,2,0,2,3,2,2,2,2,1,0,2,1,1,3,2,1,1,1,1,1,1,1,2,2,1,1,1,1,1,1,1,1,2,1,1,2,1,2,0,2,1,1,1,1
09/25/2020,1,1,1,1,2,1,2,1,1,2,1,2,1,1,3,2,2,2,2,1,0,2,1,1,0,2,1,1,1,1,1,1,1,2,2,1,1,1,1,1,1,1,1,2,1,1,1,1,2,0,1,1,1,1,1
09/26/2020,1,1,1,1,2,1,2,1,1,2,1,2,1,1,3,2,2,2,2,1,0,2,1,1,0,2,1,1,1,1,1,1,1,2,2,1,1,1,1,1,1,1,1,2,1,1,2,1,2,0,2,1,1,1,1
09/27/2020,1,1,1,1,2,1,2,1,1,2,1,2,1,1,3,2,2,1,2,1,0,2,1,1,0,2,1,1,1,1,0,1,1,2,2,1,1,1,1,1,1,1,1,2,1,1,2,1,2,1,2,1,1,1,1
09/28/2020,1,1,1,1,1,1,0,1,1,2,1,2,1,1,2,2,2,1,2,1,0,2,1,1,0,2,1,1,1,1,0,1,1,1,2,1,1,1,1,1,1,1,1,2,0,1,1,1,2,1,2,0,1,1,1
09/29/2020,1,1,1,1,1,1,2,1,1,2,1,2,1,1,2,2,2,2,2,1,0,2,1,1,0,2,1,1,1,1,0,1,1,1,2,1,1,1,1,1,1,1,1,2,0,1,2,1,2,1,2,0,1,1,1
09/30/2020,1,1,1,1,1,1,2,1,1,2,1,2,1,1,2,2,2,1,2,1,0,2,1,1,2,2,1,1,1,1,0,1,1,1,2,1,1,1,1,1,1,1,1,2,0,1,2,1,2,1,2,0,1,1,1
10/01/2020,1,1,1,1,1,1,2,1,1,2,1,2,2,1,2,2,2,1,2,1,0,2,1,1,2,2,1,1,1,1,0,1,1,1,2,1,1,1,1,1,1,1,1,2,0,1,1,1,2,2,2,0,1,1,1
10/02/2020,1,1,1,1,1,1,2,1,1,2,1,2,2,1,2,1,0,1,2,1,0,2,1,1,2,2,1,1,1,1,0,2,1,1,2,1,1,1,1,1,1,1,1,2,0,1,2,1,2,2,2,0,1,1,1
10/03/2020,1,1,1,1,1,1,2,1,1,2,1,2,2,1,2,1,2,1,2,1,0,2,1,0,2,2,1,1,1,1,0,2,1,1,2,1,1,1,1,1,1,1,1,2,0,1,2,1,2,2,2,0,1,1,1
10/04/2020,1,2,1,1,1,1,2,1,1,2,1,2,2,1,2,1,2,1,2,1,0,2,1,0,2,2,1,1,1,1,0,2,1,1,2,1,1,1,1,1,1,1,1,2,0,1,2,1,2,0,2,0,1,1,1
10/05/2020,1,2,1,1,1,1,2,1,1,2,1,2,2,1,2,1,2,1,2,1,0,2,1,0,2,2,1,1,1,1,0,2,1,1,2,1,1,1,1,1,1,1,1,2,1,1,2,1,2,2,2,1,1,1,1
10/06/2020,1,2,1,1,1,1,2,1,1,1,1,2,2,1,2,1,2,1,2,1,0,2,1,0,2,2,1,1,1,1,0,1,1,1,2,1,1,1,1,1,1,1,1,2,1,1,2,1,2,2,2,1,1,1,1
10/07/2020,1,2,1,1,1,1,2,1,1,1,1,2,2,1,2,1,2,2,2,1,0,2,1,0,2,2,1,1,1,1,0,1,1,1,2,1,1,1,1,1,1,1,1,2,1,1,2,1,2,2,2,1,1,1,1
10/08/2020,1,2,1,1,1,1,2,1,1,2,1,2,2,1,3,1,2,2,2,1,0,1,1,1,2,2,1,1,1,1,1,2,1,1,2,1,1,1,1,1,1,1,1,2,1,1,2,1,2,2,2,1,1,1,1
10/09/2020,1,2,1,1,1,1,2,1,1,2,1,2,2,1,3,1,2,2,1,1,0,1,1,1,2,2,1,1,1,1,1,2,1,1,2,1,1,1,1,1,1,1,1,3,1,1,2,1,2,2,2,1,1,1,1
10/10/2020,1,2,1,1,1,1,2,1,1,2,1,1,2,1,3,1,2,2,1,1,0,1,1,1,1,2,1,1,1,1,1,2,1,1,2,1,1,1,1,1,1,1,1,2,1,1,2,1,2,2,2,1,1,1,1
10/11/2020,1,2,1,1,1,1,2,1,1,2,1,1,2,1,2,1,2,2,1,1,0,1,1,1,1,1,1,1,1,1,1,2,1,1,2,1,1,1,1,1,1,1,1,3,2,1,2,1,2,2,2,1,1,1,1
10/12/2020,1,2,1,1,1,1,2,1,1,2,1,2,2,1,2,1,2,2,1,1,0,1,1,1,1,1,1,1,1,1,1,1,1,1,2,1,1,1,1,1,1,1,1,3,2,1,2,1,2,2,2,2,1,1,1
10/13/2020,1,2,1,0,1,1,2,1,1,2,1,2,2,1,2,1,2,2,1,1,0,1,1,1,1,2,1,1,1,1,1,1,1,1,2,1,1,1,1,1,1,1,1,3,2,1,2,1,2,2,2,2,1,1,1
10/14/2020,1,2,1,0,1,1,2,1,1,2,1,2,1,1,2,1,2,2,1,1,0,1,1,1,1,2,1,1,1,1,1,2,1,1,2,1,1,0,1,1,1,1,1,3,2,1,2,1,2,0,2,2,1,1,1
10/15/2020,1,2,1,0,1,1,2,1,1,1,1,2,1,1,2,1,0,2,1,1,0,1,1,2,1,2,1,1,1,1,1,1,1,1,2,1,1,1,1,1,1,1,1,3,2,1,2,1,2,2,2,2,1,1,1
10/16/2020,1,2,1,0,1,1,2,1,1,1,1,2,1,1,2,1,0,2,1,1,0,1,1,2,1,2,1,1,1,1,1,1,1,1,2,1,1,1,1,1,1,1,1,3,2,1,2,1,2,2,1,2,1,1,1
10/17/2020,1,2,1,0,1,1,1,1,1,1,1,2,1,1,1,1,2,1,1,1,0,1,1,2,1,2,1,1,1,2,1,1,1,1,2,1,1,1,1,1,1,1,1,2,2,1,2,1,2,2,1,2,1,1,1
10/18/2020,1,2,1,0,1,1,1,1,1,1,1,2,1,1,1,1,2,1,1,1,0,1,1,2,1,2,1,1,1,2,0,1,1,1,2,1,1,1,1,1,1,1,1,2,2,1,2,1,2,2,1,2,1,1,1
10/19/2020,1,2,1,0,1,1,1,1,1,1,1,2,2,1,1,1,2,1,2,1,0,1,2,2,1,2,1,1,1,2,0,2,1,1,2,1,1,1,1,1,1,1,1,2,0,2,2,1,2,2,1,2,1,1,1
10/20/2020,1,2,1,2,1,1,1,1,1,1,1,2,2,1,1,1,2,1,2,1,0,1,1,2,1,2,1,1,1,2,0,2,1,1,2,1,1,2,1,1,1,1,1,2,2,1,2,1,2,2,2,2,1,1,1
10/21/2020,1,2,1,2,1,1,1,1,1,1,1,2,1,1,1,1,2,1,2,1,0,1,1,0,1,2,1,1,1,2,2,2,1,1,2,1,1,2,1,1,1,1,1,2,2,1,2,1,2,2,2,2,1,1,1
10/22/2020,1,2,1,2,1,1,1,1,1,1,1,2,1,1,1,1,2,1,2,1,0,1,1,0,1,2,1,1,1,2,2,2,1,1,2,1,1,2,1,1,1,1,1,2,2,1,2,1,2,2,2,2,1,1,1
10/23/2020,1,2,1,2,1,1,1,1,1,1,1,2,1,1,1,1,2,1,2,1,0,1,1,0,1,2,1,1,1,2,2,2,1,1,2,1,1,2,1,1,1,1,1,2,2,1,2,2,3,2,2,2,1,1,1
10/24/2020,1,2,1,2,1,1,1,1,1,1,1,2,2,1,1,1,2,2,2,1,0,1,1,2,2,2,1,1,1,2,2,2,1,1,2,1,1,2,1,1,1,1,1,2,2,1,2,2,3,2,2,2,1,1,1
10/25/2020,1,2,1,2,1,1,1,1,1,1,1,2,2,1,1,1,2,2,2,1,0,1,1,2,2,2,1,1,1,2,2,2,2,1,2,1,1,2,1,1,1,1,1,2,2,2,2,2,2,2,2,2,1,1,1
10/26/2020,1,2,1,2,1,1,1,1,1,1,1,2,1,1,1,1,2,2,2,1,0,1,1,2,2,1,1,1,1,2,2,2,2,1,2,1,1,2,1,1,1,1,1,2,2,2,2,2,2,2,2,2,1,1,1
10/27/2020,2,2,1,2,1,1,1,1,2,2,1,2,1,1,1,1,2,2,2,1,0,1,1,2,2,2,1,1,1,2,2,2,2,1,2,1,2,2,1,1,1,1,1,2,2,2,2,2,2,2,2,2,1,1,1
10/28/2020,2,2,1,2,1,1,1,1,2,2,0,2,2,1,2,1,2,2,2,1,3,1,2,2,2,2,1,1,1,2,2,2,2,1,2,1,2,2,1,1,1,1,1,2,2,2,2,2,2,2,2,2,1,1,1
10/29/2020,2,2,1,2,2,1,1,1,1,2,0,2,2,1,2,1,2,2,2,1,3,1,2,2,3,2,1,1,1,2,2,2,2,1,2,2,2,2,1,1,1,1,1,2,2,2,2,2,2,2,2,2,1,1,1
10/30/2020,2,2,1,2,2,1,1,1,2,2,0,2,2,1,2,1,2,2,2,1,3,1,2,2,3,2,1,1,1,2,2,2,2,1,2,2,2,2,1,1,1,2,1,2,2,2,2,2,2,2,2,2,1,1,2
10/31/2020,1,2,1,2,2,2,1,1,2,2,0,2,2,1,2,1,2,2,2,1,3,1,2,2,3,2,1,1,1,2,2,2,2,1,2,2,2,2,1,1,1,2,1,2,3,2,2,2,2,2,2,2,1,1,2
11/01/2020,1,2,1,2,2,2,2,1,2,2,0,2,2,2,3,1,2,2,2,1,3,1,2,3,3,2,2,1,1,2,2,2,2,1,2,2,2,1,2,1,1,2,1,2,3,2,2,2,2,2,2,2,2,1,2
11/02/2020,1,2,1,2,2,2,2,1,2,2,1,2,2,2,3,1,2,2,1,1,3,1,2,3,3,2,2,1,1,2,2,2,2,1,2,2,2,1,2,1,1,2,1,2,2,2,2,2,2,2,2,2,2,1,2
11/03/2020,1,2,1,2,2,2,2,1,2,2,1,2,2,2,3,1,3,2,1,1,3,1,2,3,3,2,2,1,1,2,2,2,2,1,2,2,2,1,2,1,1,2,1,3,2,2,2,2,2,2,2,2,2,1,2
11/04/2020,1,2,1,2,2,2,2,1,2,2,1,2,2,2,3,1,3,2,1,1,0,1,2,3,5,2,2,1,1,2,2,2,2,1,2,2,2,1,2,2,1,2,1,3,2,2,2,2,2,2,2,2,2,2,2
11/05/2020,2,2,1,2,2,2,2,2,2,2,1,2,1,2,3,1,3,2,1,1,0,1,2,3,5,2,2,2,2,2,2,2,2,1,2,2,2,2,2,2,1,2,2,3,2,2,2,2,2,2,2,2,2,2,2
11/06/2020,2,2,1,2,2,2,2,2,2,2,2,3,1,2,3,1,3,2,1,1,0,1,2,3,5,2,2,2,2,2,2,2,2,1,2,2,2,1,2,2,1,2,2,3,2,2,2,2,2,2,2,2,2,2,2
11/07/2020,2,2,1,2,2,2,2,2,2,2,2,3,1,2,3,1,3,2,1,1,3,2,2,2,5,2,2,2,2,2,2,2,2,2,2,2,2,2,2,2,1,2,2,3,2,2,2,2,2,2,2,2,2,2,2
11/08/2020,2,2,1,2,2,2,2,2,2,2,2,3,1,2,3,1,3,2,1,1,3,1,2,3,5,2,2,2,2,2,2,2,2,2,2,2,2,2,2,2,1,2,2,3,2,2,2,2,2,2,2,2,2,2,2
11/09/2020,2,2,2,2,2,2,2,2,2,1,2,2,1,2,3,1,3,2,1,1,3,1,2,2,5,2,2,2,2,2,2,2,2,1,2,2,2,2,2,2,1,2,2,3,2,2,2,2,2,2,2,2,2,2,2
11/10/2020,2,1,2,2,2,2,2,2,2,2,2,3,1,2,3,1,3,2,2,1,2,1,2,2,5,2,2,2,2,2,2,2,2,2,3,2,2,2,2,2,2,2,2,3,2,2,2,2,2,2,2,2,2,2,2
11/11/2020,2,1,2,2,2,2,2,2,2,2,2,3,1,2,3,1,3,2,2,1,2,1,2,2,5,2,2,2,2,2,2,2,2,2,3,2,2,2,2,2,2,2,2,3,2,2,2,2,2,3,2,3,2,2,2
11/12/2020,2,1,2,2,2,2,2,2,2,2,2,3,1,2,3,1,3,2,2,1,2,1,2,2,5,2,2,2,2,2,2,2,2,2,3,2,2,2,2,2,2,2,2,3,2,2,2,2,2,3,2,3,2,2,2
11/13/2020,2,2,2,2,2,2,2,2,2,2,2,3,1,2,3,1,5,2,2,1,2,1,2,3,5,2,3,2,2,2,2,2,2,2,3,2,2,2,2,2,2,2,2,3,3,2,2,2,2,2,2,3,2,2,2
11/14/2020,2,2,2,2,2,2,2,2,2,2,2,3,2,2,3,1,5,2,2,2,2,1,2,2,5,2,3,2,2,2,3,2,2,2,3,2,2,2,2,2,2,2,2,3,3,2,2,2,3,3,2,3,2,2,2
11/15/2020,2,2,2,2,2,2,2,2,2,3,2,3,1,2,3,1,5,2,2,2,3,2,2,2,5,2,2,2,2,2,3,2,2,2,3,2,2,2,2,2,2,2,2,3,3,2,2,3,3,3,2,3,2,2,2
11/16/2020,2,2,2,2,2,2,2,2,2,3,2,3,1,2,3,1,5,3,2,2,3,2,2,2,5,2,2,3,2,2,2,2,3,2,3,2,2,2,2,2,2,2,2,3,3,2,2,3,3,2,2,3,2,2,2
11/17/2020,2,2,2,2,2,2,2,2,2,3,2,3,1,2,3,1,5,3,2,2,3,2,2,3,5,2,2,3,2,2,2,3,2,3,3,2,2,2,2,2,2,2,2,3,3,2,2,3,3,2,2,3,2,2,3
11/18/2020,2,2,2,2,2,2,2,2,2,3,2,3,1,2,3,1,5,3,2,2,3,2,3,2,3,2,3,3,2,2,3,3,3,3,3,3,2,3,3,2,2,2,2,3,3,2,2,3,3,2,3,3,2,2,3
11/19/2020,2,2,2,2,2,2,2,2,2,3,2,3,1,2,3,1,5,3,2,2,3,2,3,2,3,3,2,2,2,2,3,3,3,3,3,2,2,2,3,2,2,2,2,3,3,2,2,3,3,3,2,3,2,2,3
11/20/2020,2,2,2,2,3,2,2,2,3,3,2,3,1,3,3,1,5,3,3,2,3,2,3,3,3,3,3,3,2,2,3,3,3,3,3,3,2,2,3,2,2,2,2,3,3,2,2,3,3,3,2,3,3,2,3
11/21/2020,2,2,2,2,3,2,3,2,3,3,2,5,0,3,3,2,5,3,3,2,3,2,3,3,3,3,3,3,2,2,3,3,3,3,3,3,2,2,3,2,2,2,2,3,3,2,2,3,3,3,2,3,3,2,3
11/22/2020,2,2,2,2,3,2,3,2,3,3,2,5,2,3,3,2,5,3,3,2,3,2,3,3,3,3,3,3,2,2,3,3,3,3,3,3,2,2,3,2,2,2,3,3,3,2,2,3,3,3,3,3,3,2,3
11/23/2020,2,2,2,2,3,2,2,2,3,2,2,5,2,3,3,2,5,3,3,2,3,2,3,3,2,3,3,3,3,2,3,3,3,3,3,3,2,2,3,2,2,2,2,3,3,3,2,3,3,3,3,3,3,3,3
11/24/2020,2,2,2,2,3,2,3,2,3,3,2,5,2,3,3,2,5,3,3,2,3,3,3,3,2,3,3,3,3,2,3,3,3,3,3,3,2,2,3,2,2,2,3,5,3,3,2,3,3,3,3,3,3,3,3
11/25/2020,2,2,2,2,3,2,3,2,3,3,2,5,2,3,3,2,5,3,3,2,3,3,3,3,3,3,3,3,3,2,3,3,3,3,3,3,2,3,3,2,2,2,3,5,3,3,2,3,3,3,3,3,3,3,3
11/26/2020,2,2,2,2,3,2,3,3,3,3,2,5,3,3,3,2,5,3,3,2,3,2,3,3,3,3,3,3,3,2,3,3,3,3,3,3,2,2,2,2,2,2,3,5,3,2,2,3,3,3,3,3,3,3,3
11/27/2020,2,2,2,2,3,2,3,3,3,3,2,5,3,3,3,2,5,3,3,2,3,3,3,3,3,3,3,2,3,2,2,3,3,3,3,3,2,2,3,2,2,2,2,3,3,2,2,3,3,3,3,3,3,3,3
11/28/2020,2,2,2,2,3,2,2,3,3,3,2,5,3,3,5,2,5,3,3,2,2,3,3,3,3,3,3,2,3,2,2,3,3,3,3,3,2,2,3,2,2,2,3,3,3,2,2,3,3,3,3,3,3,3,3
11/29/2020,2,2,2,2,3,2,3,3,3,3,2,5,2,3,5,2,5,3,3,2,2,3,3,3,3,3,3,3,3,3,2,3,3,3,3,3,2,2,3,2,2,3,3,3,3,3,2,3,3,3,3,3,2,3,3
11/30/2020,2,3,2,2,3,2,3,3,3,3,2,5,2,3,5,2,5,3,3,2,2,3,3,3,3,3,3,3,3,2,2,3,3,3,3,3,2,2,3,2,2,3,3,3,3,3,2,3,3,3,3,3,3,3,3
12/01/2020,2,3,2,2,3,2,2,3,3,3,2,3,2,3,5,2,5,3,3,2,2,3,3,3,3,3,2,3,3,2,2,3,3,3,3,3,2,2,2,2,2,3,3,3,3,3,3,3,3,3,3,3,3,3,3
12/02/2020,2,3,2,2,3,2,2,3,3,3,2,3,2,3,5,2,5,3,3,2,2,3,3,3,3,3,3,3,3,2,2,3,3,3,3,3,2,2,2,2,2,3,3,3,3,3,3,3,3,3,3,3,3,3,3
12/03/2020,2,3,2,2,3,2,3,3,3,3,2,3,2,3,5,2,5,3,3,2,2,3,3,3,3,3,3,3,3,3,3,3,3,3,3,3,2,3,3,2,2,3,3,3,3,3,3,3,3,3,3,3,3,3,3
12/04/2020,2,3,2,3,3,3,3,3,3,3,2,3,3,3,5,2,5,3,3,2,2,2,3,2,2,3,3,3,3,3,3,3,3,3,3,3,2,3,2,3,2,3,3,3,3,3,3,3,3,3,3,3,3,3,5
12/05/2020,2,5,2,3,3,3,3,3,3,3,2,3,3,3,5,2,5,3,3,2,2,3,3,2,3,3,3,3,3,3,3,3,3,3,5,3,2,3,2,2,2,3,3,3,3,3,3,3,3,2,3,3,3,3,3
12/06/2020,3,5,2,3,5,3,3,3,3,3,2,3,3,3,3,3,5,5,3,2,2,3,3,2,3,3,3,3,3,3,3,3,3,3,5,3,2,3,2,3,2,3,3,3,3,3,3,3,3,2,3,3,3,3,3
12/07/2020,3,5,3,3,3,3,3,3,3,3,2,3,3,3,5,3,5,5,3,2,2,3,5,3,5,3,3,3,3,3,3,3,3,3,5,3,2,3,3,3,2,3,3,3,3,3,3,3,3,3,3,3,3,3,5
12/08/2020,3,5,3,3,5,3,5,3,3,3,2,5,2,3,5,3,5,5,3,2,2,3,5,2,5,3,3,3,3,3,3,5,3,3,5,3,3,3,3,3,3,3,3,3,3,3,3,3,3,3,3,3,3,3,5
12/09/2020,3,5,3,3,5,3,3,3,3,3,2,5,2,3,5,3,5,5,3,2,2,3,5,3,5,3,3,3,3,3,3,5,3,3,5,3,3,3,3,3,3,3,3,5,3,3,3,5,3,3,5,5,3,3,3
12/10/2020,3,5,3,3,5,3,3,3,3,3,2,5,3,5,5,3,5,5,5,2,2,3,5,3,5,3,3,3,3,3,3,5,3,3,5,3,3,3,3,3,3,3,3,5,3,3,3,5,3,3,5,5,3,3,5
12/11/2020,3,5,3,3,5,3,3,3,3,3,2,5,3,5,5,3,5,5,5,2,2,3,5,5,3,3,3,3,3,3,3,5,3,3,5,3,3,3,3,3,3,3,3,5,3,3,3,5,5,3,5,5,3,3,5
12/12/2020,3,5,3,3,5,3,3,3,3,3,2,5,3,5,5,3,5,5,5,2,2,3,5,5,5,3,3,3,3,3,3,5,3,3,5,3,3,3,3,3,3,3,3,5,3,3,3,5,5,3,5,5,3,3,5
12/13/2020,3,5,3,3,5,3,3,3,3,3,2,5,3,5,5,3,5,5,5,2,2,3,5,5,5,3,3,3,3,3,3,5,3,3,5,3,3,3,3,3,3,3,3,5,3,3,3,5,3,3,5,5,3,3,5
12/14/2020,3,5,3,3,5,3,3,3,3,3,2,5,3,5,5,3,5,5,5,2,2,3,3,5,5,3,3,3,5,3,3,5,3,3,5,3,3,3,3,3,3,3,3,5,3,3,3,5,5,3,5,5,3,3,5
12/15/2020,3,5,3,3,5,3,3,3,3,3,2,5,3,5,5,3,5,5,5,2,2,3,3,5,5,3,3,3,5,3,3,5,3,3,5,3,3,3,3,3,3,3,3,5,3,3,3,5,3,2,5,5,3,3,3
12/16/2020,3,5,3,3,5,3,3,3,3,3,2,5,3,5,5,3,5,5,5,3,2,3,3,3,5,3,3,3,5,3,3,5,3,5,5,3,3,3,3,3,3,3,3,5,3,3,3,5,3,2,5,5,3,3,5
12/17/2020,3,5,3,3,5,3,3,3,5,3,2,5,3,5,5,3,5,5,5,3,2,3,3,3,5,5,3,3,5,3,3,5,3,5,5,3,3,5,3,3,3,3,3,3,3,3,3,5,3,2,5,5,5,3,5
12/18/2020,3,5,3,3,5,3,3,3,5,3,2,5,3,5,5,3,5,5,5,3,2,3,5,3,5,5,3,3,5,5,3,5,3,5,5,5,3,5,3,3,3,3,3,3,3,3,3,5,3,2,5,5,5,3,5
12/19/2020,3,5,3,3,5,3,3,3,5,3,2,5,3,5,5,3,5,5,5,3,2,3,5,2,5,5,3,3,5,3,3,5,3,5,5,5,3,5,3,3,3,3,3,3,3,3,3,5,3,2,5,5,5,3,5
12/20/2020,3,5,3,3,5,3,3,3,5,3,2,5,5,5,5,3,5,5,5,3,2,3,5,2,5,5,3,3,5,3,3,5,3,5,5,5,3,5,3,3,3,3,3,3,3,5,3,5,3,2,5,5,5,3,5
12/21/2020,3,5,3,3,5,3,3,3,5,3,2,5,5,5,5,3,5,5,5,3,2,3,5,1,5,5,3,3,5,3,3,5,3,5,5,5,3,5,3,3,3,3,3,3,3,5,3,5,3,2,5,5,5,3,5
12/22/2020,3,3,3,5,5,3,3,3,5,3,2,5,5,5,5,3,5,5,5,3,2,3,5,1,5,5,3,3,5,3,3,5,3,5,5,5,3,5,3,3,3,3,3,3,3,5,3,5,3,3,5,5,5,3,5
12/23/2020,3,3,3,3,5,3,3,3,5,3,2,5,5,5,5,3,5,5,5,3,2,3,5,1,5,5,3,3,5,3,3,5,3,5,5,5,3,5,3,3,3,3,3,3,3,5,3,5,3,2,5,5,5,3,5
12/24/2020,3,5,3,3,5,3,3,3,5,3,2,5,3,5,5,3,5,5,5,3,2,3,5,3,5,5,3,3,5,3,3,5,3,5,5,5,3,5,3,3,3,3,3,3,2,5,3,5,3,3,5,5,5,3,5
12/25/2020,3,5,3,3,5,3,3,3,5,3,2,5,3,5,5,3,5,5,5,3,2,3,5,3,5,5,3,3,5,3,3,5,3,5,5,3,3,5,3,3,3,3,3,3,2,3,3,5,3,3,5,5,5,3,3
12/26/2020,3,5,3,3,5,3,3,3,5,3,2,5,3,5,5,3,5,5,5,3,3,3,5,3,5,5,3,3,5,3,3,5,3,5,5,5,3,5,3,3,3,3,3,3,2,3,3,5,3,2,5,5,5,3,3
12/27/2020,3,5,3,3,5,3,3,3,5,3,2,5,3,5,5,3,5,5,5,3,2,3,5,3,5,5,3,3,5,3,3,5,3,5,5,5,3,5,3,3,3,3,3,3,2,3,3,3,3,2,5,5,5,3,3
12/28/2020,3,5,3,3,5,3,3,3,5,3,2,5,3,5,5,3,5,5,5,3,2,3,5,3,5,5,3,3,5,3,3,5,3,5,5,5,3,5,3,3,3,3,3,3,2,3,3,3,3,2,5,3,5,3,3
12/29/2020,3,5,3,3,5,3,3,3,5,3,2,5,3,5,5,3,5,5,5,3,2,2,5,3,3,5,3,3,5,3,3,5,3,5,5,5,3,5,3,3,3,3,3,3,2,3,3,3,3,2,5,3,5,3,3
12/30/2020,3,5,3,3,5,3,3,3,5,3,2,5,3,5,5,3,5,5,5,2,2,3,5,5,5,5,3,3,5,3,3,5,3,5,5,5,3,5,3,3,3,3,3,3,2,3,3,3,3,2,5,3,5,3,3
12/31/2020,3,5,3,3,5,3,3,3,3,3,2,3,3,5,5,3,5,5,5,2,3,3,5,3,3,5,3,3,5,3,2,5,3,5,5,5,3,5,3,3,3,3,3,3,3,3,3,3,3,2,5,3,5,3,3
01/01/2021,3,5,3,3,5,3,3,3,3,3,2,3,3,5,5,3,5,5,5,3,3,3,5,3,3,5,3,3,5,3,2,5,3,5,5,5,3,5,3,3,3,3,3,3,3,3,3,3,3,2,5,3,5,3,3
01/02/2021,3,5,3,3,5,3,3,3,3,3,2,5,3,5,5,3,5,5,5,3,3,3,5,3,3,5,3,3,5,3,2,5,3,5,5,5,3,5,3,3,3,5,3,3,3,3,3,5,3,2,5,3,5,3,3
01/03/2021,3,5,3,3,3,3,3,3,5,3,2,5,3,5,5,3,5,5,5,3,3,3,5,3,3,5,3,3,5,3,2,5,3,5,5,5,3,5,5,3,3,3,3,3,3,3,3,5,3,2,5,3,5,3,3
01/04/2021,3,5,3,3,5,3,2,3,5,3,3,5,3,5,5,3,5,5,5,3,3,3,5,3,3,5,3,3,5,3,2,5,3,5,5,5,3,3,3,3,3,3,3,3,3,5,3,5,3,2,5,3,5,3,3
01/05/2021,3,5,3,3,3,3,3,3,5,5,3,5,3,5,5,3,5,5,5,3,3,3,5,3,3,5,3,3,5,3,2,5,3,5,5,5,3,5,5,3,3,3,3,3,3,5,3,5,3,2,5,3,5,3,3
01/06/2021,3,5,3,3,5,3,2,3,5,5,2,5,3,5,5,3,5,5,5,3,3,3,5,3,3,5,3,3,5,3,3,5,3,5,5,5,3,5,5,3,5,3,3,3,3,5,3,5,3,2,5,3,5,3,5
01/07/2021,3,5,3,3,5,3,2,3,5,5,2,5,3,5,5,3,5,5,5,3,3,3,5,3,3,5,3,3,5,3,3,5,3,5,5,5,3,5,5,3,5,3,3,3,3,5,3,5,3,1,5,3,5,3,5
01/08/2021,3,5,3,3,5,3,2,3,5,5,3,5,3,5,5,3,5,5,5,3,3,3,5,3,3,5,3,3,5,3,3,5,3,5,5,5,3,5,5,3,5,3,3,3,3,5,3,5,3,1,5,3,5,3,5
01/09/2021,3,5,3,3,5,3,2,3,5,5,3,5,3,5,5,3,5,5,5,3,3,3,5,3,3,5,3,3,5,3,3,5,3,5,5,5,3,5,5,3,5,3,3,3,3,5,3,5,3,1,5,3,5,3,5
